== Camera HAL device device@1.1/vendor_qti/4 (v1.3) static information: ==
  Resource cost: 33
  Conflicting devices: None
  API1 info:
    Has a flash unit: false
    Facing: Front
    Orientation: 270
  API2 camera characteristics:
    Dumping camera metadata array: 207 / 207 entries, 239032 / 239032 bytes of extra data.
      Version: 1, Flags: 00000000
      com.oplus.vendor.tag.count (81170016): int32[1]
        [1436 ]
      com.oplus.vendor.tag.names (81170017): byte[183808]
        [111 114 103 46 99 111 100 101 97 117 114 111 114 97 46 113 ]
        [99 97 109 101 114 97 51 46 105 110 116 101 114 110 97 108 ]
        [95 112 114 105 118 97 116 101 46 112 114 105 118 97 116 101 ]
        [95 112 114 111 112 101 114 116 121 59 111 114 103 46 99 111 ]
        [100 101 97 117 114 111 114 97 46 113 99 97 109 101 114 97 ]
        [51 46 83 87 80 68 80 67 46 101 110 97 98 108 101 83 ]
        [87 80 68 80 67 59 111 114 103 46 99 111 100 101 97 117 ]
        [114 111 114 97 46 113 99 97 109 101 114 97 51 46 104 118 ]
        [120 77 70 72 68 82 77 111 100 101 46 104 118 120 77 70 ]
        [72 68 82 83 117 112 112 111 114 116 101 100 59 111 114 103 ]
        [46 113 117 105 99 46 99 97 109 101 114 97 50 46 115 116 ]
        [97 116 115 99 111 110 102 105 103 115 46 68 105 103 105 116 ]
        [97 108 71 97 105 110 67 111 110 116 114 111 108 59 111 114 ]
        [103 46 113 117 105 99 46 99 97 109 101 114 97 50 46 115 ]
        [116 97 116 115 99 111 110 102 105 103 115 46 65 87 66 87 ]
        [97 114 109 115 116 97 114 116 71 97 105 110 59 111 114 103 ]
        [46 113 117 105 99 46 99 97 109 101 114 97 50 46 115 116 ]
        [97 116 115 99 111 110 102 105 103 115 46 65 87 66 87 97 ]
        [114 109 115 116 97 114 116 67 67 84 59 111 114 103 46 113 ]
        [117 105 99 46 99 97 109 101 114 97 50 46 115 116 97 116 ]
        [115 99 111 110 102 105 103 115 46 65 87 66 70 114 97 109 ]
        [101 67 111 110 116 114 111 108 82 71 97 105 110 59 111 114 ]
        [103 46 113 117 105 99 46 99 97 109 101 114 97 50 46 115 ]
        [116 97 116 115 99 111 110 102 105 103 115 46 65 87 66 70 ]
        [114 97 109 101 67 111 110 116 114 111 108 71 71 97 105 110 ]
        [59 111 114 103 46 113 117 105 99 46 99 97 109 101 114 97 ]
        [50 46 115 116 97 116 115 99 111 110 102 105 103 115 46 65 ]
        [87 66 70 114 97 109 101 67 111 110 116 114 111 108 66 71 ]
        [97 105 110 59 111 114 103 46 113 117 105 99 46 99 97 109 ]
        [101 114 97 50 46 115 116 97 116 115 99 111 110 102 105 103 ]
        [115 46 65 87 66 70 114 97 109 101 67 111 110 116 114 111 ]
        [108 67 67 84 59 111 114 103 46 113 117 105 99 46 99 97 ]
        [109 101 114 97 50 46 115 116 97 116 115 99 111 110 102 105 ]
        [103 115 46 65 87 66 68 101 99 105 115 105 111 110 65 102 ]
        [116 101 114 84 67 59 111 114 103 46 113 117 105 99 46 99 ]
        [97 109 101 114 97 50 46 115 116 97 116 115 99 111 110 102 ]
        [105 103 115 46 72 105 115 116 78 111 100 101 76 84 67 82 ]
        [97 116 105 111 73 110 100 101 120 59 111 114 103 46 113 117 ]
        [105 99 46 99 97 109 101 114 97 50 46 115 116 97 116 115 ]
        [99 111 110 102 105 103 115 46 65 69 67 83 116 97 114 116 ]
        [85 112 83 101 110 115 105 116 105 118 105 116 121 59 111 114 ]
        [103 46 113 117 105 99 46 99 97 109 101 114 97 50 46 115 ]
        [116 97 116 115 99 111 110 102 105 103 115 46 65 69 67 83 ]
        [101 110 115 105 116 105 118 105 116 121 59 111 114 103 46 113 ]
        [117 105 99 46 99 97 109 101 114 97 50 46 115 116 97 116 ]
        [115 99 111 110 102 105 103 115 46 65 69 67 69 120 112 111 ]
        [115 117 114 101 84 105 109 101 59 111 114 103 46 113 117 105 ]
        [99 46 99 97 109 101 114 97 50 46 115 116 97 116 115 99 ]
        [111 110 102 105 103 115 46 65 69 67 76 105 110 101 97 114 ]
        [71 97 105 110 59 111 114 103 46 113 117 105 99 46 99 97 ]
        [109 101 114 97 50 46 115 116 97 116 115 99 111 110 102 105 ]
        [103 115 46 65 69 67 76 117 120 73 110 100 101 120 59 111 ]
        [114 103 46 113 117 105 99 46 99 97 109 101 114 97 50 46 ]
        [115 116 97 116 115 99 111 110 102 105 103 115 46 77 117 108 ]
        [116 105 67 97 109 101 114 97 51 65 83 121 110 99 84 121 ]
        [112 101 59 111 114 103 46 113 117 105 99 46 99 97 109 101 ]
        [114 97 50 46 115 116 97 116 115 99 111 110 102 105 103 115 ]
        [46 105 115 65 70 76 111 99 107 59 111 114 103 46 113 117 ]
        [105 99 46 99 97 109 101 114 97 50 46 115 116 97 116 115 ]
        [99 111 110 102 105 103 115 46 114 97 116 105 111 76 111 110 ]
        [103 116 111 83 104 111 114 116 59 111 114 103 46 113 117 105 ]
        [99 46 99 97 109 101 114 97 50 46 115 116 97 116 115 99 ]
        [111 110 102 105 103 115 46 114 97 116 105 111 76 111 110 103 ]
        [116 111 83 97 102 101 59 111 114 103 46 113 117 105 99 46 ]
        [99 97 109 101 114 97 50 46 115 116 97 116 115 99 111 110 ]
        [102 105 103 115 46 114 97 116 105 111 83 97 102 101 116 111 ]
        [83 104 111 114 116 59 111 114 103 46 113 117 105 99 46 99 ]
        [97 109 101 114 97 50 46 115 116 97 116 115 99 111 110 102 ]
        [105 103 115 46 65 69 67 67 111 109 112 101 110 68 97 114 ]
        [107 66 111 111 115 116 71 97 105 110 59 111 114 103 46 113 ]
        [117 105 99 46 99 97 109 101 114 97 50 46 115 116 97 116 ]
        [115 99 111 110 102 105 103 115 46 65 69 67 67 111 109 112 ]
        [101 110 65 68 82 67 71 97 105 110 59 111 114 103 46 113 ]
        [117 105 99 46 99 97 109 101 114 97 50 46 115 116 97 116 ]
        [115 99 111 110 102 105 103 115 46 65 69 67 87 97 114 109 ]
        [115 116 97 114 116 67 111 109 112 101 110 68 66 71 97 105 ]
        [110 59 111 114 103 46 113 117 105 99 46 99 97 109 101 114 ]
        [97 50 46 115 116 97 116 115 99 111 110 102 105 103 115 46 ]
        [65 69 67 87 97 114 109 115 116 97 114 116 67 111 109 112 ]
        [101 110 65 68 82 67 71 97 105 110 59 111 114 103 46 113 ]
        [117 105 99 46 99 97 109 101 114 97 50 46 115 116 97 116 ]
        [115 99 111 110 102 105 103 115 46 65 69 67 82 101 113 117 ]
        [101 115 116 73 68 59 111 114 103 46 113 117 105 99 46 99 ]
        [97 109 101 114 97 50 46 115 116 97 116 115 99 111 110 102 ]
        [105 103 115 46 65 69 67 67 97 109 101 114 97 73 68 59 ]
        [111 114 103 46 113 117 105 99 46 99 97 109 101 114 97 50 ]
        [46 106 112 101 103 113 117 97 110 116 105 122 97 116 105 111 ]
        [110 116 97 98 108 101 115 46 79 69 77 74 80 69 71 76 ]
        [117 109 97 81 117 97 110 116 105 122 97 116 105 111 110 84 ]
        [97 98 108 101 59 111 114 103 46 113 117 105 99 46 99 97 ]
        [109 101 114 97 50 46 106 112 101 103 113 117 97 110 116 105 ]
        [122 97 116 105 111 110 116 97 98 108 101 115 46 79 69 77 ]
        [74 80 69 71 67 104 114 111 109 97 81 117 97 110 116 105 ]
        [122 97 116 105 111 110 84 97 98 108 101 59 111 114 103 46 ]
        [113 117 105 99 46 99 97 109 101 114 97 46 116 117 110 105 ]
        [110 103 100 97 116 97 46 84 117 110 105 110 103 68 97 116 ]
        [97 68 117 109 112 59 111 114 103 46 113 117 105 99 46 99 ]
        [97 109 101 114 97 46 101 105 115 114 101 97 108 116 105 109 ]
        [101 46 69 110 97 98 108 101 100 59 111 114 103 46 113 117 ]
        [105 99 46 99 97 109 101 114 97 46 101 105 115 114 101 97 ]
        [108 116 105 109 101 46 82 101 113 117 101 115 116 101 100 77 ]
        [97 114 103 105 110 59 111 114 103 46 113 117 105 99 46 99 ]
        [97 109 101 114 97 46 101 105 115 114 101 97 108 116 105 109 ]
        [101 46 83 116 97 98 105 108 105 122 97 116 105 111 110 77 ]
        [97 114 103 105 110 115 59 111 114 103 46 113 117 105 99 46 ]
        [99 97 109 101 114 97 46 101 105 115 114 101 97 108 116 105 ]
        [109 101 46 65 100 100 105 116 105 111 110 97 108 67 114 111 ]
        [112 79 102 102 115 101 116 59 111 114 103 46 113 117 105 99 ]
        [46 99 97 109 101 114 97 46 101 105 115 114 101 97 108 116 ]
        [105 109 101 46 83 116 97 98 105 108 105 122 101 100 79 117 ]
        [116 112 117 116 68 105 109 115 59 111 114 103 46 113 117 105 ]
        [99 46 99 97 109 101 114 97 46 101 105 115 114 101 97 108 ]
        [116 105 109 101 46 77 111 116 105 111 110 73 110 100 105 99 ]
        [97 116 105 111 110 59 111 114 103 46 113 117 105 99 46 99 ]
        [97 109 101 114 97 46 101 105 115 114 101 97 108 116 105 109 ]
        [101 46 69 73 83 79 73 83 77 111 100 101 59 111 114 103 ]
        [46 113 117 105 99 46 99 97 109 101 114 97 46 101 105 115 ]
        [114 101 97 108 116 105 109 101 46 69 73 83 50 77 111 100 ]
        [101 87 105 116 104 68 77 59 111 114 103 46 113 117 105 99 ]
        [46 99 97 109 101 114 97 46 101 105 115 114 101 97 108 116 ]
        [105 109 101 46 77 105 110 105 109 117 109 77 97 114 103 105 ]
        [110 59 111 114 103 46 113 117 105 99 46 99 97 109 101 114 ]
        [97 46 101 105 115 108 111 111 107 97 104 101 97 100 46 69 ]
        [110 97 98 108 101 100 59 111 114 103 46 113 117 105 99 46 ]
        [99 97 109 101 114 97 46 101 105 115 108 111 111 107 97 104 ]
        [101 97 100 46 70 114 97 109 101 68 101 108 97 121 59 111 ]
        [114 103 46 113 117 105 99 46 99 97 109 101 114 97 46 101 ]
        [105 115 108 111 111 107 97 104 101 97 100 46 82 101 113 117 ]
        [101 115 116 101 100 77 97 114 103 105 110 59 111 114 103 46 ]
        [113 117 105 99 46 99 97 109 101 114 97 46 101 105 115 108 ]
        [111 111 107 97 104 101 97 100 46 83 116 97 98 105 108 105 ]
        [122 97 116 105 111 110 77 97 114 103 105 110 115 59 111 114 ]
        [103 46 113 117 105 99 46 99 97 109 101 114 97 46 101 105 ]
        [115 108 111 111 107 97 104 101 97 100 46 65 100 100 105 116 ]
        [105 111 110 97 108 67 114 111 112 79 102 102 115 101 116 59 ]
        [111 114 103 46 113 117 105 99 46 99 97 109 101 114 97 46 ]
        [101 105 115 108 111 111 107 97 104 101 97 100 46 83 116 97 ]
        [98 105 108 105 122 101 100 79 117 116 112 117 116 68 105 109 ]
        [115 59 111 114 103 46 113 117 105 99 46 99 97 109 101 114 ]
        [97 46 101 105 115 108 111 111 107 97 104 101 97 100 46 68 ]
        [73 83 77 86 83 116 97 116 115 59 111 114 103 46 113 117 ]
        [105 99 46 99 97 109 101 114 97 46 101 105 115 108 111 111 ]
        [107 97 104 101 97 100 46 69 120 116 114 97 72 65 76 66 ]
        [117 102 102 101 114 115 59 111 114 103 46 113 117 105 99 46 ]
        [99 97 109 101 114 97 46 101 105 115 108 111 111 107 97 104 ]
        [101 97 100 46 77 79 70 65 108 105 103 110 109 101 110 116 ]
        [59 111 114 103 46 113 117 105 99 46 99 97 109 101 114 97 ]
        [46 101 105 115 108 111 111 107 97 104 101 97 100 46 77 105 ]
        [110 105 109 117 109 77 97 114 103 105 110 59 111 114 103 46 ]
        [113 117 105 99 46 99 97 109 101 114 97 46 70 82 67 46 ]
        [70 114 97 109 101 68 101 108 97 121 59 111 114 103 46 113 ]
        [117 105 99 46 99 97 109 101 114 97 46 70 82 67 46 83 ]
        [117 112 112 111 114 116 101 100 77 111 100 101 115 59 111 114 ]
        [103 46 113 117 105 99 46 99 97 109 101 114 97 46 70 82 ]
        [67 46 80 101 114 82 101 113 117 101 115 116 73 110 112 117 ]
        [116 59 111 114 103 46 113 117 105 99 46 99 97 109 101 114 ]
        [97 50 46 115 101 110 115 111 114 109 111 100 101 46 105 110 ]
        [102 111 46 83 101 110 115 111 114 77 111 100 101 84 97 98 ]
        [108 101 59 111 114 103 46 113 117 105 99 46 99 97 109 101 ]
        [114 97 46 99 117 115 116 111 109 115 101 110 115 111 114 109 ]
        [111 100 101 46 67 117 115 116 111 109 105 122 101 100 83 101 ]
        [110 115 111 114 77 111 100 101 73 110 102 111 59 99 111 109 ]
        [46 113 117 97 108 99 111 109 109 46 113 116 105 46 99 97 ]
        [115 99 97 100 101 84 77 46 69 110 97 98 108 101 67 97 ]
        [115 99 97 100 101 84 77 59 111 114 103 46 113 117 105 99 ]
        [46 99 97 109 101 114 97 50 46 118 101 114 116 105 99 97 ]
        [108 79 102 102 115 101 116 46 100 117 114 97 116 105 111 110 ]
        [59 111 114 103 46 113 117 105 99 46 99 97 109 101 114 97 ]
        [50 46 99 117 115 116 111 109 104 102 114 102 112 115 46 105 ]
        [110 102 111 46 67 117 115 116 111 109 72 70 82 70 112 115 ]
        [84 97 98 108 101 59 111 114 103 46 113 117 105 99 46 99 ]
        [97 109 101 114 97 50 46 99 117 115 116 111 109 104 102 114 ]
        [102 112 115 46 105 110 102 111 46 67 117 115 116 111 109 72 ]
        [70 82 67 111 110 102 105 103 117 114 97 116 105 111 110 115 ]
        [59 111 114 103 46 113 117 105 99 46 99 97 109 101 114 97 ]
        [46 115 104 111 114 116 103 97 109 109 97 105 110 102 111 46 ]
        [115 104 111 114 116 103 97 109 109 97 105 110 102 111 59 111 ]
        [114 103 46 113 117 105 99 46 99 97 109 101 114 97 46 117 ]
        [118 103 97 109 109 97 105 110 102 111 46 82 101 97 108 116 ]
        [105 109 101 85 86 71 97 109 109 97 73 110 102 111 59 111 ]
        [114 103 46 113 117 105 99 46 99 97 109 101 114 97 46 117 ]
        [118 103 97 109 109 97 105 110 102 111 46 79 102 102 108 105 ]
        [110 101 85 86 71 97 109 109 97 73 110 102 111 59 111 114 ]
        [103 46 113 117 105 99 46 99 97 109 101 114 97 46 105 102 ]
        [101 103 116 109 105 110 102 111 46 73 70 69 71 84 77 73 ]
        [110 102 111 59 111 114 103 46 113 117 105 99 46 99 97 109 ]
        [101 114 97 46 105 112 101 50 100 108 117 116 105 110 102 111 ]
        [46 73 80 69 50 68 76 85 84 59 111 114 103 46 113 117 ]
        [105 99 46 99 97 109 101 114 97 46 98 112 115 103 116 109 ]
        [105 110 102 111 46 66 80 83 71 84 77 73 110 102 111 59 ]
        [111 114 103 46 113 117 105 99 46 99 97 109 101 114 97 46 ]
        [103 116 109 105 110 102 111 46 79 102 102 108 105 110 101 71 ]
        [84 77 73 110 102 111 59 111 114 103 46 113 117 105 99 46 ]
        [99 97 109 101 114 97 46 67 83 84 73 110 102 111 46 67 ]
        [83 84 73 110 102 111 59 111 114 103 46 113 117 105 99 46 ]
        [99 97 109 101 114 97 46 98 112 115 110 114 109 99 111 110 ]
        [102 105 103 115 46 66 80 83 78 82 77 67 111 110 102 105 ]
        [103 115 59 111 114 103 46 113 117 105 99 46 99 97 109 101 ]
        [114 97 46 105 102 101 110 114 109 99 111 110 102 105 103 115 ]
        [46 73 70 69 78 82 77 67 111 110 102 105 103 115 59 111 ]
        [114 103 46 113 117 105 99 46 99 97 109 101 114 97 46 105 ]
        [110 116 101 114 109 101 100 105 97 116 101 68 105 109 101 110 ]
        [115 105 111 110 46 73 110 116 101 114 109 101 100 105 97 116 ]
        [101 68 105 109 101 110 115 105 111 110 59 111 114 103 46 99 ]
        [111 100 101 97 117 114 111 114 97 46 113 99 97 109 101 114 ]
        [97 51 46 104 118 120 83 72 68 82 77 111 100 101 46 104 ]
        [118 120 83 72 68 82 83 117 112 112 111 114 116 101 100 59 ]
        [111 114 103 46 113 117 105 99 46 99 97 109 101 114 97 46 ]
        [65 73 67 97 109 101 114 97 46 69 110 97 98 108 101 65 ]
        [73 83 110 97 112 115 104 111 116 59 111 114 103 46 113 117 ]
        [105 99 46 99 97 109 101 114 97 46 65 73 67 97 109 101 ]
        [114 97 46 65 73 83 116 114 101 110 103 116 104 59 111 114 ]
        [103 46 113 117 105 99 46 99 97 109 101 114 97 46 65 73 ]
        [67 97 109 101 114 97 46 86 82 83 83 107 105 112 83 101 ]
        [103 109 101 110 116 59 111 114 103 46 113 117 105 99 46 99 ]
        [97 109 101 114 97 46 65 73 67 97 109 101 114 97 46 65 ]
        [73 67 97 109 101 114 97 73 100 108 101 77 111 100 101 59 ]
        [111 114 103 46 113 117 105 99 46 99 97 109 101 114 97 46 ]
        [102 108 97 115 104 73 110 102 111 46 84 111 114 99 104 83 ]
        [116 114 101 110 103 116 104 76 101 118 101 108 59 111 114 103 ]
        [46 113 117 105 99 46 99 97 109 101 114 97 46 111 101 109 ]
        [101 120 105 102 97 112 112 100 97 116 97 46 79 69 77 69 ]
        [88 73 70 65 112 112 68 97 116 97 49 59 111 114 103 46 ]
        [99 111 100 101 97 117 114 111 114 97 46 113 99 97 109 101 ]
        [114 97 51 46 112 108 97 116 102 111 114 109 67 97 112 97 ]
        [98 105 108 105 116 105 101 115 46 73 80 69 73 67 65 67 ]
        [97 112 97 98 105 108 105 116 105 101 115 59 111 114 103 46 ]
        [99 111 100 101 97 117 114 111 114 97 46 113 99 97 109 101 ]
        [114 97 51 46 112 108 97 116 102 111 114 109 67 97 112 97 ]
        [98 105 108 105 116 105 101 115 46 69 120 116 101 110 100 101 ]
        [100 77 97 120 90 111 111 109 59 111 114 103 46 99 111 100 ]
        [101 97 117 114 111 114 97 46 113 99 97 109 101 114 97 51 ]
        [46 112 108 97 116 102 111 114 109 67 97 112 97 98 105 108 ]
        [105 116 105 101 115 46 69 110 97 98 108 101 86 83 82 59 ]
        [111 114 103 46 99 111 100 101 97 117 114 111 114 97 46 113 ]
        [99 97 109 101 114 97 51 46 112 108 97 116 102 111 114 109 ]
        [67 97 112 97 98 105 108 105 116 105 101 115 46 69 110 97 ]
        [98 108 101 86 73 85 76 76 59 111 114 103 46 99 111 100 ]
        [101 97 117 114 111 114 97 46 113 99 97 109 101 114 97 51 ]
        [46 112 108 97 116 102 111 114 109 67 97 112 97 98 105 108 ]
        [105 116 105 101 115 46 69 110 97 98 108 101 65 73 67 97 ]
        [109 101 114 97 72 83 82 59 111 114 103 46 99 111 100 101 ]
        [97 117 114 111 114 97 46 113 99 97 109 101 114 97 51 46 ]
        [112 108 97 116 102 111 114 109 67 97 112 97 98 105 108 105 ]
        [116 105 101 115 46 72 87 85 115 101 99 97 115 101 77 111 ]
        [100 101 67 97 112 115 77 97 115 107 59 111 114 103 46 99 ]
        [111 100 101 97 117 114 111 114 97 46 113 99 97 109 101 114 ]
        [97 51 46 112 108 97 116 102 111 114 109 67 97 112 97 98 ]
        [105 108 105 116 105 101 115 46 83 117 112 112 111 114 116 101 ]
        [100 67 117 115 116 111 109 105 122 101 84 117 110 105 110 103 ]
        [77 97 115 107 59 111 114 103 46 113 117 105 99 46 99 97 ]
        [109 101 114 97 46 76 67 82 82 97 119 102 111 114 109 97 ]
        [116 46 76 67 82 82 97 119 102 111 114 109 97 116 59 111 ]
        [114 103 46 99 111 100 101 97 117 114 111 114 97 46 113 99 ]
        [97 109 101 114 97 51 46 101 120 112 111 115 117 114 101 116 ]
        [97 98 108 101 46 105 115 86 97 108 105 100 59 111 114 103 ]
        [46 99 111 100 101 97 117 114 111 114 97 46 113 99 97 109 ]
        [101 114 97 51 46 101 120 112 111 115 117 114 101 116 97 98 ]
        [108 101 46 115 101 110 115 105 116 105 118 105 116 121 67 111 ]
        [114 114 101 99 116 105 111 110 70 97 99 116 111 114 59 111 ]
        [114 103 46 99 111 100 101 97 117 114 111 114 97 46 113 99 ]
        [97 109 101 114 97 51 46 101 120 112 111 115 117 114 101 116 ]
        [97 98 108 101 46 107 110 101 101 67 111 117 110 116 59 111 ]
        [114 103 46 99 111 100 101 97 117 114 111 114 97 46 113 99 ]
        [97 109 101 114 97 51 46 101 120 112 111 115 117 114 101 116 ]
        [97 98 108 101 46 103 97 105 110 75 110 101 101 69 110 116 ]
        [114 105 101 115 59 111 114 103 46 99 111 100 101 97 117 114 ]
        [111 114 97 46 113 99 97 109 101 114 97 51 46 101 120 112 ]
        [111 115 117 114 101 116 97 98 108 101 46 101 120 112 84 105 ]
        [109 101 75 110 101 101 69 110 116 114 105 101 115 59 111 114 ]
        [103 46 99 111 100 101 97 117 114 111 114 97 46 113 99 97 ]
        [109 101 114 97 51 46 101 120 112 111 115 117 114 101 116 97 ]
        [98 108 101 46 105 110 99 114 101 109 101 110 116 80 114 105 ]
        [111 114 105 116 121 75 110 101 101 69 110 116 114 105 101 115 ]
        [59 111 114 103 46 99 111 100 101 97 117 114 111 114 97 46 ]
        [113 99 97 109 101 114 97 51 46 101 120 112 111 115 117 114 ]
        [101 116 97 98 108 101 46 101 120 112 73 110 100 101 120 75 ]
        [110 101 101 69 110 116 114 105 101 115 59 111 114 103 46 99 ]
        [111 100 101 97 117 114 111 114 97 46 113 99 97 109 101 114 ]
        [97 51 46 101 120 112 111 115 117 114 101 116 97 98 108 101 ]
        [46 116 104 114 101 115 65 110 116 105 66 97 110 100 105 110 ]
        [103 77 105 110 69 120 112 84 105 109 101 80 99 116 59 111 ]
        [114 103 46 99 111 100 101 97 117 114 111 114 97 46 113 99 ]
        [97 109 101 114 97 51 46 109 101 116 101 114 105 110 103 116 ]
        [97 98 108 101 46 109 101 116 101 114 105 110 103 84 97 98 ]
        [108 101 59 111 114 103 46 99 111 100 101 97 117 114 111 114 ]
        [97 46 113 99 97 109 101 114 97 51 46 109 101 116 101 114 ]
        [105 110 103 116 97 98 108 101 46 109 101 116 101 114 105 110 ]
        [103 84 97 98 108 101 83 105 122 101 59 111 114 103 46 99 ]
        [111 100 101 97 117 114 111 114 97 46 113 99 97 109 101 114 ]
        [97 51 46 115 101 115 115 105 111 110 80 97 114 97 109 101 ]
        [116 101 114 115 46 111 118 101 114 114 105 100 101 82 101 115 ]
        [111 117 114 99 101 67 111 115 116 86 97 108 105 100 97 116 ]
        [105 111 110 59 111 114 103 46 99 111 100 101 97 117 114 111 ]
        [114 97 46 113 99 97 109 101 114 97 51 46 115 101 115 115 ]
        [105 111 110 80 97 114 97 109 101 116 101 114 115 46 101 110 ]
        [97 98 108 101 77 70 78 82 59 111 114 103 46 99 111 100 ]
        [101 97 117 114 111 114 97 46 113 99 97 109 101 114 97 51 ]
        [46 115 101 115 115 105 111 110 80 97 114 97 109 101 116 101 ]
        [114 115 46 72 68 82 77 111 100 101 59 111 114 103 46 99 ]
        [111 100 101 97 117 114 111 114 97 46 113 99 97 109 101 114 ]
        [97 51 46 115 101 115 115 105 111 110 80 97 114 97 109 101 ]
        [116 101 114 115 46 83 110 97 112 115 104 111 116 72 68 82 ]
        [77 111 100 101 59 111 114 103 46 99 111 100 101 97 117 114 ]
        [111 114 97 46 113 99 97 109 101 114 97 51 46 115 101 115 ]
        [115 105 111 110 80 97 114 97 109 101 116 101 114 115 46 110 ]
        [117 109 80 67 82 115 66 101 102 111 114 101 83 116 114 101 ]
        [97 109 79 110 59 111 114 103 46 99 111 100 101 97 117 114 ]
        [111 114 97 46 113 99 97 109 101 114 97 51 46 115 101 115 ]
        [115 105 111 110 80 97 114 97 109 101 116 101 114 115 46 69 ]
        [110 97 98 108 101 77 67 88 77 97 115 116 101 114 67 98 ]
        [59 111 114 103 46 99 111 100 101 97 117 114 111 114 97 46 ]
        [113 99 97 109 101 114 97 51 46 115 101 115 115 105 111 110 ]
        [80 97 114 97 109 101 116 101 114 115 46 77 99 120 89 117 ]
        [118 67 97 108 108 98 97 99 107 73 110 102 111 59 111 114 ]
        [103 46 99 111 100 101 97 117 114 111 114 97 46 113 99 97 ]
        [109 101 114 97 51 46 115 101 115 115 105 111 110 80 97 114 ]
        [97 109 101 116 101 114 115 46 77 99 120 82 97 119 67 97 ]
        [108 108 98 97 99 107 73 110 102 111 59 111 114 103 46 99 ]
        [111 100 101 97 117 114 111 114 97 46 113 99 97 109 101 114 ]
        [97 51 46 115 101 115 115 105 111 110 80 97 114 97 109 101 ]
        [116 101 114 115 46 100 121 110 97 109 105 99 70 80 83 67 ]
        [111 110 102 105 103 59 111 114 103 46 99 111 100 101 97 117 ]
        [114 111 114 97 46 113 99 97 109 101 114 97 51 46 115 101 ]
        [115 115 105 111 110 80 97 114 97 109 101 116 101 114 115 46 ]
        [82 97 119 67 98 83 111 117 114 99 101 84 121 112 101 59 ]
        [111 114 103 46 99 111 100 101 97 117 114 111 114 97 46 113 ]
        [99 97 109 101 114 97 51 46 115 101 115 115 105 111 110 80 ]
        [97 114 97 109 101 116 101 114 115 46 69 120 116 101 110 100 ]
        [101 100 77 97 120 90 111 111 109 59 111 114 103 46 99 111 ]
        [100 101 97 117 114 111 114 97 46 113 99 97 109 101 114 97 ]
        [51 46 115 101 115 115 105 111 110 80 97 114 97 109 101 116 ]
        [101 114 115 46 69 110 97 98 108 101 86 83 82 59 111 114 ]
        [103 46 99 111 100 101 97 117 114 111 114 97 46 113 99 97 ]
        [109 101 114 97 51 46 115 101 115 115 105 111 110 80 97 114 ]
        [97 109 101 116 101 114 115 46 101 110 97 98 108 101 77 67 ]
        [84 70 119 105 116 104 82 101 102 101 114 101 110 99 101 70 ]
        [114 97 109 101 59 111 114 103 46 99 111 100 101 97 117 114 ]
        [111 114 97 46 113 99 97 109 101 114 97 51 46 115 101 115 ]
        [115 105 111 110 80 97 114 97 109 101 116 101 114 115 46 101 ]
        [110 97 98 108 101 81 76 76 59 111 114 103 46 99 111 100 ]
        [101 97 117 114 111 114 97 46 113 99 97 109 101 114 97 51 ]
        [46 115 101 115 115 105 111 110 80 97 114 97 109 101 116 101 ]
        [114 115 46 101 110 97 98 108 101 83 104 97 100 105 110 103 ]
        [67 111 114 114 101 99 116 105 111 110 59 111 114 103 46 99 ]
        [111 100 101 97 117 114 111 114 97 46 113 99 97 109 101 114 ]
        [97 51 46 115 101 115 115 105 111 110 80 97 114 97 109 101 ]
        [116 101 114 115 46 101 110 97 98 108 101 83 87 80 68 80 ]
        [67 59 111 114 103 46 99 111 100 101 97 117 114 111 114 97 ]
        [46 113 99 97 109 101 114 97 51 46 115 101 115 115 105 111 ]
        [110 80 97 114 97 109 101 116 101 114 115 46 99 111 110 116 ]
        [111 117 114 95 118 101 114 115 105 111 110 59 111 114 103 46 ]
        [99 111 100 101 97 117 114 111 114 97 46 113 99 97 109 101 ]
        [114 97 51 46 115 101 115 115 105 111 110 80 97 114 97 109 ]
        [101 116 101 114 115 46 101 110 97 98 108 101 83 116 97 116 ]
        [115 86 105 115 117 97 108 105 122 101 114 59 111 114 103 46 ]
        [99 111 100 101 97 117 114 111 114 97 46 113 99 97 109 101 ]
        [114 97 51 46 115 101 115 115 105 111 110 80 97 114 97 109 ]
        [101 116 101 114 115 46 101 110 97 98 108 101 80 101 114 82 ]
        [101 113 83 121 110 99 59 111 114 103 46 99 111 100 101 97 ]
        [117 114 111 114 97 46 113 99 97 109 101 114 97 51 46 115 ]
        [101 115 115 105 111 110 80 97 114 97 109 101 116 101 114 115 ]
        [46 69 110 97 98 108 101 73 110 115 101 110 115 111 114 90 ]
        [111 111 109 59 111 114 103 46 99 111 100 101 97 117 114 111 ]
        [114 97 46 113 99 97 109 101 114 97 51 46 115 101 115 115 ]
        [105 111 110 80 97 114 97 109 101 116 101 114 115 46 69 110 ]
        [97 98 108 101 83 110 97 112 115 104 111 116 79 110 108 121 ]
        [73 110 115 101 110 115 111 114 90 111 111 109 59 111 114 103 ]
        [46 99 111 100 101 97 117 114 111 114 97 46 113 99 97 109 ]
        [101 114 97 51 46 115 101 115 115 105 111 110 80 97 114 97 ]
        [109 101 116 101 114 115 46 69 110 97 98 108 101 65 117 116 ]
        [111 72 68 82 59 111 114 103 46 99 111 100 101 97 117 114 ]
        [111 114 97 46 113 99 97 109 101 114 97 51 46 115 101 115 ]
        [115 105 111 110 80 97 114 97 109 101 116 101 114 115 46 69 ]
        [110 97 98 108 101 79 102 102 108 105 110 101 83 72 68 82 ]
        [59 111 114 103 46 99 111 100 101 97 117 114 111 114 97 46 ]
        [113 99 97 109 101 114 97 51 46 115 101 115 115 105 111 110 ]
        [80 97 114 97 109 101 116 101 114 115 46 110 117 109 72 68 ]
        [82 101 120 112 111 115 117 114 101 59 111 114 103 46 99 111 ]
        [100 101 97 117 114 111 114 97 46 113 99 97 109 101 114 97 ]
        [51 46 115 101 115 115 105 111 110 80 97 114 97 109 101 116 ]
        [101 114 115 46 69 110 97 98 108 101 72 68 82 68 67 71 ]
        [77 111 100 101 59 111 114 103 46 99 111 100 101 97 117 114 ]
        [111 114 97 46 113 99 97 109 101 114 97 51 46 115 101 115 ]
        [115 105 111 110 80 97 114 97 109 101 116 101 114 115 46 72 ]
        [68 82 77 111 100 101 80 114 101 102 101 114 101 110 99 101 ]
        [59 111 114 103 46 99 111 100 101 97 117 114 111 114 97 46 ]
        [113 99 97 109 101 114 97 51 46 115 101 115 115 105 111 110 ]
        [80 97 114 97 109 101 116 101 114 115 46 69 110 97 98 108 ]
        [101 65 70 66 114 97 99 107 101 116 105 110 103 59 111 114 ]
        [103 46 99 111 100 101 97 117 114 111 114 97 46 113 99 97 ]
        [109 101 114 97 51 46 115 101 115 115 105 111 110 80 97 114 ]
        [97 109 101 116 101 114 115 46 73 110 100 117 99 101 69 118 ]
        [101 110 116 84 121 112 101 59 111 114 103 46 99 111 100 101 ]
        [97 117 114 111 114 97 46 113 99 97 109 101 114 97 51 46 ]
        [115 101 115 115 105 111 110 80 97 114 97 109 101 116 101 114 ]
        [115 46 73 110 100 117 99 101 69 114 114 111 114 84 121 112 ]
        [101 59 111 114 103 46 99 111 100 101 97 117 114 111 114 97 ]
        [46 113 99 97 109 101 114 97 51 46 115 101 115 115 105 111 ]
        [110 80 97 114 97 109 101 116 101 114 115 46 73 110 100 117 ]
        [99 101 83 101 115 115 105 111 110 78 97 109 101 59 111 114 ]
        [103 46 99 111 100 101 97 117 114 111 114 97 46 113 99 97 ]
        [109 101 114 97 51 46 115 101 115 115 105 111 110 80 97 114 ]
        [97 109 101 116 101 114 115 46 73 110 100 117 99 101 80 105 ]
        [112 101 108 105 110 101 78 97 109 101 59 111 114 103 46 99 ]
        [111 100 101 97 117 114 111 114 97 46 113 99 97 109 101 114 ]
        [97 51 46 115 101 115 115 105 111 110 80 97 114 97 109 101 ]
        [116 101 114 115 46 73 110 100 117 99 101 78 111 100 101 78 ]
        [97 109 101 59 111 114 103 46 99 111 100 101 97 117 114 111 ]
        [114 97 46 113 99 97 109 101 114 97 51 46 115 101 115 115 ]
        [105 111 110 80 97 114 97 109 101 116 101 114 115 46 73 110 ]
        [100 117 99 101 80 111 114 116 73 100 59 111 114 103 46 99 ]
        [111 100 101 97 117 114 111 114 97 46 113 99 97 109 101 114 ]
        [97 51 46 115 101 115 115 105 111 110 80 97 114 97 109 101 ]
        [116 101 114 115 46 73 110 100 117 99 101 82 101 113 117 101 ]
        [115 116 73 100 59 111 114 103 46 99 111 100 101 97 117 114 ]
        [111 114 97 46 113 99 97 109 101 114 97 51 46 115 101 115 ]
        [115 105 111 110 80 97 114 97 109 101 116 101 114 115 46 73 ]
        [110 100 117 99 101 69 114 114 111 114 67 111 100 101 59 111 ]
        [114 103 46 99 111 100 101 97 117 114 111 114 97 46 113 99 ]
        [97 109 101 114 97 51 46 115 101 115 115 105 111 110 80 97 ]
        [114 97 109 101 116 101 114 115 46 73 110 100 117 99 101 68 ]
        [101 108 97 121 84 105 109 101 59 111 114 103 46 99 111 100 ]
        [101 97 117 114 111 114 97 46 113 99 97 109 101 114 97 51 ]
        [46 115 101 115 115 105 111 110 80 97 114 97 109 101 116 101 ]
        [114 115 46 73 110 100 117 99 101 75 77 68 78 111 116 105 ]
        [102 121 84 121 112 101 59 111 114 103 46 99 111 100 101 97 ]
        [117 114 111 114 97 46 113 99 97 109 101 114 97 51 46 115 ]
        [101 115 115 105 111 110 80 97 114 97 109 101 116 101 114 115 ]
        [46 101 110 97 98 108 101 83 101 99 117 114 101 77 111 100 ]
        [101 59 111 114 103 46 99 111 100 101 97 117 114 111 114 97 ]
        [46 113 99 97 109 101 114 97 51 46 115 101 115 115 105 111 ]
        [110 80 97 114 97 109 101 116 101 114 115 46 83 101 99 117 ]
        [114 101 65 116 116 101 115 116 97 116 105 111 110 77 111 100 ]
        [101 59 111 114 103 46 99 111 100 101 97 117 114 111 114 97 ]
        [46 113 99 97 109 101 114 97 51 46 115 101 115 115 105 111 ]
        [110 80 97 114 97 109 101 116 101 114 115 46 69 110 97 98 ]
        [108 101 65 70 70 111 99 117 115 77 97 112 59 111 114 103 ]
        [46 99 111 100 101 97 117 114 111 114 97 46 113 99 97 109 ]
        [101 114 97 51 46 115 101 115 115 105 111 110 80 97 114 97 ]
        [109 101 116 101 114 115 46 69 110 97 98 108 101 73 100 101 ]
        [97 108 82 65 87 59 111 114 103 46 99 111 100 101 97 117 ]
        [114 111 114 97 46 113 99 97 109 101 114 97 51 46 115 101 ]
        [115 115 105 111 110 80 97 114 97 109 101 116 101 114 115 46 ]
        [69 110 97 98 108 101 83 97 108 105 110 101 116 59 111 114 ]
        [103 46 99 111 100 101 97 117 114 111 114 97 46 113 99 97 ]
        [109 101 114 97 51 46 115 101 115 115 105 111 110 80 97 114 ]
        [97 109 101 116 101 114 115 46 69 110 97 98 108 101 79 102 ]
        [102 108 105 110 101 73 70 69 59 111 114 103 46 99 111 100 ]
        [101 97 117 114 111 114 97 46 113 99 97 109 101 114 97 51 ]
        [46 115 101 115 115 105 111 110 80 97 114 97 109 101 116 101 ]
        [114 115 46 65 69 66 83 110 97 112 115 104 111 116 77 111 ]
        [100 101 59 111 114 103 46 99 111 100 101 97 117 114 111 114 ]
        [97 46 113 99 97 109 101 114 97 51 46 115 101 115 115 105 ]
        [111 110 80 97 114 97 109 101 116 101 114 115 46 65 69 66 ]
        [83 110 97 112 115 104 111 116 80 97 116 104 59 111 114 103 ]
        [46 99 111 100 101 97 117 114 111 114 97 46 113 99 97 109 ]
        [101 114 97 51 46 115 101 115 115 105 111 110 80 97 114 97 ]
        [109 101 116 101 114 115 46 69 110 97 98 108 101 86 105 100 ]
        [101 111 82 101 116 111 117 99 104 59 111 114 103 46 99 111 ]
        [100 101 97 117 114 111 114 97 46 113 99 97 109 101 114 97 ]
        [51 46 115 101 115 115 105 111 110 80 97 114 97 109 101 116 ]
        [101 114 115 46 65 73 67 97 109 101 114 97 77 111 100 101 ]
        [59 111 114 103 46 99 111 100 101 97 117 114 111 114 97 46 ]
        [113 99 97 109 101 114 97 51 46 115 101 115 115 105 111 110 ]
        [80 97 114 97 109 101 116 101 114 115 46 69 110 97 98 108 ]
        [101 65 73 67 97 109 101 114 97 72 83 82 59 111 114 103 ]
        [46 99 111 100 101 97 117 114 111 114 97 46 113 99 97 109 ]
        [101 114 97 51 46 115 101 115 115 105 111 110 80 97 114 97 ]
        [109 101 116 101 114 115 46 66 108 117 114 77 111 100 101 59 ]
        [111 114 103 46 99 111 100 101 97 117 114 111 114 97 46 113 ]
        [99 97 109 101 114 97 51 46 115 101 115 115 105 111 110 80 ]
        [97 114 97 109 101 116 101 114 115 46 69 110 97 98 108 101 ]
        [86 73 85 76 76 59 111 114 103 46 99 111 100 101 97 117 ]
        [114 111 114 97 46 113 99 97 109 101 114 97 51 46 115 101 ]
        [115 115 105 111 110 80 97 114 97 109 101 116 101 114 115 46 ]
        [77 117 108 116 105 67 97 109 101 114 97 67 111 110 116 114 ]
        [111 108 90 83 76 77 111 100 101 59 111 114 103 46 99 111 ]
        [100 101 97 117 114 111 114 97 46 113 99 97 109 101 114 97 ]
        [51 46 115 101 115 115 105 111 110 80 97 114 97 109 101 116 ]
        [101 114 115 46 72 65 76 79 117 116 112 117 116 66 117 102 ]
        [102 101 114 67 111 109 98 105 110 101 100 59 111 114 103 46 ]
        [99 111 100 101 97 117 114 111 114 97 46 113 99 97 109 101 ]
        [114 97 51 46 115 101 115 115 105 111 110 80 97 114 97 109 ]
        [101 116 101 114 115 46 72 111 114 105 122 111 110 76 101 118 ]
        [101 108 67 111 110 116 114 111 108 59 111 114 103 46 99 111 ]
        [100 101 97 117 114 111 114 97 46 113 99 97 109 101 114 97 ]
        [51 46 115 101 115 115 105 111 110 80 97 114 97 109 101 116 ]
        [101 114 115 46 69 110 97 98 108 101 88 67 70 65 79 112 ]
        [116 105 109 105 122 97 116 105 111 110 59 111 114 103 46 99 ]
        [111 100 101 97 117 114 111 114 97 46 113 99 97 109 101 114 ]
        [97 51 46 115 101 115 115 105 111 110 80 97 114 97 109 101 ]
        [116 101 114 115 46 69 120 116 114 97 80 114 101 118 105 101 ]
        [119 77 97 120 66 117 102 102 101 114 115 59 111 114 103 46 ]
        [99 111 100 101 97 117 114 111 114 97 46 113 99 97 109 101 ]
        [114 97 51 46 115 101 115 115 105 111 110 80 97 114 97 109 ]
        [101 116 101 114 115 46 69 110 97 98 108 101 79 102 102 108 ]
        [105 110 101 72 65 76 90 83 76 59 111 114 103 46 99 111 ]
        [100 101 97 117 114 111 114 97 46 113 99 97 109 101 114 97 ]
        [51 46 115 101 115 115 105 111 110 80 97 114 97 109 101 116 ]
        [101 114 115 46 77 117 108 116 105 67 97 109 101 114 97 77 ]
        [111 100 101 59 111 114 103 46 99 111 100 101 97 117 114 111 ]
        [114 97 46 113 99 97 109 101 114 97 51 46 115 101 115 115 ]
        [105 111 110 80 97 114 97 109 101 116 101 114 115 46 69 110 ]
        [97 98 108 101 67 105 110 101 109 97 116 105 99 77 111 100 ]
        [101 59 111 114 103 46 99 111 100 101 97 117 114 111 114 97 ]
        [46 113 99 97 109 101 114 97 51 46 115 101 115 115 105 111 ]
        [110 80 97 114 97 109 101 116 101 114 115 46 69 73 83 77 ]
        [111 100 101 59 111 114 103 46 99 111 100 101 97 117 114 111 ]
        [114 97 46 113 99 97 109 101 114 97 51 46 115 101 115 115 ]
        [105 111 110 80 97 114 97 109 101 116 101 114 115 46 69 110 ]
        [97 98 108 101 72 77 69 77 111 100 101 59 111 114 103 46 ]
        [99 111 100 101 97 117 114 111 114 97 46 113 99 97 109 101 ]
        [114 97 51 46 115 101 115 115 105 111 110 80 97 114 97 109 ]
        [101 116 101 114 115 46 68 67 71 77 111 100 101 59 111 114 ]
        [103 46 99 111 100 101 97 117 114 111 114 97 46 113 99 97 ]
        [109 101 114 97 51 46 115 101 115 115 105 111 110 80 97 114 ]
        [97 109 101 116 101 114 115 46 68 101 112 116 104 77 111 100 ]
        [101 59 111 114 103 46 99 111 100 101 97 117 114 111 114 97 ]
        [46 113 99 97 109 101 114 97 51 46 115 101 115 115 105 111 ]
        [110 80 97 114 97 109 101 116 101 114 115 46 70 111 114 99 ]
        [101 83 101 110 115 111 114 77 111 100 101 59 111 114 103 46 ]
        [99 111 100 101 97 117 114 111 114 97 46 113 99 97 109 101 ]
        [114 97 51 46 115 101 115 115 105 111 110 80 97 114 97 109 ]
        [101 116 101 114 115 46 87 97 114 109 83 116 97 114 116 67 ]
        [97 109 101 114 97 48 59 111 114 103 46 99 111 100 101 97 ]
        [117 114 111 114 97 46 113 99 97 109 101 114 97 51 46 115 ]
        [101 115 115 105 111 110 80 97 114 97 109 101 116 101 114 115 ]
        [46 87 97 114 109 83 116 97 114 116 67 97 109 101 114 97 ]
        [49 59 111 114 103 46 99 111 100 101 97 117 114 111 114 97 ]
        [46 113 99 97 109 101 114 97 51 46 115 101 115 115 105 111 ]
        [110 80 97 114 97 109 101 116 101 114 115 46 87 97 114 109 ]
        [83 116 97 114 116 67 97 109 101 114 97 50 59 111 114 103 ]
        [46 99 111 100 101 97 117 114 111 114 97 46 113 99 97 109 ]
        [101 114 97 51 46 115 101 115 115 105 111 110 80 97 114 97 ]
        [109 101 116 101 114 115 46 87 97 114 109 83 116 97 114 116 ]
        [67 97 109 101 114 97 51 59 111 114 103 46 99 111 100 101 ]
        [97 117 114 111 114 97 46 113 99 97 109 101 114 97 51 46 ]
        [115 101 115 115 105 111 110 80 97 114 97 109 101 116 101 114 ]
        [115 46 87 97 114 109 83 116 97 114 116 67 97 109 101 114 ]
        [97 52 59 111 114 103 46 99 111 100 101 97 117 114 111 114 ]
        [97 46 113 99 97 109 101 114 97 51 46 115 101 115 115 105 ]
        [111 110 80 97 114 97 109 101 116 101 114 115 46 83 101 110 ]
        [115 111 114 77 111 100 101 115 73 110 67 111 110 102 105 103 ]
        [59 111 114 103 46 99 111 100 101 97 117 114 111 114 97 46 ]
        [113 99 97 109 101 114 97 51 46 115 101 115 115 105 111 110 ]
        [80 97 114 97 109 101 116 101 114 115 46 69 110 97 98 108 ]
        [101 83 112 111 114 116 72 68 82 77 111 100 101 59 111 114 ]
        [103 46 99 111 100 101 97 117 114 111 114 97 46 113 99 97 ]
        [109 101 114 97 51 46 115 101 115 115 105 111 110 80 97 114 ]
        [97 109 101 116 101 114 115 46 82 101 112 114 111 99 101 115 ]
        [115 97 98 108 101 83 101 115 115 105 111 110 77 111 100 101 ]
        [84 97 103 59 111 114 103 46 99 111 100 101 97 117 114 111 ]
        [114 97 46 113 99 97 109 101 114 97 51 46 115 101 115 115 ]
        [105 111 110 80 97 114 97 109 101 116 101 114 115 46 69 110 ]
        [97 98 108 101 86 65 73 59 99 111 109 46 113 116 105 46 ]
        [99 104 105 46 115 116 97 116 115 97 101 99 46 65 101 99 ]
        [76 117 120 59 99 111 109 46 113 116 105 46 115 116 97 116 ]
        [115 95 99 111 110 116 114 111 108 46 100 114 99 95 103 97 ]
        [105 110 59 111 114 103 46 113 117 105 99 46 99 97 109 101 ]
        [114 97 46 99 118 112 77 101 116 97 68 97 116 97 46 67 ]
        [86 80 77 101 116 97 68 97 116 97 59 111 114 103 46 113 ]
        [117 105 99 46 99 97 109 101 114 97 46 99 118 112 77 101 ]
        [116 97 68 97 116 97 46 67 86 80 68 111 119 110 83 99 ]
        [97 108 101 82 97 116 105 111 59 111 114 103 46 113 117 105 ]
        [99 46 99 97 109 101 114 97 46 99 118 112 77 101 116 97 ]
        [68 97 116 97 46 67 86 80 73 67 65 76 109 99 67 102 ]
        [103 59 111 114 103 46 113 117 105 99 46 99 97 109 101 114 ]
        [97 46 99 118 112 77 101 116 97 68 97 116 97 46 67 86 ]
        [80 77 118 87 97 114 112 59 111 114 103 46 113 117 105 99 ]
        [46 99 97 109 101 114 97 46 99 118 112 77 101 116 97 68 ]
        [97 116 97 46 67 86 80 65 108 105 103 110 109 101 110 116 ]
        [77 111 100 101 59 111 114 103 46 113 117 105 99 46 99 97 ]
        [109 101 114 97 46 99 118 112 77 101 116 97 68 97 116 97 ]
        [46 69 120 116 114 97 72 65 76 66 117 102 102 101 114 115 ]
        [59 111 114 103 46 113 117 105 99 46 99 97 109 101 114 97 ]
        [46 99 118 112 77 101 116 97 68 97 116 97 46 67 86 80 ]
        [73 67 65 86 105 100 101 111 76 109 99 67 102 103 59 111 ]
        [114 103 46 113 117 105 99 46 99 97 109 101 114 97 46 99 ]
        [118 112 77 101 116 97 68 97 116 97 46 67 86 80 68 77 ]
        [77 83 112 101 99 59 111 114 103 46 113 117 105 99 46 99 ]
        [97 109 101 114 97 46 99 118 112 77 101 116 97 68 97 116 ]
        [97 46 67 86 80 68 73 83 77 86 68 111 109 97 105 110 ]
        [59 111 114 103 46 113 117 105 99 46 99 97 109 101 114 97 ]
        [46 99 118 112 77 101 116 97 68 97 116 97 46 67 86 80 ]
        [68 121 110 97 109 105 99 77 111 100 101 59 111 114 103 46 ]
        [113 117 105 99 46 99 97 109 101 114 97 46 99 118 112 77 ]
        [101 116 97 68 97 116 97 46 67 86 80 77 118 87 97 114 ]
        [112 68 121 110 97 109 105 99 77 111 100 101 59 111 114 103 ]
        [46 113 117 105 99 46 99 97 109 101 114 97 46 106 112 101 ]
        [103 100 101 98 117 103 100 97 116 97 46 115 105 122 101 59 ]
        [99 111 109 46 113 116 105 46 99 97 109 101 114 97 46 115 ]
        [116 114 101 97 109 67 114 111 112 73 110 102 111 46 83 116 ]
        [114 101 97 109 67 114 111 112 73 110 102 111 59 99 111 109 ]
        [46 113 116 105 46 99 97 109 101 114 97 46 115 116 114 101 ]
        [97 109 67 114 111 112 73 110 102 111 46 82 101 113 117 101 ]
        [115 116 67 114 111 112 73 110 102 111 59 99 111 109 46 113 ]
        [116 105 46 99 97 109 101 114 97 46 115 116 114 101 97 109 ]
        [67 114 111 112 73 110 102 111 46 65 108 108 67 114 111 112 ]
        [73 110 102 111 59 99 111 109 46 113 116 105 46 99 97 109 ]
        [101 114 97 46 115 116 114 101 97 109 67 114 111 112 73 110 ]
        [102 111 46 69 110 97 98 108 101 65 108 108 67 114 111 112 ]
        [73 110 102 111 59 99 111 109 46 113 116 105 46 99 97 109 ]
        [101 114 97 46 115 116 114 101 97 109 67 114 111 112 73 110 ]
        [102 111 46 69 110 97 98 108 101 83 116 114 101 97 109 67 ]
        [114 111 112 59 99 111 109 46 113 116 105 46 99 97 109 101 ]
        [114 97 46 111 102 102 108 105 110 101 76 83 67 46 68 105 ]
        [115 97 98 108 101 79 102 102 108 105 110 101 76 83 67 59 ]
        [99 111 109 46 113 116 105 46 99 97 109 101 114 97 46 115 ]
        [116 114 101 97 109 77 97 112 77 101 116 97 46 83 116 114 ]
        [101 97 109 77 97 112 59 99 111 109 46 113 116 105 46 99 ]
        [97 109 101 114 97 46 101 114 114 111 114 73 110 100 117 99 ]
        [101 80 97 114 97 109 101 116 101 114 115 46 73 110 112 117 ]
        [116 77 101 116 97 100 97 116 97 73 110 100 117 99 101 69 ]
        [118 101 110 116 84 121 112 101 59 99 111 109 46 113 116 105 ]
        [46 99 97 109 101 114 97 46 101 114 114 111 114 73 110 100 ]
        [117 99 101 80 97 114 97 109 101 116 101 114 115 46 73 110 ]
        [112 117 116 77 101 116 97 100 97 116 97 73 110 100 117 99 ]
        [101 69 114 114 111 114 84 121 112 101 59 99 111 109 46 113 ]
        [116 105 46 99 97 109 101 114 97 46 101 114 114 111 114 73 ]
        [110 100 117 99 101 80 97 114 97 109 101 116 101 114 115 46 ]
        [73 110 112 117 116 77 101 116 97 100 97 116 97 73 110 100 ]
        [117 99 101 83 101 115 115 105 111 110 78 97 109 101 59 99 ]
        [111 109 46 113 116 105 46 99 97 109 101 114 97 46 101 114 ]
        [114 111 114 73 110 100 117 99 101 80 97 114 97 109 101 116 ]
        [101 114 115 46 73 110 112 117 116 77 101 116 97 100 97 116 ]
        [97 73 110 100 117 99 101 80 105 112 101 108 105 110 101 78 ]
        [97 109 101 59 99 111 109 46 113 116 105 46 99 97 109 101 ]
        [114 97 46 101 114 114 111 114 73 110 100 117 99 101 80 97 ]
        [114 97 109 101 116 101 114 115 46 73 110 112 117 116 77 101 ]
        [116 97 100 97 116 97 73 110 100 117 99 101 78 111 100 101 ]
        [78 97 109 101 59 99 111 109 46 113 116 105 46 99 97 109 ]
        [101 114 97 46 101 114 114 111 114 73 110 100 117 99 101 80 ]
        [97 114 97 109 101 116 101 114 115 46 73 110 112 117 116 77 ]
        [101 116 97 100 97 116 97 73 110 100 117 99 101 80 111 114 ]
        [116 73 100 59 99 111 109 46 113 116 105 46 99 97 109 101 ]
        [114 97 46 101 114 114 111 114 73 110 100 117 99 101 80 97 ]
        [114 97 109 101 116 101 114 115 46 73 110 112 117 116 77 101 ]
        [116 97 100 97 116 97 73 110 100 117 99 101 69 114 114 111 ]
        [114 67 111 100 101 59 99 111 109 46 113 116 105 46 99 97 ]
        [109 101 114 97 46 101 114 114 111 114 73 110 100 117 99 101 ]
        [80 97 114 97 109 101 116 101 114 115 46 73 110 112 117 116 ]
        [77 101 116 97 100 97 116 97 73 110 100 117 99 101 68 101 ]
        [108 97 121 84 105 109 101 59 99 111 109 46 113 116 105 46 ]
        [99 97 109 101 114 97 46 101 114 114 111 114 73 110 100 117 ]
        [99 101 80 97 114 97 109 101 116 101 114 115 46 73 110 112 ]
        [117 116 77 101 116 97 100 97 116 97 73 110 100 117 99 101 ]
        [75 77 68 78 111 116 105 102 121 84 121 112 101 59 99 111 ]
        [109 46 113 116 105 46 99 97 109 101 114 97 46 115 104 97 ]
        [114 101 100 83 105 110 107 84 97 114 103 101 116 73 110 102 ]
        [111 46 83 104 97 114 101 100 83 105 110 107 84 97 114 103 ]
        [101 116 73 110 102 111 59 111 114 103 46 113 117 105 99 46 ]
        [99 97 109 101 114 97 46 98 117 114 115 116 115 104 111 116 ]
        [46 105 115 66 117 114 115 116 83 104 111 116 59 111 114 103 ]
        [46 113 117 105 99 46 99 97 109 101 114 97 46 103 101 111 ]
        [76 105 98 83 116 105 108 108 70 114 97 109 101 67 111 110 ]
        [102 105 103 46 71 101 111 76 105 98 83 116 105 108 108 70 ]
        [114 97 109 101 67 111 110 102 105 103 80 114 101 102 105 108 ]
        [116 101 114 59 111 114 103 46 113 117 105 99 46 99 97 109 ]
        [101 114 97 46 103 101 111 76 105 98 83 116 105 108 108 70 ]
        [114 97 109 101 67 111 110 102 105 103 46 71 101 111 76 105 ]
        [98 83 116 105 108 108 70 114 97 109 101 67 111 110 102 105 ]
        [103 66 108 101 110 100 105 110 103 59 111 114 103 46 113 117 ]
        [105 99 46 99 97 109 101 114 97 46 103 101 111 76 105 98 ]
        [83 116 105 108 108 70 114 97 109 101 67 111 110 102 105 103 ]
        [46 71 101 111 76 105 98 83 116 105 108 108 70 114 97 109 ]
        [101 67 111 110 102 105 103 69 113 117 97 108 105 122 97 116 ]
        [105 111 110 59 111 114 103 46 113 117 105 99 46 99 97 109 ]
        [101 114 97 46 103 101 111 76 105 98 83 116 105 108 108 70 ]
        [114 97 109 101 67 111 110 102 105 103 46 71 101 111 76 105 ]
        [98 83 116 105 108 108 70 114 97 109 101 67 111 110 102 105 ]
        [103 80 111 115 116 70 105 108 116 101 114 59 111 114 103 46 ]
        [113 117 105 99 46 99 97 109 101 114 97 46 103 101 111 108 ]
        [105 98 46 105 115 71 101 111 76 105 98 78 101 101 100 101 ]
        [100 59 111 114 103 46 113 117 105 99 46 99 97 109 101 114 ]
        [97 46 103 101 111 108 105 98 46 103 101 111 76 105 98 72 ]
        [68 82 70 108 111 119 77 111 100 101 59 111 114 103 46 113 ]
        [117 105 99 46 99 97 109 101 114 97 46 111 102 101 79 117 ]
        [116 112 117 116 68 105 109 46 79 102 101 79 117 116 112 117 ]
        [116 68 105 109 115 73 110 102 111 95 77 97 115 116 101 114 ]
        [59 111 114 103 46 113 117 105 99 46 99 97 109 101 114 97 ]
        [46 100 121 110 97 109 105 99 77 97 114 103 105 110 46 68 ]
        [121 110 97 109 105 99 77 97 114 103 105 110 73 110 102 111 ]
        [59 111 114 103 46 113 117 105 99 46 99 97 109 101 114 97 ]
        [50 46 115 116 97 116 115 78 78 83 97 108 105 78 101 116 ]
        [82 101 115 117 108 116 115 46 115 116 97 116 115 78 78 83 ]
        [97 108 105 101 110 99 121 87 105 100 116 104 59 111 114 103 ]
        [46 113 117 105 99 46 99 97 109 101 114 97 50 46 115 116 ]
        [97 116 115 78 78 83 97 108 105 78 101 116 82 101 115 117 ]
        [108 116 115 46 115 116 97 116 115 78 78 83 97 108 105 101 ]
        [110 99 121 72 101 105 103 104 116 59 111 114 103 46 113 117 ]
        [105 99 46 99 97 109 101 114 97 50 46 115 116 97 116 115 ]
        [78 78 83 97 108 105 78 101 116 82 101 115 117 108 116 115 ]
        [46 115 116 97 116 115 78 78 83 97 108 105 101 110 99 121 ]
        [77 97 112 68 97 116 97 59 111 114 103 46 113 117 105 99 ]
        [46 99 97 109 101 114 97 50 46 115 116 97 116 115 78 78 ]
        [83 97 108 105 78 101 116 82 101 115 117 108 116 115 46 115 ]
        [116 97 116 115 78 78 83 97 108 105 101 110 99 121 78 117 ]
        [109 82 79 73 59 111 114 103 46 113 117 105 99 46 99 97 ]
        [109 101 114 97 50 46 115 116 97 116 115 78 78 83 97 108 ]
        [105 78 101 116 82 101 115 117 108 116 115 46 115 116 97 116 ]
        [115 78 78 83 97 108 105 101 110 99 121 82 79 73 68 97 ]
        [116 97 59 111 114 103 46 113 117 105 99 46 99 97 109 101 ]
        [114 97 50 46 115 116 97 116 115 78 78 83 97 108 105 78 ]
        [101 116 82 101 115 117 108 116 115 46 115 116 97 116 115 78 ]
        [78 83 97 108 105 101 110 99 121 82 79 73 87 101 105 103 ]
        [104 116 59 111 114 103 46 113 117 105 99 46 99 97 109 101 ]
        [114 97 50 46 115 116 97 116 115 78 78 67 111 110 116 114 ]
        [111 108 46 69 110 97 98 108 101 59 111 114 103 46 113 117 ]
        [105 99 46 99 97 109 101 114 97 50 46 80 68 78 101 116 ]
        [67 111 110 116 114 111 108 46 69 110 97 98 108 101 59 99 ]
        [111 109 46 113 116 105 46 99 104 105 46 109 97 120 108 105 ]
        [118 101 112 101 110 100 105 110 103 114 101 113 117 101 115 116 ]
        [115 46 109 97 120 76 105 118 101 80 101 110 100 105 110 103 ]
        [82 101 113 117 101 115 116 115 59 111 114 103 46 113 117 105 ]
        [99 46 99 97 109 101 114 97 46 105 115 82 101 112 114 111 ]
        [99 101 115 115 46 105 115 82 101 112 114 111 99 101 115 115 ]
        [59 111 114 103 46 113 117 105 99 46 99 97 109 101 114 97 ]
        [46 116 102 105 73 110 102 111 114 109 97 116 105 111 110 46 ]
        [84 102 105 73 110 102 111 114 109 97 116 105 111 110 59 111 ]
        [114 103 46 113 117 105 99 46 99 97 109 101 114 97 46 97 ]
        [103 103 114 101 103 97 116 101 100 84 102 105 73 110 102 111 ]
        [114 109 97 116 105 111 110 46 84 102 105 73 110 102 111 114 ]
        [109 97 116 105 111 110 65 103 103 114 101 103 97 116 101 100 ]
        [59 111 114 103 46 113 117 105 99 46 99 97 109 101 114 97 ]
        [46 113 108 108 105 110 112 117 116 105 112 101 46 81 76 76 ]
        [73 110 112 117 116 115 59 111 114 103 46 113 117 105 99 46 ]
        [99 97 109 101 114 97 46 113 108 108 46 105 115 81 76 76 ]
        [69 110 97 98 108 101 100 59 111 114 103 46 113 117 105 99 ]
        [46 99 97 109 101 114 97 46 83 87 77 70 97 110 100 65 ]
        [73 68 101 110 111 105 115 101 114 46 105 115 83 87 77 70 ]
        [69 110 97 98 108 101 100 59 111 114 103 46 113 117 105 99 ]
        [46 99 97 109 101 114 97 46 83 87 77 70 97 110 100 65 ]
        [73 68 101 110 111 105 115 101 114 46 105 115 65 73 68 69 ]
        [69 110 97 98 108 101 100 59 111 114 103 46 113 117 105 99 ]
        [46 99 97 109 101 114 97 46 83 87 77 70 97 110 100 65 ]
        [73 68 101 110 111 105 115 101 114 46 83 87 77 70 97 110 ]
        [100 65 73 68 69 84 117 110 105 110 103 80 97 114 97 109 ]
        [115 59 111 114 103 46 113 117 105 99 46 99 97 109 101 114 ]
        [97 46 104 100 114 111 102 102 108 105 110 101 112 105 112 101 ]
        [108 105 110 101 46 72 68 82 79 102 102 108 105 110 101 80 ]
        [105 112 101 108 105 110 101 59 111 114 103 46 113 117 105 99 ]
        [46 99 97 109 101 114 97 46 65 73 68 69 83 117 112 112 ]
        [111 114 116 101 100 46 105 115 65 73 68 69 83 117 112 112 ]
        [111 114 116 101 100 59 111 114 103 46 113 117 105 99 46 99 ]
        [97 109 101 114 97 46 99 97 112 97 98 105 108 105 116 105 ]
        [101 115 46 115 117 112 112 111 114 116 101 100 65 73 67 97 ]
        [109 101 114 97 77 111 100 101 115 59 111 114 103 46 113 117 ]
        [105 99 46 99 97 109 101 114 97 46 99 97 112 97 98 105 ]
        [108 105 116 105 101 115 46 65 118 97 105 108 97 98 108 101 ]
        [83 101 99 117 114 101 65 116 116 101 115 116 97 116 105 111 ]
        [110 77 111 100 101 115 59 111 114 103 46 113 117 105 99 46 ]
        [99 97 109 101 114 97 46 99 97 112 97 98 105 108 105 116 ]
        [105 101 115 46 65 118 97 105 108 97 98 108 101 83 101 99 ]
        [117 114 101 65 116 116 101 115 116 97 116 105 111 110 77 111 ]
        [100 101 115 77 97 120 83 105 122 101 115 59 111 114 103 46 ]
        [113 117 105 99 46 99 97 109 101 114 97 46 99 97 112 97 ]
        [98 105 108 105 116 105 101 115 46 65 118 97 105 108 97 98 ]
        [108 101 83 101 99 117 114 101 65 116 116 101 115 116 97 116 ]
        [105 111 110 77 111 100 101 115 90 111 111 109 82 97 116 105 ]
        [111 59 111 114 103 46 113 117 105 99 46 99 97 109 101 114 ]
        [97 46 118 105 100 101 111 114 101 116 111 117 99 104 46 105 ]
        [115 86 105 100 101 111 82 101 116 111 117 99 104 83 117 112 ]
        [112 111 114 116 101 100 59 111 114 103 46 113 117 105 99 46 ]
        [99 97 109 101 114 97 46 112 105 112 101 108 105 110 101 67 ]
        [111 110 116 114 111 108 46 80 105 112 101 108 105 110 101 83 ]
        [121 110 99 69 110 97 98 108 101 100 59 111 114 103 46 113 ]
        [117 105 99 46 99 97 109 101 114 97 46 109 117 108 116 105 ]
        [70 114 97 109 101 68 97 116 97 46 109 117 108 116 105 70 ]
        [114 97 109 101 68 97 116 97 59 111 114 103 46 99 111 100 ]
        [101 97 117 114 111 114 97 46 113 99 97 109 101 114 97 51 ]
        [46 72 68 82 67 111 110 116 101 110 116 46 105 115 72 68 ]
        [82 67 111 110 116 101 110 116 59 111 114 103 46 99 111 100 ]
        [101 97 117 114 111 114 97 46 113 99 97 109 101 114 97 51 ]
        [46 72 68 82 67 111 110 116 101 110 116 46 83 70 69 67 ]
        [111 109 112 97 110 100 73 110 102 111 59 111 114 103 46 99 ]
        [111 100 101 97 117 114 111 114 97 46 113 99 97 109 101 114 ]
        [97 51 46 72 68 82 67 111 110 116 101 110 116 46 72 68 ]
        [82 66 105 110 110 105 110 103 70 97 99 116 111 114 59 111 ]
        [114 103 46 113 117 105 99 46 99 97 109 101 114 97 46 97 ]
        [102 100 68 97 116 97 46 78 117 109 98 101 114 79 102 86 ]
        [105 115 105 98 108 101 66 97 110 100 115 59 111 114 103 46 ]
        [113 117 105 99 46 99 97 109 101 114 97 46 97 102 100 68 ]
        [97 116 97 46 82 111 119 83 117 109 84 105 109 101 59 111 ]
        [114 103 46 113 117 105 99 46 99 97 109 101 114 97 46 97 ]
        [102 100 68 97 116 97 46 65 110 116 105 66 97 110 100 105 ]
        [110 103 77 111 100 101 59 111 114 103 46 113 117 105 99 46 ]
        [99 97 109 101 114 97 46 97 102 100 68 97 116 97 46 72 ]
        [78 117 109 59 111 114 103 46 113 117 105 99 46 99 97 109 ]
        [101 114 97 46 97 102 100 68 97 116 97 46 86 78 117 109 ]
        [59 111 114 103 46 113 117 105 99 46 99 97 109 101 114 97 ]
        [46 97 102 100 68 97 116 97 46 78 117 109 98 101 114 79 ]
        [102 76 105 110 101 115 80 101 114 70 114 97 109 101 59 111 ]
        [114 103 46 113 117 105 99 46 99 97 109 101 114 97 46 97 ]
        [102 100 68 97 116 97 46 65 118 103 82 111 108 108 105 110 ]
        [103 69 110 101 114 103 121 82 97 116 105 111 59 111 114 103 ]
        [46 113 117 105 99 46 99 97 109 101 114 97 46 97 102 100 ]
        [68 97 116 97 46 65 118 103 82 111 108 108 105 110 103 67 ]
        [111 110 102 105 100 101 110 99 101 83 99 111 114 101 59 111 ]
        [114 103 46 113 117 105 99 46 99 97 109 101 114 97 46 97 ]
        [102 100 68 97 116 97 46 65 118 103 83 116 97 116 105 99 ]
        [69 110 101 114 103 121 82 97 116 105 111 59 111 114 103 46 ]
        [113 117 105 99 46 99 97 109 101 114 97 46 97 102 100 68 ]
        [97 116 97 46 65 118 103 83 116 97 116 105 99 67 111 110 ]
        [102 105 100 101 110 99 101 83 99 111 114 101 59 111 114 103 ]
        [46 113 117 105 99 46 99 97 109 101 114 97 46 97 102 100 ]
        [68 97 116 97 46 73 115 70 108 105 99 107 101 114 68 101 ]
        [116 101 99 116 101 100 59 99 111 109 46 113 116 105 46 99 ]
        [104 105 46 67 104 114 111 109 97 116 105 120 84 117 110 105 ]
        [110 103 84 111 111 108 46 67 104 114 111 109 97 116 105 120 ]
        [77 101 116 97 100 97 116 97 59 99 111 109 46 113 117 97 ]
        [108 99 111 109 109 46 113 116 105 46 108 105 118 101 84 117 ]
        [110 105 110 103 46 84 114 105 103 103 101 114 68 97 116 97 ]
        [81 117 101 114 121 73 110 102 111 59 111 114 103 46 113 117 ]
        [105 99 46 99 97 109 101 114 97 46 119 98 97 110 100 103 ]
        [116 109 105 110 102 111 102 111 114 116 109 99 46 87 66 97 ]
        [110 100 71 84 77 73 110 102 111 70 111 114 84 77 67 59 ]
        [111 114 103 46 113 117 105 99 46 99 97 109 101 114 97 46 ]
        [110 111 100 101 82 101 116 114 121 46 101 110 97 98 108 101 ]
        [74 80 69 71 84 104 117 109 98 82 101 116 114 121 59 111 ]
        [114 103 46 113 117 105 99 46 99 97 109 101 114 97 46 97 ]
        [102 68 97 116 97 46 105 115 80 68 69 110 97 98 108 101 ]
        [59 111 114 103 46 113 117 105 99 46 99 97 109 101 114 97 ]
        [46 97 102 68 97 116 97 46 80 68 84 121 112 101 59 111 ]
        [114 103 46 113 117 105 99 46 99 97 109 101 114 97 46 97 ]
        [102 68 97 116 97 46 105 115 83 112 97 114 115 101 72 87 ]
        [59 111 114 103 46 113 117 105 99 46 99 97 109 101 114 97 ]
        [46 97 102 68 97 116 97 46 105 115 68 117 97 108 80 68 ]
        [72 87 59 111 114 103 46 113 117 105 99 46 99 97 109 101 ]
        [114 97 46 97 102 68 97 116 97 46 105 115 76 67 82 72 ]
        [87 59 111 114 103 46 113 117 105 99 46 99 97 109 101 114 ]
        [97 46 97 102 68 97 116 97 46 105 115 76 67 82 83 87 ]
        [59 111 114 103 46 113 117 105 99 46 99 97 109 101 114 97 ]
        [46 97 102 68 97 116 97 46 108 101 110 115 112 111 115 59 ]
        [111 114 103 46 113 117 105 99 46 99 97 109 101 114 97 46 ]
        [97 102 68 97 116 97 46 114 111 105 120 115 116 97 114 116 ]
        [59 111 114 103 46 113 117 105 99 46 99 97 109 101 114 97 ]
        [46 97 102 68 97 116 97 46 114 111 105 121 115 116 97 114 ]
        [116 59 111 114 103 46 113 117 105 99 46 99 97 109 101 114 ]
        [97 46 97 102 68 97 116 97 46 114 111 105 120 101 110 100 ]
        [59 111 114 103 46 113 117 105 99 46 99 97 109 101 114 97 ]
        [46 97 102 68 97 116 97 46 114 111 105 121 101 110 100 59 ]
        [111 114 103 46 113 117 105 99 46 99 97 109 101 114 97 46 ]
        [97 102 68 97 116 97 46 97 117 116 111 102 111 99 117 115 ]
        [114 111 105 59 111 114 103 46 113 117 105 99 46 99 97 109 ]
        [101 114 97 46 97 102 68 97 116 97 46 70 111 99 117 115 ]
        [86 97 108 117 101 59 111 114 103 46 113 117 105 99 46 99 ]
        [97 109 101 114 97 46 111 101 109 101 120 105 102 97 112 112 ]
        [50 100 97 116 97 46 79 69 77 69 88 73 70 65 112 112 ]
        [50 68 97 116 97 59 111 114 103 46 113 117 105 99 46 99 ]
        [97 109 101 114 97 46 98 108 117 114 67 111 110 102 105 103 ]
        [46 98 108 117 114 83 104 97 112 101 59 111 114 103 46 113 ]
        [117 105 99 46 99 97 109 101 114 97 46 98 108 117 114 67 ]
        [111 110 102 105 103 46 98 108 117 114 83 116 114 101 110 103 ]
        [116 104 59 111 114 103 46 113 117 105 99 46 99 97 109 101 ]
        [114 97 46 98 108 117 114 67 111 110 102 105 103 46 98 108 ]
        [117 114 70 111 99 117 115 68 105 115 116 97 110 99 101 59 ]
        [111 114 103 46 113 117 105 99 46 99 97 109 101 114 97 46 ]
        [98 108 117 114 67 111 110 102 105 103 46 98 108 117 114 69 ]
        [102 102 101 99 116 59 111 114 103 46 113 117 105 99 46 99 ]
        [97 109 101 114 97 46 98 108 117 114 67 111 110 102 105 103 ]
        [46 98 108 117 114 67 104 114 111 109 97 83 117 112 112 114 ]
        [101 115 115 105 111 110 85 59 111 114 103 46 113 117 105 99 ]
        [46 99 97 109 101 114 97 46 98 108 117 114 67 111 110 102 ]
        [105 103 46 98 108 117 114 67 104 114 111 109 97 83 117 112 ]
        [112 114 101 115 115 105 111 110 86 59 111 114 103 46 113 117 ]
        [105 99 46 99 97 109 101 114 97 46 98 108 117 114 67 111 ]
        [110 102 105 103 46 98 108 117 114 67 104 114 111 109 97 83 ]
        [117 112 112 114 101 115 115 105 111 110 83 116 114 101 110 103 ]
        [116 104 59 99 111 109 46 113 116 105 46 99 97 109 101 114 ]
        [97 46 100 101 112 116 104 46 80 101 114 70 114 97 109 101 ]
        [73 110 102 111 59 99 111 109 46 113 116 105 46 99 97 109 ]
        [101 114 97 46 109 117 120 101 114 78 111 100 101 46 73 115 ]
        [86 73 85 76 76 69 110 97 98 108 101 100 59 111 114 103 ]
        [46 113 117 105 99 46 99 97 109 101 114 97 46 85 66 87 ]
        [67 68 105 115 112 108 97 121 83 116 97 116 115 46 73 80 ]
        [69 85 66 87 67 68 105 115 112 108 97 121 83 116 97 116 ]
        [115 59 111 114 103 46 113 117 105 99 46 99 97 109 101 114 ]
        [97 46 85 66 87 67 86 105 100 101 111 83 116 97 116 115 ]
        [46 73 80 69 85 66 87 67 86 105 100 101 111 83 116 97 ]
        [116 115 59 111 114 103 46 113 117 105 99 46 99 97 109 101 ]
        [114 97 46 103 116 109 109 97 110 117 97 108 99 117 114 118 ]
        [101 46 66 80 83 71 84 77 77 97 110 117 97 108 67 117 ]
        [114 118 101 84 97 103 59 111 114 103 46 113 117 105 99 46 ]
        [99 97 109 101 114 97 46 103 116 109 109 97 110 117 97 108 ]
        [99 117 114 118 101 46 71 84 77 77 97 110 117 97 108 67 ]
        [117 114 118 101 84 97 103 59 111 114 103 46 113 117 105 99 ]
        [46 99 97 109 101 114 97 46 98 108 97 99 107 108 101 118 ]
        [101 108 46 66 108 97 99 107 76 101 118 101 108 79 102 102 ]
        [115 101 116 84 97 103 59 111 114 103 46 113 117 105 99 46 ]
        [99 97 109 101 114 97 46 98 108 97 99 107 108 101 118 101 ]
        [108 46 66 108 97 99 107 76 101 118 101 108 79 102 102 115 ]
        [101 116 66 80 80 84 97 103 59 111 114 103 46 113 117 105 ]
        [99 46 99 97 109 101 114 97 46 98 108 97 99 107 108 101 ]
        [118 101 108 46 76 111 110 103 66 108 97 99 107 76 101 118 ]
        [101 108 79 102 102 115 101 116 84 97 103 59 111 114 103 46 ]
        [113 117 105 99 46 99 97 109 101 114 97 46 98 108 97 99 ]
        [107 108 101 118 101 108 46 83 104 111 114 116 66 108 97 99 ]
        [107 76 101 118 101 108 79 102 102 115 101 116 84 97 103 59 ]
        [111 114 103 46 113 117 105 99 46 99 97 109 101 114 97 46 ]
        [98 108 97 99 107 108 101 118 101 108 46 76 111 110 103 115 ]
        [116 114 101 116 99 104 71 97 105 110 84 97 103 59 111 114 ]
        [103 46 113 117 105 99 46 99 97 109 101 114 97 46 98 108 ]
        [97 99 107 108 101 118 101 108 46 83 104 111 114 116 115 116 ]
        [114 101 116 99 104 71 97 105 110 84 97 103 59 111 114 103 ]
        [46 113 117 105 99 46 99 97 109 101 114 97 46 98 108 97 ]
        [99 107 108 101 118 101 108 46 66 108 97 99 107 76 101 118 ]
        [101 108 84 104 114 101 115 104 111 108 100 66 83 104 111 114 ]
        [116 84 97 103 59 111 114 103 46 113 117 105 99 46 99 97 ]
        [109 101 114 97 46 98 108 97 99 107 108 101 118 101 108 46 ]
        [66 108 97 99 107 76 101 118 101 108 84 104 114 101 115 104 ]
        [111 108 100 71 83 104 111 114 116 84 97 103 59 111 114 103 ]
        [46 113 117 105 99 46 99 97 109 101 114 97 46 98 108 97 ]
        [99 107 108 101 118 101 108 46 66 108 97 99 107 76 101 118 ]
        [101 108 84 104 114 101 115 104 111 108 100 82 83 104 111 114 ]
        [116 84 97 103 59 111 114 103 46 113 117 105 99 46 99 97 ]
        [109 101 114 97 46 98 108 97 99 107 108 101 118 101 108 46 ]
        [66 108 97 99 107 76 101 118 101 108 84 104 114 101 115 104 ]
        [111 108 100 66 76 111 110 103 84 97 103 59 111 114 103 46 ]
        [113 117 105 99 46 99 97 109 101 114 97 46 98 108 97 99 ]
        [107 108 101 118 101 108 46 66 108 97 99 107 76 101 118 101 ]
        [108 84 104 114 101 115 104 111 108 100 71 76 111 110 103 84 ]
        [97 103 59 111 114 103 46 113 117 105 99 46 99 97 109 101 ]
        [114 97 46 98 108 97 99 107 108 101 118 101 108 46 66 108 ]
        [97 99 107 76 101 118 101 108 84 104 114 101 115 104 111 108 ]
        [100 82 76 111 110 103 84 97 103 59 111 114 103 46 99 111 ]
        [100 101 97 117 114 111 114 97 46 113 99 97 109 101 114 97 ]
        [51 46 115 104 97 100 105 110 103 67 111 114 114 101 99 116 ]
        [105 111 110 46 101 110 97 98 108 101 83 104 97 100 105 110 ]
        [103 67 111 114 114 101 99 116 105 111 110 59 99 111 109 46 ]
        [113 116 105 46 115 101 110 115 111 114 98 112 115 46 109 111 ]
        [100 101 95 105 110 100 101 120 59 99 111 109 46 113 116 105 ]
        [46 115 101 110 115 111 114 98 112 115 46 103 97 105 110 59 ]
        [99 111 109 46 113 116 105 46 113 117 97 108 99 111 109 109 ]
        [46 115 112 97 116 105 97 108 86 105 100 101 111 46 65 118 ]
        [97 105 108 97 98 108 101 83 112 97 116 105 97 108 86 105 ]
        [100 101 111 77 111 100 101 115 59 99 111 109 46 113 116 105 ]
        [46 113 117 97 108 99 111 109 109 46 115 112 97 116 105 97 ]
        [108 86 105 100 101 111 46 83 112 97 116 105 97 108 86 105 ]
        [100 101 111 77 111 100 101 59 99 111 109 46 113 116 105 46 ]
        [113 117 97 108 99 111 109 109 46 115 112 97 116 105 97 108 ]
        [86 105 100 101 111 46 83 112 97 116 105 97 108 86 105 100 ]
        [101 111 80 97 114 97 109 115 59 99 111 109 46 113 116 105 ]
        [46 113 117 97 108 99 111 109 109 46 115 112 97 116 105 97 ]
        [108 86 105 100 101 111 46 83 112 97 116 105 97 108 86 105 ]
        [100 101 111 68 101 112 116 104 73 110 102 111 59 99 111 109 ]
        [46 113 117 97 108 99 111 109 109 46 113 116 105 46 102 100 ]
        [77 111 100 101 46 115 107 105 110 84 111 110 101 59 99 111 ]
        [109 46 113 117 97 108 99 111 109 109 46 113 116 105 46 102 ]
        [100 82 101 115 117 108 116 46 115 107 105 110 84 111 110 101 ]
        [59 99 111 109 46 113 117 97 108 99 111 109 109 46 113 116 ]
        [105 46 73 80 69 67 111 110 102 105 103 117 114 97 116 105 ]
        [111 110 46 71 83 83 116 97 116 115 72 119 67 97 112 97 ]
        [98 105 108 105 116 121 59 111 114 103 46 113 117 105 99 46 ]
        [99 97 109 101 114 97 46 111 102 101 77 101 116 97 100 97 ]
        [116 97 46 79 70 69 77 101 116 97 100 97 116 97 84 97 ]
        [103 59 111 114 103 46 113 117 105 99 46 99 97 109 101 114 ]
        [97 50 46 112 114 111 112 101 114 116 105 101 115 95 112 101 ]
        [114 80 105 112 101 108 105 110 101 46 66 97 116 99 104 59 ]
        [111 114 103 46 113 117 105 99 46 99 97 109 101 114 97 50 ]
        [46 112 114 111 112 101 114 116 105 101 115 95 112 101 114 80 ]
        [105 112 101 108 105 110 101 46 80 105 112 101 108 105 110 101 ]
        [79 117 116 112 117 116 68 105 109 101 110 115 105 111 110 115 ]
        [59 111 114 103 46 113 117 105 99 46 99 97 109 101 114 97 ]
        [50 46 112 114 111 112 101 114 116 105 101 115 95 112 101 114 ]
        [80 105 112 101 108 105 110 101 46 72 65 76 79 117 116 112 ]
        [117 116 66 117 102 102 101 114 67 111 109 98 105 110 101 100 ]
        [59 111 114 103 46 113 117 105 99 46 99 97 109 101 114 97 ]
        [50 46 112 114 111 112 101 114 116 105 101 115 95 112 101 114 ]
        [80 105 112 101 108 105 110 101 46 85 115 101 99 97 115 101 ]
        [70 80 83 59 111 114 103 46 113 117 105 99 46 99 97 109 ]
        [101 114 97 50 46 112 114 111 112 101 114 116 105 101 115 95 ]
        [102 100 46 70 68 70 114 97 109 101 83 101 116 116 105 110 ]
        [103 115 59 111 114 103 46 113 117 105 99 46 99 97 109 101 ]
        [114 97 50 46 112 114 111 112 101 114 116 105 101 115 95 102 ]
        [100 46 70 68 73 110 116 101 114 110 97 108 80 101 114 70 ]
        [114 97 109 101 83 101 116 116 105 110 103 115 59 111 114 103 ]
        [46 113 117 105 99 46 99 97 109 101 114 97 50 46 112 114 ]
        [111 112 101 114 116 105 101 115 95 102 100 46 70 68 82 101 ]
        [115 117 108 116 115 59 111 114 103 46 113 117 105 99 46 99 ]
        [97 109 101 114 97 50 46 112 114 111 112 101 114 116 105 101 ]
        [115 95 102 100 46 70 68 85 112 112 101 114 66 111 100 121 ]
        [73 110 102 111 82 101 115 117 108 116 115 59 111 114 103 46 ]
        [113 117 105 99 46 99 97 109 101 114 97 50 46 112 114 111 ]
        [112 101 114 116 105 101 115 95 102 100 46 70 68 77 101 116 ]
        [97 100 97 116 97 82 101 115 117 108 116 115 59 111 114 103 ]
        [46 113 117 105 99 46 99 97 109 101 114 97 50 46 112 114 ]
        [111 112 101 114 116 105 101 115 95 102 100 46 70 68 67 111 ]
        [110 116 111 117 114 82 101 115 117 108 116 115 59 111 114 103 ]
        [46 113 117 105 99 46 99 97 109 101 114 97 50 46 112 114 ]
        [111 112 101 114 116 105 101 115 95 102 100 46 70 68 69 120 ]
        [112 82 101 115 117 108 116 115 59 111 114 103 46 113 117 105 ]
        [99 46 99 97 109 101 114 97 50 46 112 114 111 112 101 114 ]
        [116 105 101 115 95 102 100 46 70 68 71 101 110 82 101 115 ]
        [117 108 116 115 59 111 114 103 46 113 117 105 99 46 99 97 ]
        [109 101 114 97 50 46 112 114 111 112 101 114 116 105 101 115 ]
        [95 102 100 46 70 68 80 101 116 82 101 115 117 108 116 115 ]
        [59 111 114 103 46 113 117 105 99 46 99 97 109 101 114 97 ]
        [50 46 112 114 111 112 101 114 116 105 101 115 95 105 102 101 ]
        [46 73 70 69 65 68 82 67 80 97 114 97 109 115 59 111 ]
        [114 103 46 113 117 105 99 46 99 97 109 101 114 97 50 46 ]
        [112 114 111 112 101 114 116 105 101 115 95 105 102 101 46 73 ]
        [70 69 65 112 112 108 105 101 100 67 114 111 112 59 111 114 ]
        [103 46 113 117 105 99 46 99 97 109 101 114 97 50 46 112 ]
        [114 111 112 101 114 116 105 101 115 95 105 102 101 46 73 70 ]
        [69 68 105 103 105 116 97 108 90 111 111 109 59 111 114 103 ]
        [46 113 117 105 99 46 99 97 109 101 114 97 50 46 112 114 ]
        [111 112 101 114 116 105 101 115 95 105 102 101 46 73 70 69 ]
        [73 110 105 116 80 97 99 107 101 83 117 98 109 105 116 116 ]
        [83 116 97 116 117 115 73 110 102 111 59 111 114 103 46 113 ]
        [117 105 99 46 99 97 109 101 114 97 50 46 112 114 111 112 ]
        [101 114 116 105 101 115 95 105 102 101 46 73 70 69 73 110 ]
        [115 116 97 110 99 101 83 117 98 109 105 116 116 101 100 82 ]
        [101 113 117 101 115 116 73 110 102 111 84 97 103 59 111 114 ]
        [103 46 113 117 105 99 46 99 97 109 101 114 97 50 46 112 ]
        [114 111 112 101 114 116 105 101 115 95 105 102 101 46 73 70 ]
        [69 83 99 97 108 101 79 117 116 112 117 116 59 111 114 103 ]
        [46 113 117 105 99 46 99 97 109 101 114 97 50 46 112 114 ]
        [111 112 101 114 116 105 101 115 95 105 102 101 46 73 70 69 ]
        [76 84 77 68 67 83 116 97 116 115 79 117 116 112 117 116 ]
        [84 97 103 59 111 114 103 46 113 117 105 99 46 99 97 109 ]
        [101 114 97 50 46 112 114 111 112 101 114 116 105 101 115 95 ]
        [105 102 101 46 73 83 80 65 69 67 66 72 105 115 116 67 ]
        [111 110 102 105 103 59 111 114 103 46 113 117 105 99 46 99 ]
        [97 109 101 114 97 50 46 112 114 111 112 101 114 116 105 101 ]
        [115 95 105 102 101 46 73 83 80 65 76 83 67 66 71 67 ]
        [111 110 102 105 103 59 111 114 103 46 113 117 105 99 46 99 ]
        [97 109 101 114 97 50 46 112 114 111 112 101 114 116 105 101 ]
        [115 95 105 102 101 46 73 83 80 84 105 110 116 108 101 115 ]
        [115 66 71 67 111 110 102 105 103 59 111 114 103 46 113 117 ]
        [105 99 46 99 97 109 101 114 97 50 46 112 114 111 112 101 ]
        [114 116 105 101 115 95 105 102 101 46 77 82 67 79 117 116 ]
        [112 117 116 84 97 103 59 111 114 103 46 113 117 105 99 46 ]
        [99 97 109 101 114 97 50 46 112 114 111 112 101 114 116 105 ]
        [101 115 95 105 102 101 46 70 114 111 110 116 69 110 100 79 ]
        [117 116 112 117 116 77 101 116 97 100 97 116 97 84 97 103 ]
        [59 111 114 103 46 113 117 105 99 46 99 97 109 101 114 97 ]
        [50 46 112 114 111 112 101 114 116 105 101 115 95 115 101 110 ]
        [115 111 114 46 82 69 82 67 111 109 112 108 101 116 101 100 ]
        [59 111 114 103 46 113 117 105 99 46 99 97 109 101 114 97 ]
        [50 46 112 114 111 112 101 114 116 105 101 115 95 115 101 110 ]
        [115 111 114 46 83 101 110 115 111 114 70 108 97 115 104 67 ]
        [117 114 114 101 110 116 59 111 114 103 46 113 117 105 99 46 ]
        [99 97 109 101 114 97 50 46 112 114 111 112 101 114 116 105 ]
        [101 115 95 115 101 110 115 111 114 46 83 101 110 115 111 114 ]
        [70 114 97 109 101 83 121 110 99 82 101 102 101 114 101 110 ]
        [99 101 84 105 109 101 115 116 97 109 112 59 111 114 103 46 ]
        [113 117 105 99 46 99 97 109 101 114 97 50 46 112 114 111 ]
        [112 101 114 116 105 101 115 95 115 101 110 115 111 114 46 83 ]
        [101 110 115 111 114 82 101 115 111 108 117 116 105 111 110 73 ]
        [110 102 111 59 111 114 103 46 113 117 105 99 46 99 97 109 ]
        [101 114 97 50 46 112 114 111 112 101 114 116 105 101 115 95 ]
        [115 101 110 115 111 114 46 83 101 110 115 111 114 77 101 116 ]
        [97 66 117 102 102 101 114 68 101 108 97 121 59 111 114 103 ]
        [46 113 117 105 99 46 99 97 109 101 114 97 50 46 112 114 ]
        [111 112 101 114 116 105 101 115 95 115 101 110 115 111 114 46 ]
        [73 110 83 101 110 115 111 114 90 111 111 109 73 110 102 111 ]
        [59 111 114 103 46 113 117 105 99 46 99 97 109 101 114 97 ]
        [50 46 112 114 111 112 101 114 116 105 101 115 95 115 101 110 ]
        [115 111 114 46 80 111 115 116 83 101 110 115 111 114 71 97 ]
        [105 110 73 100 59 111 114 103 46 113 117 105 99 46 99 97 ]
        [109 101 114 97 50 46 112 114 111 112 101 114 116 105 101 115 ]
        [95 115 101 110 115 111 114 46 83 101 110 115 111 114 69 120 ]
        [112 111 115 117 114 101 83 116 97 114 116 84 105 109 101 59 ]
        [111 114 103 46 113 117 105 99 46 99 97 109 101 114 97 50 ]
        [46 112 114 111 112 101 114 116 105 101 115 95 115 101 110 115 ]
        [111 114 46 83 101 110 115 111 114 77 111 100 101 83 119 105 ]
        [116 99 104 101 100 59 111 114 103 46 113 117 105 99 46 99 ]
        [97 109 101 114 97 50 46 112 114 111 112 101 114 116 105 101 ]
        [115 95 115 101 110 115 111 114 46 83 101 110 115 111 114 67 ]
        [117 114 114 101 110 116 77 111 100 101 59 111 114 103 46 113 ]
        [117 105 99 46 99 97 109 101 114 97 50 46 112 114 111 112 ]
        [101 114 116 105 101 115 95 115 101 110 115 111 114 46 83 101 ]
        [110 115 111 114 86 105 114 116 117 97 108 67 104 97 110 110 ]
        [101 108 73 110 102 111 59 111 114 103 46 113 117 105 99 46 ]
        [99 97 109 101 114 97 50 46 112 114 111 112 101 114 116 105 ]
        [101 115 95 115 101 110 115 111 114 46 83 101 110 115 111 114 ]
        [80 68 65 70 73 110 102 111 59 111 114 103 46 113 117 105 ]
        [99 46 99 97 109 101 114 97 50 46 112 114 111 112 101 114 ]
        [116 105 101 115 95 115 101 110 115 111 114 46 83 101 110 115 ]
        [111 114 78 117 109 98 101 114 79 102 76 69 68 115 59 111 ]
        [114 103 46 113 117 105 99 46 99 97 109 101 114 97 50 46 ]
        [112 114 111 112 101 114 116 105 101 115 95 115 101 110 115 111 ]
        [114 46 83 101 110 115 111 114 77 101 116 97 68 97 116 97 ]
        [59 111 114 103 46 113 117 105 99 46 99 97 109 101 114 97 ]
        [50 46 112 114 111 112 101 114 116 105 101 115 95 115 101 110 ]
        [115 111 114 46 83 101 110 115 111 114 80 114 111 112 101 114 ]
        [116 105 101 115 59 111 114 103 46 113 117 105 99 46 99 97 ]
        [109 101 114 97 50 46 112 114 111 112 101 114 116 105 101 115 ]
        [95 115 101 110 115 111 114 46 83 101 110 115 111 114 65 99 ]
        [116 117 97 108 69 120 112 111 115 117 114 101 84 105 109 101 ]
        [59 111 114 103 46 113 117 105 99 46 99 97 109 101 114 97 ]
        [50 46 112 114 111 112 101 114 116 105 101 115 95 115 101 110 ]
        [115 111 114 46 83 101 110 115 111 114 84 101 109 112 101 114 ]
        [97 116 117 114 101 73 110 102 111 59 111 114 103 46 113 117 ]
        [105 99 46 99 97 109 101 114 97 50 46 112 114 111 112 101 ]
        [114 116 105 101 115 95 115 101 110 115 111 114 46 83 101 110 ]
        [115 111 114 68 121 110 97 109 105 99 83 116 97 116 115 83 ]
        [107 105 112 65 100 106 59 111 114 103 46 113 117 105 99 46 ]
        [99 97 109 101 114 97 50 46 112 114 111 112 101 114 116 105 ]
        [101 115 95 115 101 110 115 111 114 46 83 101 110 115 111 114 ]
        [83 116 114 101 97 109 111 110 86 105 114 116 117 97 108 67 ]
        [104 97 110 110 101 108 73 110 102 111 59 111 114 103 46 113 ]
        [117 105 99 46 99 97 109 101 114 97 50 46 112 114 111 112 ]
        [101 114 116 105 101 115 95 115 101 110 115 111 114 46 76 101 ]
        [110 115 73 110 102 111 84 97 103 59 111 114 103 46 113 117 ]
        [105 99 46 99 97 109 101 114 97 50 46 112 114 111 112 101 ]
        [114 116 105 101 115 95 115 101 110 115 111 114 46 83 101 110 ]
        [115 111 114 77 111 100 101 115 59 111 114 103 46 113 117 105 ]
        [99 46 99 97 109 101 114 97 50 46 112 114 111 112 101 114 ]
        [116 105 101 115 95 111 112 101 46 79 80 69 65 68 82 67 ]
        [73 110 102 111 79 117 116 112 117 116 59 111 114 103 46 113 ]
        [117 105 99 46 99 97 109 101 114 97 50 46 112 114 111 112 ]
        [101 114 116 105 101 115 95 111 112 101 46 79 80 69 73 110 ]
        [112 117 116 65 115 112 101 99 116 82 97 116 105 111 59 111 ]
        [114 103 46 113 117 105 99 46 99 97 109 101 114 97 50 46 ]
        [112 114 111 112 101 114 116 105 101 115 95 111 112 101 46 79 ]
        [80 69 76 84 77 68 67 83 116 97 116 115 78 82 84 59 ]
        [111 114 103 46 113 117 105 99 46 99 97 109 101 114 97 50 ]
        [46 112 114 111 112 101 114 116 105 101 115 95 111 112 101 46 ]
        [79 80 69 76 84 77 68 67 83 116 97 116 115 82 84 59 ]
        [111 114 103 46 113 117 105 99 46 99 97 109 101 114 97 50 ]
        [46 112 114 111 112 101 114 116 105 101 115 95 106 112 101 103 ]
        [46 74 80 69 71 68 77 65 79 117 116 73 110 102 111 59 ]
        [111 114 103 46 113 117 105 99 46 99 97 109 101 114 97 50 ]
        [46 112 114 111 112 101 114 116 105 101 115 95 106 112 101 103 ]
        [46 74 80 69 71 69 110 99 111 100 101 79 117 116 73 110 ]
        [102 111 59 111 114 103 46 113 117 105 99 46 99 97 109 101 ]
        [114 97 50 46 112 114 111 112 101 114 116 105 101 115 95 106 ]
        [112 101 103 46 74 80 69 71 69 110 99 111 100 101 79 117 ]
        [116 73 110 102 111 84 104 117 109 98 110 97 105 108 59 111 ]
        [114 103 46 113 117 105 99 46 99 97 109 101 114 97 50 46 ]
        [112 114 111 112 101 114 116 105 101 115 95 106 112 101 103 46 ]
        [74 80 69 71 69 110 99 111 100 101 79 117 116 73 110 102 ]
        [111 84 104 117 109 98 110 97 105 108 81 117 97 108 105 116 ]
        [121 59 111 114 103 46 113 117 105 99 46 99 97 109 101 114 ]
        [97 50 46 112 114 111 112 101 114 116 105 101 115 95 111 102 ]
        [101 46 73 110 116 101 114 109 101 100 105 97 116 101 68 105 ]
        [109 101 110 115 105 111 110 59 111 114 103 46 113 117 105 99 ]
        [46 99 97 109 101 114 97 50 46 112 114 111 112 101 114 116 ]
        [105 101 115 95 111 102 101 46 73 83 80 66 72 105 115 116 ]
        [67 111 110 102 105 103 59 111 114 103 46 113 117 105 99 46 ]
        [99 97 109 101 114 97 50 46 117 115 101 99 97 115 101 95 ]
        [105 102 101 46 73 70 69 73 110 112 117 116 82 101 115 111 ]
        [108 117 116 105 111 110 84 97 103 59 111 114 103 46 113 117 ]
        [105 99 46 99 97 109 101 114 97 50 46 117 115 101 99 97 ]
        [115 101 95 105 102 101 46 73 70 69 79 117 116 112 117 116 ]
        [82 101 115 111 108 117 116 105 111 110 84 97 103 59 111 114 ]
        [103 46 113 117 105 99 46 99 97 109 101 114 97 50 46 117 ]
        [115 101 99 97 115 101 95 105 102 101 46 73 70 69 80 68 ]
        [65 70 73 110 102 111 59 111 114 103 46 113 117 105 99 46 ]
        [99 97 109 101 114 97 50 46 117 115 101 99 97 115 101 95 ]
        [105 102 101 46 73 70 69 65 70 72 87 73 110 102 111 59 ]
        [111 114 103 46 113 117 105 99 46 99 97 109 101 114 97 50 ]
        [46 117 115 101 99 97 115 101 95 105 102 101 46 76 67 82 ]
        [78 101 101 100 68 105 115 97 98 108 101 59 111 114 103 46 ]
        [113 117 105 99 46 99 97 109 101 114 97 50 46 117 115 101 ]
        [99 97 115 101 95 105 102 101 46 73 70 69 73 110 115 116 ]
        [97 110 99 101 73 110 102 111 59 111 114 103 46 113 117 105 ]
        [99 46 99 97 109 101 114 97 50 46 117 115 101 99 97 115 ]
        [101 95 105 102 101 46 73 70 69 83 116 97 116 115 73 110 ]
        [102 111 59 111 114 103 46 113 117 105 99 46 99 97 109 101 ]
        [114 97 50 46 117 115 101 99 97 115 101 95 105 102 101 46 ]
        [73 70 69 83 116 114 105 112 105 110 103 73 110 102 111 59 ]
        [111 114 103 46 113 117 105 99 46 99 97 109 101 114 97 50 ]
        [46 117 115 101 99 97 115 101 95 105 102 101 46 84 70 69 ]
        [83 116 97 116 115 73 110 102 111 59 111 114 103 46 113 117 ]
        [105 99 46 99 97 109 101 114 97 50 46 117 115 101 99 97 ]
        [115 101 95 105 102 101 46 66 70 87 72 87 73 110 102 111 ]
        [59 111 114 103 46 113 117 105 99 46 99 97 109 101 114 97 ]
        [50 46 117 115 101 99 97 115 101 95 105 102 101 46 80 114 ]
        [101 118 105 101 119 80 97 116 104 69 73 83 67 111 114 114 ]
        [101 99 116 105 111 110 59 111 114 103 46 113 117 105 99 46 ]
        [99 97 109 101 114 97 50 46 117 115 101 99 97 115 101 95 ]
        [105 102 101 46 68 101 102 101 114 114 101 100 83 101 116 117 ]
        [112 59 99 111 109 46 113 116 105 46 115 116 97 116 115 46 ]
        [105 110 116 101 114 110 97 108 46 112 101 114 70 114 97 109 ]
        [101 46 65 69 67 80 101 101 114 73 110 102 111 59 99 111 ]
        [109 46 113 116 105 46 115 116 97 116 115 46 105 110 116 101 ]
        [114 110 97 108 46 112 101 114 70 114 97 109 101 46 65 87 ]
        [66 80 101 101 114 73 110 102 111 59 99 111 109 46 113 116 ]
        [105 46 115 116 97 116 115 46 105 110 116 101 114 110 97 108 ]
        [46 112 101 114 70 114 97 109 101 46 65 70 80 101 101 114 ]
        [73 110 102 111 59 99 111 109 46 113 116 105 46 115 116 97 ]
        [116 115 46 105 110 116 101 114 110 97 108 46 112 101 114 70 ]
        [114 97 109 101 46 65 70 66 65 70 68 101 112 101 110 100 ]
        [101 110 99 121 77 101 116 59 99 111 109 46 113 116 105 46 ]
        [115 116 97 116 115 46 105 110 116 101 114 110 97 108 46 112 ]
        [101 114 70 114 97 109 101 46 65 70 68 70 114 97 109 101 ]
        [67 111 110 116 114 111 108 59 99 111 109 46 113 116 105 46 ]
        [115 116 97 116 115 46 105 110 116 101 114 110 97 108 46 112 ]
        [101 114 70 114 97 109 101 46 65 70 68 70 114 97 109 101 ]
        [73 110 102 111 59 99 111 109 46 113 116 105 46 115 116 97 ]
        [116 115 46 105 110 116 101 114 110 97 108 46 112 101 114 70 ]
        [114 97 109 101 46 65 70 70 114 97 109 101 73 110 102 111 ]
        [59 99 111 109 46 113 116 105 46 115 116 97 116 115 46 105 ]
        [110 116 101 114 110 97 108 46 112 101 114 70 114 97 109 101 ]
        [46 65 70 80 68 80 114 111 99 101 115 115 105 110 103 68 ]
        [111 110 101 59 99 111 109 46 113 116 105 46 115 116 97 116 ]
        [115 46 105 110 116 101 114 110 97 108 46 112 101 114 70 114 ]
        [97 109 101 46 65 70 83 116 97 116 115 80 114 111 99 101 ]
        [115 115 105 110 103 68 111 110 101 59 99 111 109 46 113 116 ]
        [105 46 115 116 97 116 115 46 105 110 116 101 114 110 97 108 ]
        [46 112 101 114 70 114 97 109 101 46 65 83 68 70 114 97 ]
        [109 101 73 110 102 111 59 99 111 109 46 113 116 105 46 115 ]
        [116 97 116 115 46 105 110 116 101 114 110 97 108 46 112 101 ]
        [114 70 114 97 109 101 46 65 87 66 70 114 97 109 101 73 ]
        [110 102 111 59 99 111 109 46 113 116 105 46 115 116 97 116 ]
        [115 46 105 110 116 101 114 110 97 108 46 112 101 114 70 114 ]
        [97 109 101 46 65 87 66 82 79 117 116 112 117 116 59 99 ]
        [111 109 46 113 116 105 46 115 116 97 116 115 46 105 110 116 ]
        [101 114 110 97 108 46 112 101 114 70 114 97 109 101 46 65 ]
        [87 66 82 83 116 97 116 115 67 111 110 116 114 111 108 59 ]
        [99 111 109 46 113 116 105 46 115 116 97 116 115 46 105 110 ]
        [116 101 114 110 97 108 46 112 101 114 70 114 97 109 101 46 ]
        [65 69 67 83 121 110 99 59 99 111 109 46 113 116 105 46 ]
        [115 116 97 116 115 46 105 110 116 101 114 110 97 108 46 112 ]
        [101 114 70 114 97 109 101 46 65 70 83 121 110 99 59 99 ]
        [111 109 46 113 116 105 46 115 116 97 116 115 46 105 110 116 ]
        [101 114 110 97 108 46 112 101 114 70 114 97 109 101 46 65 ]
        [87 66 83 121 110 99 59 99 111 109 46 113 116 105 46 115 ]
        [116 97 116 115 46 105 110 116 101 114 110 97 108 46 112 101 ]
        [114 70 114 97 109 101 46 68 121 110 97 109 105 99 83 116 ]
        [97 116 115 83 107 105 112 65 100 106 59 99 111 109 46 113 ]
        [116 105 46 115 116 97 116 115 46 105 110 116 101 114 110 97 ]
        [108 46 112 101 114 70 114 97 109 101 46 70 79 86 67 70 ]
        [114 97 109 101 73 110 102 111 59 99 111 109 46 113 116 105 ]
        [46 115 116 97 116 115 46 105 110 116 101 114 110 97 108 46 ]
        [112 101 114 70 114 97 109 101 46 80 68 76 105 98 73 110 ]
        [105 116 73 110 102 111 59 99 111 109 46 113 116 105 46 115 ]
        [116 97 116 115 46 105 110 116 101 114 110 97 108 46 112 101 ]
        [114 70 114 97 109 101 46 65 69 67 73 110 116 101 114 110 ]
        [97 108 59 99 111 109 46 113 116 105 46 115 116 97 116 115 ]
        [46 105 110 116 101 114 110 97 108 46 112 101 114 70 114 97 ]
        [109 101 46 65 87 66 73 110 116 101 114 110 97 108 59 99 ]
        [111 109 46 113 116 105 46 115 116 97 116 115 46 105 110 116 ]
        [101 114 110 97 108 46 112 101 114 70 114 97 109 101 46 79 ]
        [110 68 101 109 97 110 100 80 101 101 114 65 115 115 105 115 ]
        [116 59 99 111 109 46 113 116 105 46 115 116 97 116 115 46 ]
        [105 110 116 101 114 110 97 108 46 112 101 114 70 114 97 109 ]
        [101 46 65 101 99 76 117 120 59 99 111 109 46 113 116 105 ]
        [46 115 116 97 116 115 46 105 110 116 101 114 110 97 108 46 ]
        [112 101 114 70 114 97 109 101 46 65 70 66 70 117 115 105 ]
        [111 110 83 117 112 112 111 114 116 101 100 70 101 97 116 117 ]
        [114 101 59 99 111 109 46 113 116 105 46 115 116 97 116 115 ]
        [46 105 110 116 101 114 110 97 108 46 112 101 114 70 114 97 ]
        [109 101 46 100 105 115 97 98 108 101 65 68 82 67 59 99 ]
        [111 109 46 113 116 105 46 115 116 97 116 115 46 105 110 116 ]
        [101 114 110 97 108 46 112 101 114 70 114 97 109 101 46 65 ]
        [69 66 114 97 99 107 101 116 77 111 100 101 59 99 111 109 ]
        [46 113 116 105 46 115 116 97 116 115 46 105 110 116 101 114 ]
        [110 97 108 46 112 101 114 70 114 97 109 101 46 65 69 66 ]
        [114 97 99 107 101 116 78 117 109 70 114 97 109 101 115 59 ]
        [99 111 109 46 113 116 105 46 115 116 97 116 115 46 105 110 ]
        [116 101 114 110 97 108 46 112 101 114 70 114 97 109 101 46 ]
        [65 69 66 114 97 99 107 101 116 69 120 112 111 115 117 114 ]
        [101 86 97 108 117 101 115 59 99 111 109 46 113 116 105 46 ]
        [115 116 97 116 115 46 105 110 116 101 114 110 97 108 46 112 ]
        [101 114 70 114 97 109 101 46 97 101 99 95 115 112 101 101 ]
        [100 59 99 111 109 46 113 116 105 46 115 116 97 116 115 46 ]
        [105 110 116 101 114 110 97 108 46 112 101 114 70 114 97 109 ]
        [101 46 65 70 66 114 97 99 107 101 116 105 110 103 67 111 ]
        [110 102 105 103 117 114 97 116 105 111 110 59 99 111 109 46 ]
        [113 116 105 46 115 116 97 116 115 46 105 110 116 101 114 110 ]
        [97 108 46 112 101 114 70 114 97 109 101 46 97 119 98 95 ]
        [115 112 101 101 100 59 99 111 109 46 113 116 105 46 115 116 ]
        [97 116 115 46 105 110 116 101 114 110 97 108 46 117 115 101 ]
        [99 97 115 101 46 83 116 114 101 97 109 73 110 105 116 67 ]
        [111 110 102 105 103 59 99 111 109 46 113 116 105 46 115 116 ]
        [97 116 115 46 105 110 116 101 114 110 97 108 46 117 115 101 ]
        [99 97 115 101 46 77 117 108 116 105 83 101 116 80 68 72 ]
        [119 83 101 116 116 105 110 103 59 99 111 109 46 113 116 105 ]
        [46 115 116 97 116 115 46 105 110 116 101 114 110 97 108 46 ]
        [117 115 101 99 97 115 101 46 80 68 72 87 77 97 120 66 ]
        [117 102 102 101 114 83 105 122 101 59 99 111 109 46 113 116 ]
        [105 46 115 116 97 116 115 46 105 110 116 101 114 110 97 108 ]
        [46 117 115 101 99 97 115 101 46 84 114 97 99 107 101 114 ]
        [82 101 115 117 108 116 115 59 99 111 109 46 113 116 105 46 ]
        [115 116 97 116 115 46 105 110 116 101 114 110 97 108 46 117 ]
        [115 101 99 97 115 101 46 83 97 108 105 101 110 99 121 73 ]
        [110 102 111 59 99 111 109 46 113 116 105 46 115 116 97 116 ]
        [115 46 105 110 116 101 114 110 97 108 46 117 115 101 99 97 ]
        [115 101 46 65 69 67 65 117 120 73 110 102 111 59 99 111 ]
        [109 46 113 116 105 46 115 116 97 116 115 46 105 110 116 101 ]
        [114 110 97 108 46 117 115 101 99 97 115 101 46 65 70 65 ]
        [117 120 73 110 102 111 59 99 111 109 46 113 116 105 46 115 ]
        [116 97 116 115 46 105 110 116 101 114 110 97 108 46 117 115 ]
        [101 99 97 115 101 46 65 87 66 65 117 120 73 110 102 111 ]
        [59 99 111 109 46 113 116 105 46 115 116 97 116 115 46 105 ]
        [110 116 101 114 110 97 108 46 117 115 101 99 97 115 101 46 ]
        [65 69 83 121 110 99 83 116 97 114 116 76 111 99 107 59 ]
        [99 111 109 46 113 116 105 46 115 116 97 116 115 46 105 110 ]
        [116 101 114 110 97 108 46 117 115 101 99 97 115 101 46 65 ]
        [69 83 121 110 99 83 116 111 112 76 111 99 107 59 99 111 ]
        [109 46 113 116 105 46 115 116 97 116 115 46 105 110 116 101 ]
        [114 110 97 108 46 117 115 101 99 97 115 101 46 84 114 97 ]
        [99 107 101 114 67 97 116 109 97 112 59 99 111 109 46 113 ]
        [116 105 46 115 116 97 116 115 46 105 110 116 101 114 110 97 ]
        [108 46 112 101 114 70 114 97 109 101 46 115 116 97 116 115 ]
        [67 111 110 116 114 111 108 46 80 97 114 115 101 114 84 121 ]
        [112 101 66 70 59 99 111 109 46 113 116 105 46 115 116 97 ]
        [116 115 46 105 110 116 101 114 110 97 108 46 112 101 114 70 ]
        [114 97 109 101 46 115 116 97 116 115 67 111 110 116 114 111 ]
        [108 46 80 97 114 115 101 114 84 121 112 101 65 69 67 66 ]
        [71 59 99 111 109 46 113 116 105 46 115 116 97 116 115 46 ]
        [105 110 116 101 114 110 97 108 46 112 101 114 70 114 97 109 ]
        [101 46 115 116 97 116 115 67 111 110 116 114 111 108 46 80 ]
        [97 114 115 101 114 84 121 112 101 72 68 82 66 69 59 99 ]
        [111 109 46 113 116 105 46 115 116 97 116 115 46 105 110 116 ]
        [101 114 110 97 108 46 112 101 114 70 114 97 109 101 46 115 ]
        [116 97 116 115 67 111 110 116 114 111 108 46 80 97 114 115 ]
        [101 114 84 121 112 101 65 69 67 66 69 59 99 111 109 46 ]
        [113 116 105 46 115 116 97 116 115 46 105 110 116 101 114 110 ]
        [97 108 46 112 101 114 70 114 97 109 101 46 115 116 97 116 ]
        [115 67 111 110 116 114 111 108 46 80 97 114 115 101 114 84 ]
        [121 112 101 66 72 105 115 116 59 99 111 109 46 113 116 105 ]
        [46 115 116 97 116 115 46 105 110 116 101 114 110 97 108 46 ]
        [112 101 114 70 114 97 109 101 46 115 116 97 116 115 67 111 ]
        [110 116 114 111 108 46 80 97 114 115 101 114 84 121 112 101 ]
        [72 68 82 66 72 105 115 116 59 99 111 109 46 113 116 105 ]
        [46 115 116 97 116 115 46 105 110 116 101 114 110 97 108 46 ]
        [112 101 114 70 114 97 109 101 46 115 116 97 116 115 67 111 ]
        [110 116 114 111 108 46 80 97 114 115 101 114 84 121 112 101 ]
        [82 83 59 99 111 109 46 113 116 105 46 115 116 97 116 115 ]
        [46 105 110 116 101 114 110 97 108 46 112 101 114 70 114 97 ]
        [109 101 46 115 116 97 116 115 67 111 110 116 114 111 108 46 ]
        [80 97 114 115 101 114 84 121 112 101 65 87 66 66 71 59 ]
        [99 111 109 46 113 116 105 46 115 116 97 116 115 46 105 110 ]
        [116 101 114 110 97 108 46 112 101 114 70 114 97 109 101 46 ]
        [115 116 97 116 115 67 111 110 116 114 111 108 46 80 97 114 ]
        [115 101 114 84 121 112 101 71 83 83 116 97 116 115 59 99 ]
        [111 109 46 113 116 105 46 115 116 97 116 115 46 105 110 116 ]
        [101 114 110 97 108 46 112 101 114 70 114 97 109 101 46 115 ]
        [116 97 116 115 67 111 110 116 114 111 108 46 80 97 114 115 ]
        [101 114 84 121 112 101 84 105 110 116 108 101 115 115 66 71 ]
        [59 99 111 109 46 113 116 105 46 115 116 97 116 115 46 105 ]
        [110 116 101 114 110 97 108 46 112 101 114 70 114 97 109 101 ]
        [46 115 116 97 116 115 67 111 110 116 114 111 108 46 80 97 ]
        [114 115 101 114 84 121 112 101 73 72 105 115 116 59 99 111 ]
        [109 46 113 116 105 46 115 116 97 116 115 46 105 110 116 101 ]
        [114 110 97 108 46 112 101 114 70 114 97 109 101 46 115 116 ]
        [97 116 115 67 111 110 116 114 111 108 46 79 80 69 76 84 ]
        [77 68 67 83 107 105 112 83 116 97 116 115 82 83 59 99 ]
        [111 109 46 113 116 105 46 115 116 97 116 115 46 105 110 116 ]
        [101 114 110 97 108 46 112 101 114 70 114 97 109 101 46 115 ]
        [116 97 116 115 67 111 110 116 114 111 108 46 65 69 67 66 ]
        [69 67 111 110 102 105 103 59 99 111 109 46 113 116 105 46 ]
        [115 116 97 116 115 46 105 110 116 101 114 110 97 108 46 112 ]
        [101 114 70 114 97 109 101 46 115 116 97 116 115 67 111 110 ]
        [116 114 111 108 46 65 69 67 66 72 105 115 116 67 111 110 ]
        [102 105 103 59 99 111 109 46 113 116 105 46 115 116 97 116 ]
        [115 46 105 110 116 101 114 110 97 108 46 112 101 114 70 114 ]
        [97 109 101 46 115 116 97 116 115 67 111 110 116 114 111 108 ]
        [46 65 69 67 66 70 87 67 111 110 102 105 103 59 99 111 ]
        [109 46 113 116 105 46 115 116 97 116 115 46 105 110 116 101 ]
        [114 110 97 108 46 112 101 114 70 114 97 109 101 46 115 116 ]
        [97 116 115 67 111 110 116 114 111 108 46 65 69 67 71 84 ]
        [77 66 72 105 115 116 67 111 110 102 105 103 59 99 111 109 ]
        [46 113 116 105 46 115 116 97 116 115 46 105 110 116 101 114 ]
        [110 97 108 46 112 101 114 70 114 97 109 101 46 115 116 97 ]
        [116 115 67 111 110 116 114 111 108 46 65 87 66 66 71 67 ]
        [111 110 102 105 103 59 99 111 109 46 113 116 105 46 115 116 ]
        [97 116 115 46 105 110 116 101 114 110 97 108 46 112 101 114 ]
        [70 114 97 109 101 46 115 116 97 116 115 67 111 110 116 114 ]
        [111 108 46 65 70 66 65 70 67 111 110 102 105 103 59 99 ]
        [111 109 46 113 116 105 46 115 116 97 116 115 46 105 110 116 ]
        [101 114 110 97 108 46 112 101 114 70 114 97 109 101 46 115 ]
        [116 97 116 115 67 111 110 116 114 111 108 46 65 70 67 65 ]
        [70 67 111 110 102 105 103 59 99 111 109 46 113 116 105 46 ]
        [115 116 97 116 115 46 105 110 116 101 114 110 97 108 46 112 ]
        [101 114 70 114 97 109 101 46 115 116 97 116 115 67 111 110 ]
        [116 114 111 108 46 65 70 66 72 105 115 116 67 111 110 102 ]
        [105 103 59 99 111 109 46 113 116 105 46 115 116 97 116 115 ]
        [46 105 110 116 101 114 110 97 108 46 112 101 114 70 114 97 ]
        [109 101 46 115 116 97 116 115 67 111 110 116 114 111 108 46 ]
        [65 70 68 66 97 121 101 114 82 83 67 111 110 102 105 103 ]
        [59 99 111 109 46 113 116 105 46 115 116 97 116 115 46 105 ]
        [110 116 101 114 110 97 108 46 112 101 114 70 114 97 109 101 ]
        [46 115 116 97 116 115 67 111 110 116 114 111 108 46 65 70 ]
        [68 70 67 71 67 111 110 102 105 103 59 99 111 109 46 113 ]
        [116 105 46 115 116 97 116 115 46 105 110 116 101 114 110 97 ]
        [108 46 112 101 114 70 114 97 109 101 46 115 116 97 116 115 ]
        [67 111 110 116 114 111 108 46 71 83 83 116 97 116 115 67 ]
        [111 110 102 105 103 59 99 111 109 46 113 116 105 46 115 116 ]
        [97 116 115 46 105 110 116 101 114 110 97 108 46 112 101 114 ]
        [70 114 97 109 101 46 115 116 97 116 115 67 111 110 116 114 ]
        [111 108 46 80 68 72 87 67 111 110 102 105 103 59 99 111 ]
        [109 46 113 116 105 46 115 116 97 116 115 46 105 110 116 101 ]
        [114 110 97 108 46 112 101 114 70 114 97 109 101 46 115 116 ]
        [97 116 115 67 111 110 116 114 111 108 46 65 69 67 83 116 ]
        [97 116 115 67 111 110 116 114 111 108 59 99 111 109 46 113 ]
        [116 105 46 115 116 97 116 115 46 105 110 116 101 114 110 97 ]
        [108 46 112 101 114 70 114 97 109 101 46 115 116 97 116 115 ]
        [67 111 110 116 114 111 108 46 65 87 66 83 116 97 116 115 ]
        [67 111 110 116 114 111 108 59 99 111 109 46 113 116 105 46 ]
        [115 116 97 116 115 46 105 110 116 101 114 110 97 108 46 112 ]
        [101 114 70 114 97 109 101 46 115 116 97 116 115 67 111 110 ]
        [116 114 111 108 46 65 70 83 116 97 116 115 67 111 110 116 ]
        [114 111 108 59 99 111 109 46 113 116 105 46 115 116 97 116 ]
        [115 46 105 110 116 101 114 110 97 108 46 112 101 114 70 114 ]
        [97 109 101 46 115 116 97 116 115 67 111 110 116 114 111 108 ]
        [46 65 70 68 83 116 97 116 115 67 111 110 116 114 111 108 ]
        [59 99 111 109 46 113 116 105 46 115 116 97 116 115 46 105 ]
        [110 116 101 114 110 97 108 46 112 101 114 70 114 97 109 101 ]
        [46 115 116 97 116 115 67 111 110 116 114 111 108 46 73 72 ]
        [105 115 116 83 116 97 116 115 67 111 110 116 114 111 108 59 ]
        [99 111 109 46 113 116 105 46 115 116 97 116 115 46 105 110 ]
        [116 101 114 110 97 108 46 112 101 114 70 114 97 109 101 46 ]
        [115 116 97 116 115 67 111 110 116 114 111 108 46 79 102 102 ]
        [108 105 110 101 82 83 67 111 110 102 105 103 59 99 111 109 ]
        [46 113 116 105 46 115 116 97 116 115 46 105 110 116 101 114 ]
        [110 97 108 46 112 101 114 70 114 97 109 101 46 102 114 97 ]
        [109 101 67 111 110 116 114 111 108 46 65 69 67 70 114 97 ]
        [109 101 67 111 110 116 114 111 108 59 99 111 109 46 113 116 ]
        [105 46 115 116 97 116 115 46 105 110 116 101 114 110 97 108 ]
        [46 112 101 114 70 114 97 109 101 46 102 114 97 109 101 67 ]
        [111 110 116 114 111 108 46 65 87 66 70 114 97 109 101 67 ]
        [111 110 116 114 111 108 59 99 111 109 46 113 116 105 46 115 ]
        [116 97 116 115 46 105 110 116 101 114 110 97 108 46 112 101 ]
        [114 70 114 97 109 101 46 102 114 97 109 101 67 111 110 116 ]
        [114 111 108 46 65 70 70 114 97 109 101 67 111 110 116 114 ]
        [111 108 59 99 111 109 46 113 116 105 46 115 116 97 116 115 ]
        [46 105 110 116 101 114 110 97 108 46 112 101 114 70 114 97 ]
        [109 101 46 102 114 97 109 101 67 111 110 116 114 111 108 46 ]
        [65 69 67 70 114 97 109 101 73 110 102 111 59 99 111 109 ]
        [46 113 116 105 46 115 116 97 116 115 46 105 110 116 101 114 ]
        [110 97 108 46 112 101 114 70 114 97 109 101 46 102 114 97 ]
        [109 101 67 111 110 116 114 111 108 46 70 79 86 67 70 114 ]
        [97 109 101 67 111 110 116 114 111 108 59 99 111 109 46 113 ]
        [116 105 46 115 116 97 116 115 46 105 110 116 101 114 110 97 ]
        [108 46 112 101 114 70 114 97 109 101 46 102 114 97 109 101 ]
        [67 111 110 116 114 111 108 46 81 76 76 70 114 97 109 101 ]
        [67 111 110 116 114 111 108 59 99 111 109 46 113 116 105 46 ]
        [115 116 97 116 115 46 105 110 116 101 114 110 97 108 46 112 ]
        [101 114 70 114 97 109 101 46 102 114 97 109 101 67 111 110 ]
        [116 114 111 108 46 81 76 76 65 87 66 83 110 97 112 115 ]
        [104 111 116 67 111 110 116 114 111 108 59 99 111 109 46 113 ]
        [116 105 46 115 116 97 116 115 46 105 110 116 101 114 110 97 ]
        [108 46 112 101 114 70 114 97 109 101 46 102 114 97 109 101 ]
        [67 111 110 116 114 111 108 46 73 70 79 86 67 70 114 97 ]
        [109 101 67 111 110 116 114 111 108 59 99 111 109 46 113 116 ]
        [105 46 115 116 97 116 115 46 105 110 116 101 114 110 97 108 ]
        [46 112 101 114 70 114 97 109 101 46 102 114 97 109 101 67 ]
        [111 110 116 114 111 108 46 80 68 70 114 97 109 101 67 111 ]
        [110 116 114 111 108 59 111 114 103 46 113 117 105 99 46 99 ]
        [97 109 101 114 97 50 46 112 114 111 112 101 114 116 105 101 ]
        [115 95 105 115 112 46 73 83 80 65 87 66 66 71 67 111 ]
        [110 102 105 103 84 97 103 59 111 114 103 46 113 117 105 99 ]
        [46 99 97 109 101 114 97 50 46 112 114 111 112 101 114 116 ]
        [105 101 115 95 105 115 112 46 73 83 80 71 83 83 116 97 ]
        [116 115 67 111 110 102 105 103 84 97 103 59 111 114 103 46 ]
        [113 117 105 99 46 99 97 109 101 114 97 50 46 112 114 111 ]
        [112 101 114 116 105 101 115 95 105 115 112 46 73 83 80 66 ]
        [70 67 111 110 102 105 103 84 97 103 59 111 114 103 46 113 ]
        [117 105 99 46 99 97 109 101 114 97 50 46 112 114 111 112 ]
        [101 114 116 105 101 115 95 105 115 112 46 73 83 80 66 70 ]
        [87 67 111 110 102 105 103 84 97 103 59 111 114 103 46 113 ]
        [117 105 99 46 99 97 109 101 114 97 50 46 112 114 111 112 ]
        [101 114 116 105 101 115 95 105 115 112 46 73 83 80 67 83 ]
        [67 111 110 102 105 103 84 97 103 59 111 114 103 46 113 117 ]
        [105 99 46 99 97 109 101 114 97 50 46 112 114 111 112 101 ]
        [114 116 105 101 115 95 105 115 112 46 73 83 80 72 68 82 ]
        [66 69 67 111 110 102 105 103 84 97 103 59 111 114 103 46 ]
        [113 117 105 99 46 99 97 109 101 114 97 50 46 112 114 111 ]
        [112 101 114 116 105 101 115 95 105 115 112 46 73 83 80 65 ]
        [69 67 66 69 67 111 110 102 105 103 84 97 103 59 111 114 ]
        [103 46 113 117 105 99 46 99 97 109 101 114 97 50 46 112 ]
        [114 111 112 101 114 116 105 101 115 95 105 115 112 46 73 83 ]
        [80 72 68 82 66 72 105 115 116 67 111 110 102 105 103 84 ]
        [97 103 59 111 114 103 46 113 117 105 99 46 99 97 109 101 ]
        [114 97 50 46 112 114 111 112 101 114 116 105 101 115 95 105 ]
        [115 112 46 73 83 80 73 72 105 115 116 67 111 110 102 105 ]
        [103 84 97 103 59 111 114 103 46 113 117 105 99 46 99 97 ]
        [109 101 114 97 50 46 112 114 111 112 101 114 116 105 101 115 ]
        [95 105 115 112 46 73 83 80 82 83 67 111 110 102 105 103 ]
        [84 97 103 59 111 114 103 46 113 117 105 99 46 99 97 109 ]
        [101 114 97 50 46 112 114 111 112 101 114 116 105 101 115 95 ]
        [105 115 112 46 73 83 80 67 65 70 67 111 110 102 105 103 ]
        [84 97 103 59 111 114 103 46 113 117 105 99 46 99 97 109 ]
        [101 114 97 50 46 112 114 111 112 101 114 116 105 101 115 95 ]
        [105 115 112 46 73 83 80 66 76 84 77 68 67 67 111 110 ]
        [102 105 103 84 97 103 59 111 114 103 46 113 117 105 99 46 ]
        [99 97 109 101 114 97 50 46 112 114 111 112 101 114 116 105 ]
        [101 115 95 105 115 112 46 73 83 80 65 70 66 72 105 115 ]
        [116 67 111 110 102 105 103 84 97 103 59 111 114 103 46 113 ]
        [117 105 99 46 99 97 109 101 114 97 50 46 112 114 111 112 ]
        [101 114 116 105 101 115 95 105 115 112 46 73 83 80 84 77 ]
        [67 66 72 105 115 116 67 111 110 102 105 103 84 97 103 59 ]
        [111 114 103 46 113 117 105 99 46 99 97 109 101 114 97 50 ]
        [46 112 114 111 112 101 114 116 105 101 115 95 108 114 109 101 ]
        [46 76 82 77 69 70 114 97 109 101 83 101 116 116 105 110 ]
        [103 115 84 97 103 59 99 111 109 46 113 116 105 46 110 111 ]
        [100 101 46 100 101 112 116 104 46 80 111 105 110 116 67 108 ]
        [111 117 100 67 111 117 110 116 59 99 111 109 46 113 116 105 ]
        [46 110 111 100 101 46 100 101 112 116 104 112 114 111 118 105 ]
        [100 101 114 46 68 101 112 116 104 84 105 109 101 115 116 97 ]
        [109 112 59 99 111 109 46 113 116 105 46 110 111 100 101 46 ]
        [100 117 109 109 121 100 101 112 116 104 46 68 101 112 116 104 ]
        [50 76 85 84 59 99 111 109 46 113 116 105 46 110 111 100 ]
        [101 46 100 117 109 109 121 114 116 98 46 83 117 112 112 111 ]
        [114 116 101 100 70 101 97 116 117 114 101 59 99 111 109 46 ]
        [113 116 105 46 110 111 100 101 46 100 117 109 109 121 115 97 ]
        [116 46 83 117 112 112 111 114 116 101 100 70 101 97 116 117 ]
        [114 101 59 99 111 109 46 113 116 105 46 110 111 100 101 46 ]
        [101 105 115 118 50 46 65 108 103 111 67 111 109 112 108 101 ]
        [116 101 59 99 111 109 46 113 116 105 46 110 111 100 101 46 ]
        [101 105 115 118 51 46 76 111 111 107 65 104 101 97 100 68 ]
        [101 112 101 110 100 101 110 99 121 59 99 111 109 46 113 116 ]
        [105 46 110 111 100 101 46 101 105 115 118 51 46 69 73 83 ]
        [72 97 110 100 108 101 59 99 111 109 46 113 116 105 46 110 ]
        [111 100 101 46 101 105 115 118 51 46 69 73 83 118 51 84 ]
        [105 109 101 73 110 116 101 114 118 97 108 83 121 110 99 59 ]
        [99 111 109 46 113 116 105 46 110 111 100 101 46 101 118 115 ]
        [46 83 117 112 112 111 114 116 101 100 70 101 97 116 117 114 ]
        [101 69 86 83 59 99 111 109 46 113 116 105 46 110 111 100 ]
        [101 46 102 99 118 46 83 117 112 112 111 114 116 101 100 70 ]
        [101 97 116 117 114 101 59 99 111 109 46 113 116 105 46 110 ]
        [111 100 101 46 102 99 118 46 67 117 114 114 101 110 116 77 ]
        [111 100 101 59 99 111 109 46 113 116 105 46 110 111 100 101 ]
        [46 102 99 118 46 80 114 111 99 101 115 115 101 100 70 114 ]
        [97 109 101 78 117 109 98 101 114 59 99 111 109 46 113 116 ]
        [105 46 110 111 100 101 46 102 99 118 46 70 114 97 109 101 ]
        [68 105 109 101 110 115 105 111 110 59 99 111 109 46 113 116 ]
        [105 46 110 111 100 101 46 102 99 118 46 66 121 112 97 115 ]
        [115 67 97 109 101 114 97 73 100 59 99 111 109 46 113 116 ]
        [105 46 110 111 100 101 46 103 112 117 46 83 117 112 112 111 ]
        [114 116 101 100 70 101 97 116 117 114 101 59 99 111 109 46 ]
        [113 116 105 46 110 111 100 101 46 103 112 117 46 67 117 114 ]
        [114 101 110 116 77 111 100 101 59 99 111 109 46 113 116 105 ]
        [46 110 111 100 101 46 103 112 117 46 80 114 111 99 101 115 ]
        [115 101 100 70 114 97 109 101 78 117 109 98 101 114 59 99 ]
        [111 109 46 113 116 105 46 110 111 100 101 46 103 112 117 46 ]
        [70 114 97 109 101 68 105 109 101 110 115 105 111 110 59 99 ]
        [111 109 46 113 116 105 46 110 111 100 101 46 103 112 117 46 ]
        [66 121 112 97 115 115 67 97 109 101 114 97 73 100 59 99 ]
        [111 109 46 113 116 105 46 110 111 100 101 46 103 121 114 111 ]
        [114 110 110 46 83 70 69 65 108 105 103 110 109 101 110 116 ]
        [77 97 114 103 105 110 59 99 111 109 46 113 116 105 46 110 ]
        [111 100 101 46 103 121 114 111 114 110 110 46 83 70 69 65 ]
        [108 105 103 110 109 101 110 116 71 114 105 100 59 99 111 109 ]
        [46 113 116 105 46 110 111 100 101 46 103 121 114 111 114 110 ]
        [110 46 83 70 69 65 108 105 103 110 109 101 110 116 83 104 ]
        [105 102 116 79 102 102 115 101 116 59 99 111 109 46 113 116 ]
        [105 46 110 111 100 101 46 105 116 111 102 112 114 101 112 114 ]
        [111 99 101 115 115 46 73 84 79 70 73 110 100 111 111 114 ]
        [79 117 116 100 111 111 114 70 108 97 103 59 99 111 109 46 ]
        [113 116 105 46 110 111 100 101 46 105 116 111 102 112 114 101 ]
        [112 114 111 99 101 115 115 46 73 84 79 70 73 110 116 101 ]
        [110 115 105 116 121 65 118 101 114 97 103 101 59 99 111 109 ]
        [46 113 116 105 46 110 111 100 101 46 105 116 111 102 112 114 ]
        [101 112 114 111 99 101 115 115 46 73 84 79 70 65 109 112 ]
        [108 105 116 117 100 101 65 118 101 114 97 103 101 59 99 111 ]
        [109 46 113 116 105 46 110 111 100 101 46 105 116 111 102 112 ]
        [114 101 112 114 111 99 101 115 115 46 73 84 79 70 80 114 ]
        [101 80 114 111 99 101 115 115 73 110 105 116 73 110 102 111 ]
        [59 99 111 109 46 113 116 105 46 110 111 100 101 46 109 101 ]
        [109 99 112 121 46 83 117 112 112 111 114 116 101 100 70 101 ]
        [97 116 117 114 101 59 99 111 109 46 113 116 105 46 110 111 ]
        [100 101 46 109 117 108 116 105 112 111 114 116 46 76 111 119 ]
        [76 105 103 104 116 77 111 100 101 59 99 111 109 46 113 116 ]
        [105 46 110 111 100 101 46 112 110 99 100 99 46 83 117 112 ]
        [112 111 114 116 101 100 70 101 97 116 117 114 101 59 99 111 ]
        [109 46 113 116 105 46 110 111 100 101 46 112 110 99 100 99 ]
        [46 67 117 114 114 101 110 116 77 111 100 101 59 99 111 109 ]
        [46 113 116 105 46 110 111 100 101 46 112 110 99 100 99 46 ]
        [80 114 111 99 101 115 115 101 100 70 114 97 109 101 78 117 ]
        [109 98 101 114 59 99 111 109 46 113 116 105 46 110 111 100 ]
        [101 46 112 110 99 100 99 46 70 114 97 109 101 68 105 109 ]
        [101 110 115 105 111 110 59 99 111 109 46 113 116 105 46 110 ]
        [111 100 101 46 112 110 99 100 99 46 66 121 112 97 115 115 ]
        [67 97 109 101 114 97 73 100 59 99 111 109 46 113 116 105 ]
        [46 110 111 100 101 46 114 101 109 111 115 97 105 99 46 83 ]
        [117 112 112 111 114 116 101 100 70 101 97 116 117 114 101 59 ]
        [99 111 109 46 113 116 105 46 110 111 100 101 46 115 97 116 ]
        [46 83 117 112 112 111 114 116 101 100 70 101 97 116 117 114 ]
        [101 59 99 111 109 46 113 116 105 46 110 111 100 101 46 115 ]
        [97 116 46 83 65 84 73 110 116 101 114 110 97 108 68 97 ]
        [116 97 59 99 111 109 46 113 116 105 46 110 111 100 101 46 ]
        [115 97 116 46 83 65 84 69 97 114 108 121 83 101 110 115 ]
        [111 114 83 119 105 116 99 104 68 97 116 97 59 99 111 109 ]
        [46 113 116 105 46 110 111 100 101 46 100 117 109 109 121 115 ]
        [116 105 99 104 46 83 117 112 112 111 114 116 101 100 70 101 ]
        [97 116 117 114 101 59 99 111 109 46 113 116 105 46 110 111 ]
        [100 101 46 115 119 109 99 116 102 46 82 101 103 105 115 116 ]
        [101 114 67 111 109 112 108 101 116 101 59 99 111 109 46 113 ]
        [116 105 46 110 111 100 101 46 115 119 109 99 116 102 46 80 ]
        [114 111 99 101 115 115 67 111 109 112 108 101 116 101 59 99 ]
        [111 109 46 113 116 105 46 110 111 100 101 46 115 119 109 99 ]
        [116 102 46 77 97 105 110 116 97 105 110 83 101 113 117 101 ]
        [110 99 101 59 99 111 109 46 113 116 105 46 110 111 100 101 ]
        [46 115 119 109 99 116 102 46 69 120 116 114 97 72 65 76 ]
        [66 117 102 102 101 114 115 59 99 111 109 46 113 116 105 46 ]
        [110 111 100 101 46 115 119 112 110 99 46 83 117 112 112 111 ]
        [114 116 101 100 70 101 97 116 117 114 101 59 99 111 109 46 ]
        [113 116 105 46 110 111 100 101 46 115 119 112 114 101 112 114 ]
        [111 99 101 115 115 46 83 117 112 112 111 114 116 101 100 70 ]
        [101 97 116 117 114 101 59 99 111 109 46 113 116 105 46 110 ]
        [111 100 101 46 115 119 112 114 101 112 114 111 99 101 115 115 ]
        [46 67 117 114 114 101 110 116 77 111 100 101 59 99 111 109 ]
        [46 113 116 105 46 110 111 100 101 46 115 119 112 114 101 112 ]
        [114 111 99 101 115 115 46 80 114 111 99 101 115 115 101 100 ]
        [70 114 97 109 101 78 117 109 98 101 114 59 99 111 109 46 ]
        [113 116 105 46 110 111 100 101 46 115 119 112 114 101 112 114 ]
        [111 99 101 115 115 46 70 114 97 109 101 68 105 109 101 110 ]
        [115 105 111 110 59 99 111 109 46 111 112 108 117 115 46 110 ]
        [111 100 101 46 118 105 100 101 111 97 105 110 114 46 83 117 ]
        [112 112 111 114 116 101 100 70 101 97 116 117 114 101 59 99 ]
        [111 109 46 111 112 108 117 115 46 110 111 100 101 46 118 105 ]
        [100 101 111 97 105 110 114 46 67 117 114 114 101 110 116 77 ]
        [111 100 101 59 99 111 109 46 111 112 108 117 115 46 110 111 ]
        [100 101 46 118 105 100 101 111 97 105 110 114 46 80 114 111 ]
        [99 101 115 115 101 100 70 114 97 109 101 78 117 109 98 101 ]
        [114 59 99 111 109 46 111 112 108 117 115 46 110 111 100 101 ]
        [46 118 105 100 101 111 97 105 110 114 46 70 114 97 109 101 ]
        [68 105 109 101 110 115 105 111 110 59 99 111 109 46 111 112 ]
        [108 117 115 46 110 111 100 101 46 118 105 100 101 111 109 108 ]
        [102 116 46 83 117 112 112 111 114 116 101 100 70 101 97 116 ]
        [117 114 101 59 99 111 109 46 111 112 108 117 115 46 110 111 ]
        [100 101 46 118 105 100 101 111 109 108 102 116 46 67 117 114 ]
        [114 101 110 116 77 111 100 101 59 99 111 109 46 111 112 108 ]
        [117 115 46 110 111 100 101 46 118 105 100 101 111 109 108 102 ]
        [116 46 80 114 111 99 101 115 115 101 100 70 114 97 109 101 ]
        [78 117 109 98 101 114 59 99 111 109 46 111 112 108 117 115 ]
        [46 110 111 100 101 46 118 105 100 101 111 109 108 102 116 46 ]
        [70 114 97 109 101 68 105 109 101 110 115 105 111 110 59 99 ]
        [111 109 46 113 116 105 46 115 116 97 116 115 46 105 110 116 ]
        [101 114 110 97 108 46 112 101 114 70 114 97 109 101 46 97 ]
        [102 46 72 111 114 105 67 111 117 110 116 59 99 111 109 46 ]
        [113 116 105 46 115 116 97 116 115 46 105 110 116 101 114 110 ]
        [97 108 46 112 101 114 70 114 97 109 101 46 97 102 46 86 ]
        [101 114 116 67 111 117 110 116 59 99 111 109 46 113 116 105 ]
        [46 115 116 97 116 115 46 105 110 116 101 114 110 97 108 46 ]
        [112 101 114 70 114 97 109 101 46 97 102 46 87 105 100 116 ]
        [104 82 101 103 105 111 110 59 99 111 109 46 113 116 105 46 ]
        [115 116 97 116 115 46 105 110 116 101 114 110 97 108 46 112 ]
        [101 114 70 114 97 109 101 46 97 102 46 72 101 105 103 104 ]
        [116 82 101 103 105 111 110 59 99 111 109 46 113 116 105 46 ]
        [115 116 97 116 115 46 105 110 116 101 114 110 97 108 46 112 ]
        [101 114 70 114 97 109 101 46 97 102 46 72 111 114 105 79 ]
        [102 102 115 101 116 59 99 111 109 46 113 116 105 46 115 116 ]
        [97 116 115 46 105 110 116 101 114 110 97 108 46 112 101 114 ]
        [70 114 97 109 101 46 97 102 46 86 101 114 116 79 102 102 ]
        [115 101 116 59 99 111 109 46 113 116 105 46 115 116 97 116 ]
        [115 46 105 110 116 101 114 110 97 108 46 112 101 114 70 114 ]
        [97 109 101 46 97 102 46 67 111 110 102 105 100 101 110 99 ]
        [101 77 97 112 59 99 111 109 46 113 116 105 46 115 116 97 ]
        [116 115 46 105 110 116 101 114 110 97 108 46 112 101 114 70 ]
        [114 97 109 101 46 97 102 46 68 105 115 116 97 110 99 101 ]
        [77 97 112 59 99 111 109 46 113 116 105 46 115 116 97 116 ]
        [115 46 105 110 116 101 114 110 97 108 46 112 101 114 70 114 ]
        [97 109 101 46 97 102 46 83 101 108 101 99 116 105 111 110 ]
        [77 97 112 59 99 111 109 46 113 116 105 46 115 116 97 116 ]
        [115 46 105 110 116 101 114 110 97 108 46 112 101 114 70 114 ]
        [97 109 101 46 97 102 46 68 101 102 111 99 117 115 77 97 ]
        [112 59 99 111 109 46 113 116 105 46 115 116 97 116 115 46 ]
        [105 110 116 101 114 110 97 108 46 112 101 114 70 114 97 109 ]
        [101 46 97 119 98 87 114 97 112 112 101 114 46 65 87 66 ]
        [71 97 105 110 115 59 99 111 109 46 113 116 105 46 115 116 ]
        [97 116 115 46 105 110 116 101 114 110 97 108 46 112 101 114 ]
        [70 114 97 109 101 46 97 119 98 87 114 97 112 112 101 114 ]
        [46 65 87 66 67 67 84 59 99 111 109 46 113 116 105 46 ]
        [115 116 97 116 115 46 105 110 116 101 114 110 97 108 46 101 ]
        [120 97 109 112 108 101 46 112 100 108 105 98 46 80 68 76 ]
        [105 98 84 97 103 49 59 99 111 109 46 113 116 105 46 115 ]
        [116 97 116 115 46 105 110 116 101 114 110 97 108 46 101 120 ]
        [97 109 112 108 101 46 112 100 108 105 98 46 80 68 76 105 ]
        [98 84 97 103 50 59 99 111 109 46 113 116 105 46 115 116 ]
        [97 116 115 46 105 110 116 101 114 110 97 108 46 101 120 97 ]
        [109 112 108 101 46 97 101 99 46 86 101 110 100 111 114 84 ]
        [97 103 49 59 99 111 109 46 113 116 105 46 115 116 97 116 ]
        [115 46 105 110 116 101 114 110 97 108 46 101 120 97 109 112 ]
        [108 101 46 97 101 99 46 86 101 110 100 111 114 84 97 103 ]
        [50 59 99 111 109 46 113 116 105 46 115 116 97 116 115 46 ]
        [105 110 116 101 114 110 97 108 46 101 120 97 109 112 108 101 ]
        [46 97 102 46 65 70 65 108 103 111 84 97 103 49 59 99 ]
        [111 109 46 113 116 105 46 115 116 97 116 115 46 105 110 116 ]
        [101 114 110 97 108 46 101 120 97 109 112 108 101 46 97 102 ]
        [46 65 70 65 108 103 111 84 97 103 50 59 99 111 109 46 ]
        [113 116 105 46 115 116 97 116 115 46 105 110 116 101 114 110 ]
        [97 108 46 101 120 97 109 112 108 101 46 97 119 98 46 65 ]
        [87 66 65 108 103 111 84 97 103 49 59 99 111 109 46 113 ]
        [116 105 46 115 116 97 116 115 46 105 110 116 101 114 110 97 ]
        [108 46 101 120 97 109 112 108 101 46 97 119 98 46 65 87 ]
        [66 65 108 103 111 84 97 103 50 59 99 111 109 46 113 116 ]
        [105 46 115 116 97 116 115 46 105 110 116 101 114 110 97 108 ]
        [46 112 101 114 70 114 97 109 101 46 115 116 97 116 105 115 ]
        [116 105 99 115 46 65 69 67 66 69 83 116 97 116 115 59 ]
        [99 111 109 46 113 116 105 46 115 116 97 116 115 46 105 110 ]
        [116 101 114 110 97 108 46 112 101 114 70 114 97 109 101 46 ]
        [115 116 97 116 105 115 116 105 99 115 46 65 69 67 66 72 ]
        [105 115 116 83 116 97 116 115 59 99 111 109 46 113 116 105 ]
        [46 115 116 97 116 115 46 105 110 116 101 114 110 97 108 46 ]
        [112 101 114 70 114 97 109 101 46 115 116 97 116 105 115 116 ]
        [105 99 115 46 65 70 66 72 105 115 116 83 116 97 116 115 ]
        [59 99 111 109 46 113 116 105 46 115 116 97 116 115 46 105 ]
        [110 116 101 114 110 97 108 46 112 101 114 70 114 97 109 101 ]
        [46 115 116 97 116 105 115 116 105 99 115 46 65 87 66 66 ]
        [71 83 116 97 116 115 59 99 111 109 46 113 116 105 46 115 ]
        [116 97 116 115 46 105 110 116 101 114 110 97 108 46 112 101 ]
        [114 70 114 97 109 101 46 115 116 97 116 105 115 116 105 99 ]
        [115 46 66 65 70 83 116 97 116 115 59 99 111 109 46 113 ]
        [116 105 46 115 116 97 116 115 46 105 110 116 101 114 110 97 ]
        [108 46 112 101 114 70 114 97 109 101 46 115 116 97 116 105 ]
        [115 116 105 99 115 46 66 65 70 50 55 83 116 97 116 115 ]
        [59 99 111 109 46 113 116 105 46 115 116 97 116 115 46 105 ]
        [110 116 101 114 110 97 108 46 112 101 114 70 114 97 109 101 ]
        [46 115 116 97 116 105 115 116 105 99 115 46 82 83 83 116 ]
        [97 116 115 59 99 111 109 46 113 116 105 46 115 116 97 116 ]
        [115 46 105 110 116 101 114 110 97 108 46 112 101 114 70 114 ]
        [97 109 101 46 115 116 97 116 105 115 116 105 99 115 46 79 ]
        [102 102 108 105 110 101 82 83 83 116 97 116 115 59 99 111 ]
        [109 46 113 116 105 46 115 116 97 116 115 46 105 110 116 101 ]
        [114 110 97 108 46 112 101 114 70 114 97 109 101 46 115 116 ]
        [97 116 105 115 116 105 99 115 46 66 70 87 83 116 97 116 ]
        [115 59 99 111 109 46 113 116 105 46 115 116 97 116 115 46 ]
        [105 110 116 101 114 110 97 108 46 112 101 114 70 114 97 109 ]
        [101 46 115 116 97 116 105 115 116 105 99 115 46 66 72 105 ]
        [115 116 83 116 97 116 115 59 99 111 109 46 113 116 105 46 ]
        [115 116 97 116 115 46 105 110 116 101 114 110 97 108 46 112 ]
        [101 114 70 114 97 109 101 46 115 116 97 116 105 115 116 105 ]
        [99 115 46 67 65 70 83 116 97 116 115 59 99 111 109 46 ]
        [113 116 105 46 115 116 97 116 115 46 105 110 116 101 114 110 ]
        [97 108 46 112 101 114 70 114 97 109 101 46 115 116 97 116 ]
        [105 115 116 105 99 115 46 72 65 70 67 65 70 83 116 97 ]
        [116 115 59 99 111 109 46 113 116 105 46 99 104 105 46 99 ]
        [97 109 101 114 97 99 111 110 102 105 103 117 114 97 116 105 ]
        [111 110 46 80 104 121 115 105 99 97 108 67 97 109 101 114 ]
        [97 67 111 110 102 105 103 115 59 99 111 109 46 113 116 105 ]
        [46 99 104 105 46 99 97 109 101 114 97 99 111 110 102 105 ]
        [103 117 114 97 116 105 111 110 46 80 104 121 115 105 99 97 ]
        [108 67 97 109 101 114 97 73 110 112 117 116 67 111 110 102 ]
        [105 103 59 99 111 109 46 113 116 105 46 99 104 105 46 99 ]
        [97 109 101 114 97 99 111 110 102 105 103 117 114 97 116 105 ]
        [111 110 46 80 104 121 115 105 99 97 108 68 105 102 102 101 ]
        [114 101 110 116 68 105 109 101 110 115 105 111 110 77 97 112 ]
        [59 111 114 103 46 113 117 105 99 46 99 97 109 101 114 97 ]
        [46 71 97 109 109 97 68 97 116 97 46 73 70 69 71 97 ]
        [109 109 97 79 117 116 112 117 116 59 111 114 103 46 113 117 ]
        [105 99 46 99 97 109 101 114 97 46 71 97 109 109 97 68 ]
        [97 116 97 46 66 80 83 71 97 109 109 97 79 117 116 112 ]
        [117 116 59 111 114 103 46 113 117 105 99 46 99 97 109 101 ]
        [114 97 46 71 97 109 109 97 68 97 116 97 46 79 102 102 ]
        [108 105 110 101 71 97 109 109 97 79 117 116 112 117 116 59 ]
        [111 114 103 46 113 117 105 99 46 99 97 109 101 114 97 50 ]
        [46 111 98 106 101 99 116 84 114 97 99 107 105 110 103 82 ]
        [101 115 117 108 116 115 46 84 114 97 99 107 101 114 69 110 ]
        [97 98 108 101 59 111 114 103 46 113 117 105 99 46 99 97 ]
        [109 101 114 97 50 46 111 98 106 101 99 116 84 114 97 99 ]
        [107 105 110 103 82 101 115 117 108 116 115 46 84 114 97 99 ]
        [107 101 114 83 116 97 116 117 115 59 111 114 103 46 113 117 ]
        [105 99 46 99 97 109 101 114 97 50 46 111 98 106 101 99 ]
        [116 84 114 97 99 107 105 110 103 82 101 115 117 108 116 115 ]
        [46 82 101 115 117 108 116 82 79 73 59 111 114 103 46 113 ]
        [117 105 99 46 99 97 109 101 114 97 50 46 111 98 106 101 ]
        [99 116 84 114 97 99 107 105 110 103 82 101 115 117 108 116 ]
        [115 46 84 114 97 99 107 101 114 83 99 111 114 101 59 111 ]
        [114 103 46 113 117 105 99 46 99 97 109 101 114 97 50 46 ]
        [115 116 114 101 97 109 99 111 110 102 105 103 115 46 83 116 ]
        [114 101 97 109 70 111 114 109 97 116 73 110 102 111 59 111 ]
        [114 103 46 113 117 105 99 46 99 97 109 101 114 97 50 46 ]
        [116 117 110 105 110 103 46 102 101 97 116 117 114 101 46 70 ]
        [101 97 116 117 114 101 49 77 111 100 101 59 111 114 103 46 ]
        [113 117 105 99 46 99 97 109 101 114 97 50 46 116 117 110 ]
        [105 110 103 46 102 101 97 116 117 114 101 46 70 101 97 116 ]
        [117 114 101 50 77 111 100 101 59 111 114 103 46 113 117 105 ]
        [99 46 99 97 109 101 114 97 50 46 111 101 109 46 116 114 ]
        [105 103 103 101 114 46 79 69 77 95 65 69 67 95 73 81 ]
        [84 114 105 103 103 101 114 59 111 114 103 46 113 117 105 99 ]
        [46 99 97 109 101 114 97 50 46 111 101 109 46 116 114 105 ]
        [103 103 101 114 46 79 69 77 95 65 87 66 95 73 81 84 ]
        [114 105 103 103 101 114 59 111 114 103 46 113 117 105 99 46 ]
        [99 97 109 101 114 97 50 46 111 101 109 46 116 114 105 103 ]
        [103 101 114 46 79 69 77 95 65 70 95 73 81 84 114 105 ]
        [103 103 101 114 59 111 114 103 46 113 117 105 99 46 99 97 ]
        [109 101 114 97 50 46 111 101 109 46 116 114 105 103 103 101 ]
        [114 46 79 69 77 95 82 101 115 101 114 118 101 95 73 81 ]
        [84 114 105 103 103 101 114 59 111 114 103 46 113 117 105 99 ]
        [46 99 97 109 101 114 97 50 46 105 112 101 105 99 97 99 ]
        [111 110 102 105 103 115 46 73 67 65 73 110 80 101 114 115 ]
        [112 101 99 116 105 118 101 84 114 97 110 115 102 111 114 109 ]
        [59 111 114 103 46 113 117 105 99 46 99 97 109 101 114 97 ]
        [50 46 105 112 101 105 99 97 99 111 110 102 105 103 115 46 ]
        [73 67 65 73 110 71 114 105 100 79 117 116 50 73 110 84 ]
        [114 97 110 115 102 111 114 109 59 111 114 103 46 113 117 105 ]
        [99 46 99 97 109 101 114 97 50 46 105 112 101 105 99 97 ]
        [99 111 110 102 105 103 115 46 73 67 65 73 110 71 114 105 ]
        [100 73 110 50 79 117 116 84 114 97 110 115 102 111 114 109 ]
        [59 111 114 103 46 113 117 105 99 46 99 97 109 101 114 97 ]
        [50 46 105 112 101 105 99 97 99 111 110 102 105 103 115 46 ]
        [73 67 65 73 110 73 110 116 101 114 112 111 108 97 116 105 ]
        [111 110 80 97 114 97 109 115 59 111 114 103 46 113 117 105 ]
        [99 46 99 97 109 101 114 97 50 46 105 112 101 105 99 97 ]
        [99 111 110 102 105 103 115 46 73 67 65 82 101 102 80 101 ]
        [114 115 112 101 99 116 105 118 101 84 114 97 110 115 102 111 ]
        [114 109 59 111 114 103 46 113 117 105 99 46 99 97 109 101 ]
        [114 97 50 46 105 112 101 105 99 97 99 111 110 102 105 103 ]
        [115 46 73 67 65 82 101 102 71 114 105 100 84 114 97 110 ]
        [115 102 111 114 109 59 111 114 103 46 113 117 105 99 46 99 ]
        [97 109 101 114 97 50 46 105 112 101 105 99 97 99 111 110 ]
        [102 105 103 115 46 73 67 65 82 101 102 73 110 116 101 114 ]
        [112 111 108 97 116 105 111 110 80 97 114 97 109 115 59 111 ]
        [114 103 46 113 117 105 99 46 99 97 109 101 114 97 50 46 ]
        [105 112 101 105 99 97 99 111 110 102 105 103 115 46 73 67 ]
        [65 82 101 102 101 114 101 110 99 101 80 97 114 97 109 115 ]
        [59 111 114 103 46 113 117 105 99 46 99 97 109 101 114 97 ]
        [50 46 105 112 101 105 99 97 99 111 110 102 105 103 115 46 ]
        [73 67 65 82 101 102 101 114 101 110 99 101 80 97 114 97 ]
        [109 115 76 111 111 107 65 104 101 97 100 59 111 114 103 46 ]
        [113 117 105 99 46 99 97 109 101 114 97 50 46 105 112 101 ]
        [105 99 97 99 111 110 102 105 103 115 46 73 67 65 73 110 ]
        [80 101 114 115 112 101 99 116 105 118 101 84 114 97 110 115 ]
        [102 111 114 109 76 111 111 107 65 104 101 97 100 59 111 114 ]
        [103 46 113 117 105 99 46 99 97 109 101 114 97 50 46 105 ]
        [112 101 105 99 97 99 111 110 102 105 103 115 46 73 67 65 ]
        [73 110 71 114 105 100 84 114 97 110 115 102 111 114 109 76 ]
        [111 111 107 97 104 101 97 100 59 111 114 103 46 113 117 105 ]
        [99 46 99 97 109 101 114 97 50 46 105 112 101 105 99 97 ]
        [99 111 110 102 105 103 115 46 69 120 116 114 97 70 114 97 ]
        [109 101 119 111 114 107 66 117 102 102 101 114 115 59 111 114 ]
        [103 46 113 117 105 99 46 99 97 109 101 114 97 50 46 105 ]
        [112 101 105 99 97 99 111 110 102 105 103 115 46 69 73 83 ]
        [118 51 79 117 116 112 117 116 67 114 111 112 70 79 86 59 ]
        [111 114 103 46 113 117 105 99 46 99 97 109 101 114 97 50 ]
        [46 105 112 101 105 99 97 99 111 110 102 105 103 115 46 69 ]
        [73 83 118 50 79 117 116 112 117 116 67 114 111 112 70 79 ]
        [86 59 111 114 103 46 113 117 105 99 46 99 97 109 101 114 ]
        [97 50 46 105 112 101 105 99 97 99 111 110 102 105 103 115 ]
        [46 65 108 116 69 120 112 84 111 65 110 99 104 111 114 69 ]
        [120 112 65 108 105 103 110 109 101 110 116 84 114 97 110 115 ]
        [102 111 114 109 59 111 114 103 46 113 117 105 99 46 99 97 ]
        [109 101 114 97 50 46 105 112 101 105 99 97 99 111 110 102 ]
        [105 103 115 46 65 108 116 69 120 112 84 111 65 110 99 104 ]
        [111 114 69 120 112 65 108 105 103 110 109 101 110 116 84 114 ]
        [97 110 115 102 111 114 109 65 117 120 59 111 114 103 46 113 ]
        [117 105 99 46 99 97 109 101 114 97 50 46 105 112 101 105 ]
        [99 97 99 111 110 102 105 103 115 46 73 67 65 82 101 102 ]
        [101 114 101 110 99 101 80 97 114 97 109 115 71 114 105 100 ]
        [59 111 114 103 46 113 117 105 99 46 99 97 109 101 114 97 ]
        [50 46 105 112 101 105 99 97 99 111 110 102 105 103 115 46 ]
        [68 105 115 116 111 114 116 105 111 110 67 111 114 114 101 99 ]
        [116 105 111 110 71 114 105 100 77 101 116 97 59 111 114 103 ]
        [46 113 117 105 99 46 99 97 109 101 114 97 50 46 105 112 ]
        [101 105 99 97 99 111 110 102 105 103 115 46 73 67 65 83 ]
        [110 97 112 115 104 111 116 80 101 114 115 112 101 99 116 105 ]
        [118 101 84 114 97 110 115 102 111 114 109 59 111 114 103 46 ]
        [113 117 105 99 46 99 97 109 101 114 97 50 46 105 112 101 ]
        [105 99 97 99 111 110 102 105 103 115 46 73 67 65 83 110 ]
        [97 112 115 104 111 116 71 114 105 100 79 117 116 50 73 110 ]
        [84 114 97 110 115 102 111 114 109 59 111 114 103 46 113 117 ]
        [105 99 46 99 97 109 101 114 97 50 46 105 112 101 105 99 ]
        [97 99 111 110 102 105 103 115 46 69 73 83 50 65 112 112 ]
        [114 111 120 67 114 111 112 59 111 114 103 46 113 117 105 99 ]
        [46 99 97 109 101 114 97 50 46 105 112 101 105 99 97 99 ]
        [111 110 102 105 103 115 46 77 97 105 110 83 101 110 115 111 ]
        [114 67 111 109 112 111 115 105 116 101 82 101 99 116 65 110 ]
        [100 68 105 115 116 59 111 114 103 46 113 117 105 99 46 99 ]
        [97 109 101 114 97 50 46 105 112 101 105 99 97 99 111 110 ]
        [102 105 103 115 46 65 117 120 83 101 110 115 111 114 67 111 ]
        [109 112 111 115 105 116 101 82 101 99 116 65 110 100 68 105 ]
        [115 116 59 111 114 103 46 113 117 105 99 46 99 97 109 101 ]
        [114 97 50 46 105 112 101 105 99 97 99 111 110 102 105 103 ]
        [115 46 68 101 82 101 99 116 105 102 105 99 97 116 105 111 ]
        [110 59 111 114 103 46 113 117 105 99 46 99 97 109 101 114 ]
        [97 50 46 105 112 101 105 99 97 99 111 110 102 105 103 115 ]
        [46 84 105 109 101 87 97 114 112 80 101 114 115 112 101 99 ]
        [116 105 118 101 84 114 97 110 102 111 114 109 59 111 114 103 ]
        [46 113 117 105 99 46 99 97 109 101 114 97 50 46 105 112 ]
        [101 105 99 97 99 111 110 102 105 103 115 46 86 97 108 105 ]
        [100 68 101 112 116 104 80 111 108 121 103 111 110 59 111 114 ]
        [103 46 113 117 105 99 46 99 97 109 101 114 97 50 46 105 ]
        [112 101 105 99 97 99 111 110 102 105 103 115 46 77 97 105 ]
        [110 83 101 110 115 111 114 82 101 99 116 105 102 105 99 97 ]
        [116 105 111 110 59 111 114 103 46 113 117 105 99 46 99 97 ]
        [109 101 114 97 50 46 105 112 101 105 99 97 99 111 110 102 ]
        [105 103 115 46 68 105 115 112 108 97 121 68 105 115 116 111 ]
        [114 116 105 111 110 67 111 114 114 101 99 116 105 111 110 71 ]
        [114 105 100 77 101 116 97 59 111 114 103 46 113 117 105 99 ]
        [46 99 97 109 101 114 97 50 46 105 112 101 105 99 97 99 ]
        [111 110 102 105 103 115 46 69 73 83 51 65 112 112 114 111 ]
        [120 67 114 111 112 87 82 84 73 110 112 117 116 59 111 114 ]
        [103 46 113 117 105 99 46 99 97 109 101 114 97 50 46 105 ]
        [112 101 105 99 97 99 111 110 102 105 103 115 46 69 73 83 ]
        [79 117 116 112 117 116 83 97 109 112 108 101 114 59 111 114 ]
        [103 46 113 117 105 99 46 99 97 109 101 114 97 50 46 105 ]
        [112 101 105 99 97 99 111 110 102 105 103 115 46 73 67 65 ]
        [73 110 68 105 115 116 67 111 114 114 101 99 116 105 111 110 ]
        [71 114 105 100 59 111 114 103 46 113 117 105 99 46 99 97 ]
        [109 101 114 97 50 46 105 112 101 105 99 97 99 111 110 102 ]
        [105 103 115 46 69 73 83 77 105 115 99 79 117 116 112 117 ]
        [116 59 111 114 103 46 113 117 105 99 46 99 97 109 101 114 ]
        [97 46 100 101 98 117 103 100 97 116 97 46 68 101 98 117 ]
        [103 68 97 116 97 65 108 108 59 111 114 103 46 113 117 105 ]
        [99 46 99 97 109 101 114 97 46 100 101 98 117 103 100 97 ]
        [116 97 46 68 101 98 117 103 68 97 116 97 65 69 67 59 ]
        [111 114 103 46 113 117 105 99 46 99 97 109 101 114 97 46 ]
        [100 101 98 117 103 100 97 116 97 46 68 101 98 117 103 68 ]
        [97 116 97 65 87 66 59 111 114 103 46 113 117 105 99 46 ]
        [99 97 109 101 114 97 46 100 101 98 117 103 100 97 116 97 ]
        [46 68 101 98 117 103 68 97 116 97 65 70 59 111 114 103 ]
        [46 113 117 105 99 46 99 97 109 101 114 97 46 100 101 98 ]
        [117 103 100 97 116 97 46 68 101 98 117 103 68 97 116 97 ]
        [65 70 68 59 111 114 103 46 113 117 105 99 46 99 97 109 ]
        [101 114 97 46 100 101 98 117 103 100 97 116 97 46 68 101 ]
        [98 117 103 68 97 116 97 65 70 67 59 111 114 103 46 113 ]
        [117 105 99 46 99 97 109 101 114 97 46 100 101 98 117 103 ]
        [100 97 116 97 46 68 101 98 117 103 68 97 116 97 77 101 ]
        [109 111 114 121 51 65 59 111 114 103 46 113 117 105 99 46 ]
        [99 97 109 101 114 97 46 100 101 98 117 103 100 97 116 97 ]
        [46 68 101 98 117 103 68 97 116 97 77 101 109 111 114 121 ]
        [84 117 110 105 110 103 77 101 116 97 59 111 114 103 46 113 ]
        [117 105 99 46 99 97 109 101 114 97 46 100 101 98 117 103 ]
        [100 97 116 97 46 68 101 98 117 103 68 97 116 97 84 117 ]
        [110 105 110 103 77 101 116 97 59 111 114 103 46 113 117 105 ]
        [99 46 99 97 109 101 114 97 46 100 101 98 117 103 100 97 ]
        [116 97 46 68 101 98 117 103 68 97 116 97 84 117 110 105 ]
        [110 103 77 101 116 97 65 114 114 97 121 59 111 114 103 46 ]
        [113 117 105 99 46 99 97 109 101 114 97 46 100 101 98 117 ]
        [103 100 97 116 97 46 68 101 98 117 103 68 97 116 97 67 ]
        [117 115 116 111 109 105 122 101 100 65 114 114 97 121 59 111 ]
        [114 103 46 113 117 105 99 46 99 97 109 101 114 97 50 46 ]
        [111 98 106 101 99 116 84 114 97 99 107 105 110 103 67 111 ]
        [110 102 105 103 46 69 110 97 98 108 101 59 111 114 103 46 ]
        [113 117 105 99 46 99 97 109 101 114 97 50 46 111 98 106 ]
        [101 99 116 84 114 97 99 107 105 110 103 67 111 110 102 105 ]
        [103 46 67 109 100 84 114 105 103 103 101 114 59 111 114 103 ]
        [46 113 117 105 99 46 99 97 109 101 114 97 50 46 111 98 ]
        [106 101 99 116 84 114 97 99 107 105 110 103 67 111 110 102 ]
        [105 103 46 82 101 103 105 115 116 101 114 82 79 73 59 111 ]
        [114 103 46 113 117 105 99 46 99 97 109 101 114 97 50 46 ]
        [114 101 102 46 99 114 111 112 115 105 122 101 46 82 101 102 ]
        [67 114 111 112 83 105 122 101 59 111 114 103 46 113 117 105 ]
        [99 46 99 97 109 101 114 97 50 46 114 101 102 46 99 114 ]
        [111 112 115 105 122 101 46 68 105 115 97 98 108 101 90 111 ]
        [111 109 67 114 111 112 59 99 111 109 46 113 116 105 46 115 ]
        [116 97 116 115 46 97 119 98 119 114 97 112 112 101 114 46 ]
        [65 87 66 67 67 84 59 111 114 103 46 99 111 100 101 97 ]
        [117 114 111 114 97 46 113 99 97 109 101 114 97 51 46 109 ]
        [97 110 117 97 108 87 66 46 99 111 108 111 114 95 116 101 ]
        [109 112 101 114 97 116 117 114 101 59 111 114 103 46 99 111 ]
        [100 101 97 117 114 111 114 97 46 113 99 97 109 101 114 97 ]
        [51 46 109 97 110 117 97 108 87 66 46 99 111 108 111 114 ]
        [95 116 101 109 112 101 114 97 116 117 114 101 95 114 97 110 ]
        [103 101 59 111 114 103 46 99 111 100 101 97 117 114 111 114 ]
        [97 46 113 99 97 109 101 114 97 51 46 109 97 110 117 97 ]
        [108 87 66 46 99 111 108 111 114 95 116 105 110 116 59 111 ]
        [114 103 46 99 111 100 101 97 117 114 111 114 97 46 113 99 ]
        [97 109 101 114 97 51 46 109 97 110 117 97 108 87 66 46 ]
        [103 97 105 110 115 59 111 114 103 46 99 111 100 101 97 117 ]
        [114 111 114 97 46 113 99 97 109 101 114 97 51 46 109 97 ]
        [110 117 97 108 87 66 46 103 97 105 110 115 95 114 97 110 ]
        [103 101 59 111 114 103 46 99 111 100 101 97 117 114 111 114 ]
        [97 46 113 99 97 109 101 114 97 51 46 109 97 110 117 97 ]
        [108 87 66 46 112 97 114 116 105 97 108 95 109 119 98 95 ]
        [109 111 100 101 59 111 114 103 46 113 117 105 99 46 99 97 ]
        [109 101 114 97 50 46 116 117 110 105 110 103 46 80 101 114 ]
        [83 116 114 101 97 109 72 68 82 77 111 100 101 46 83 116 ]
        [114 101 97 109 72 68 82 77 111 100 101 77 97 112 59 111 ]
        [114 103 46 113 117 105 99 46 99 97 109 101 114 97 50 46 ]
        [115 101 110 115 111 114 95 114 101 103 105 115 116 101 114 95 ]
        [99 111 110 116 114 111 108 46 115 101 110 115 111 114 95 114 ]
        [101 103 105 115 116 101 114 95 99 111 110 116 114 111 108 59 ]
        [111 114 103 46 113 117 105 99 46 99 97 109 101 114 97 50 ]
        [46 109 102 110 114 99 111 110 102 105 103 115 46 77 70 78 ]
        [82 84 111 116 97 108 78 117 109 70 114 97 109 101 115 59 ]
        [111 114 103 46 113 117 105 99 46 99 97 109 101 114 97 50 ]
        [46 109 102 110 114 99 111 110 102 105 103 115 46 77 70 78 ]
        [82 66 108 101 110 100 70 114 97 109 101 78 117 109 59 111 ]
        [114 103 46 113 117 105 99 46 99 97 109 101 114 97 50 46 ]
        [109 102 110 114 99 111 110 102 105 103 115 46 77 117 108 116 ]
        [105 102 114 97 109 101 82 101 113 117 101 115 116 84 105 109 ]
        [101 115 116 97 109 112 59 111 114 103 46 113 117 105 99 46 ]
        [99 97 109 101 114 97 50 46 109 102 115 114 99 111 110 102 ]
        [105 103 115 46 77 70 83 82 84 111 116 97 108 78 117 109 ]
        [70 114 97 109 101 115 59 111 114 103 46 113 117 105 99 46 ]
        [99 97 109 101 114 97 50 46 109 102 115 114 99 111 110 102 ]
        [105 103 115 46 77 70 83 82 66 108 101 110 100 70 114 97 ]
        [109 101 78 117 109 59 111 114 103 46 113 117 105 99 46 99 ]
        [97 109 101 114 97 50 46 116 117 110 105 110 103 46 109 111 ]
        [100 101 46 84 117 110 105 110 103 77 111 100 101 59 111 114 ]
        [103 46 99 111 100 101 97 117 114 111 114 97 46 113 99 97 ]
        [109 101 114 97 51 46 116 101 109 112 111 114 97 108 95 100 ]
        [101 110 111 105 115 101 46 101 110 97 98 108 101 59 111 114 ]
        [103 46 99 111 100 101 97 117 114 111 114 97 46 113 99 97 ]
        [109 101 114 97 51 46 116 101 109 112 111 114 97 108 95 100 ]
        [101 110 111 105 115 101 46 112 114 111 99 101 115 115 95 116 ]
        [121 112 101 59 111 114 103 46 113 117 105 99 46 99 97 109 ]
        [101 114 97 46 105 102 101 99 114 111 112 105 110 102 111 46 ]
        [82 101 115 105 100 117 97 108 67 114 111 112 59 111 114 103 ]
        [46 113 117 105 99 46 99 97 109 101 114 97 46 105 102 101 ]
        [99 114 111 112 105 110 102 111 46 65 112 112 108 105 101 100 ]
        [67 114 111 112 59 111 114 103 46 113 117 105 99 46 99 97 ]
        [109 101 114 97 46 105 102 101 99 114 111 112 105 110 102 111 ]
        [46 83 101 110 115 111 114 73 70 69 65 112 112 108 105 101 ]
        [100 67 114 111 112 59 111 114 103 46 113 117 105 99 46 99 ]
        [97 109 101 114 97 46 105 102 101 99 114 111 112 105 110 102 ]
        [111 46 82 68 73 83 116 114 101 97 109 67 114 111 112 59 ]
        [111 114 103 46 99 111 100 101 97 117 114 111 114 97 46 113 ]
        [99 97 109 101 114 97 51 46 101 120 112 111 115 117 114 101 ]
        [95 109 101 116 101 114 105 110 103 46 101 120 112 111 115 117 ]
        [114 101 95 109 101 116 101 114 105 110 103 95 109 111 100 101 ]
        [59 111 114 103 46 99 111 100 101 97 117 114 111 114 97 46 ]
        [113 99 97 109 101 114 97 51 46 101 120 112 111 115 117 114 ]
        [101 95 109 101 116 101 114 105 110 103 46 97 118 97 105 108 ]
        [97 98 108 101 95 109 111 100 101 115 59 111 114 103 46 113 ]
        [117 105 99 46 99 97 109 101 114 97 46 105 102 101 105 110 ]
        [105 116 112 97 99 107 101 116 46 83 117 98 109 105 116 116 ]
        [101 100 59 111 114 103 46 113 117 105 99 46 99 97 109 101 ]
        [114 97 46 101 105 115 51 101 110 97 98 108 101 46 69 73 ]
        [83 86 51 69 110 97 98 108 101 59 111 114 103 46 113 117 ]
        [105 99 46 99 97 109 101 114 97 46 115 116 114 101 97 109 ]
        [84 121 112 101 80 114 101 115 101 110 116 46 112 114 101 118 ]
        [105 101 119 59 111 114 103 46 99 111 100 101 97 117 114 111 ]
        [114 97 46 113 99 97 109 101 114 97 51 46 115 117 112 112 ]
        [111 114 116 101 100 72 68 82 109 111 100 101 115 46 72 68 ]
        [82 77 111 100 101 115 59 111 114 103 46 99 111 100 101 97 ]
        [117 114 111 114 97 46 113 99 97 109 101 114 97 51 46 115 ]
        [117 112 112 111 114 116 101 100 72 68 82 109 111 100 101 115 ]
        [46 72 68 82 68 67 71 77 111 100 101 115 59 111 114 103 ]
        [46 99 111 100 101 97 117 114 111 114 97 46 113 99 97 109 ]
        [101 114 97 51 46 115 117 112 112 111 114 116 101 100 83 99 ]
        [114 101 101 110 71 114 97 98 109 111 100 101 115 46 83 99 ]
        [114 101 101 110 71 114 97 98 77 111 100 101 115 59 111 114 ]
        [103 46 113 117 105 99 46 99 97 109 101 114 97 46 113 116 ]
        [105 109 101 114 46 116 105 109 101 115 116 97 109 112 59 111 ]
        [114 103 46 113 117 105 99 46 99 97 109 101 114 97 46 113 ]
        [116 105 109 101 114 46 115 116 97 114 116 79 102 69 120 112 ]
        [111 115 117 114 101 59 111 114 103 46 99 111 100 101 97 117 ]
        [114 111 114 97 46 113 99 97 109 101 114 97 51 46 72 68 ]
        [82 77 97 120 82 101 115 111 108 117 116 105 111 110 67 97 ]
        [112 46 72 68 82 77 97 120 82 101 115 111 108 117 116 105 ]
        [111 110 59 111 114 103 46 99 111 100 101 97 117 114 111 114 ]
        [97 46 113 99 97 109 101 114 97 51 46 115 104 97 114 112 ]
        [110 101 115 115 46 115 116 114 101 110 103 116 104 59 111 114 ]
        [103 46 99 111 100 101 97 117 114 111 114 97 46 113 99 97 ]
        [109 101 114 97 51 46 115 104 97 114 112 110 101 115 115 46 ]
        [114 97 110 103 101 59 111 114 103 46 113 117 105 99 46 99 ]
        [97 109 101 114 97 46 115 116 114 101 97 109 68 105 109 101 ]
        [110 115 105 111 110 46 112 114 101 118 105 101 119 59 111 114 ]
        [103 46 113 117 105 99 46 99 97 109 101 114 97 46 115 116 ]
        [114 101 97 109 68 105 109 101 110 115 105 111 110 46 118 105 ]
        [100 101 111 59 111 114 103 46 113 117 105 99 46 99 97 109 ]
        [101 114 97 46 115 116 114 101 97 109 68 105 109 101 110 115 ]
        [105 111 110 46 115 110 97 112 115 104 111 116 59 111 114 103 ]
        [46 113 117 105 99 46 99 97 109 101 114 97 46 115 116 114 ]
        [101 97 109 68 105 109 101 110 115 105 111 110 46 100 101 112 ]
        [116 104 59 111 114 103 46 113 117 105 99 46 99 97 109 101 ]
        [114 97 46 109 97 110 117 97 108 69 120 112 111 115 117 114 ]
        [101 46 100 105 115 97 98 108 101 70 80 83 76 105 109 105 ]
        [116 115 59 111 114 103 46 113 117 105 99 46 99 97 109 101 ]
        [114 97 46 109 97 110 117 97 108 69 120 112 111 115 117 114 ]
        [101 46 111 118 101 114 114 105 100 101 83 101 110 115 111 114 ]
        [70 114 97 109 101 68 117 114 97 116 105 111 110 59 111 114 ]
        [103 46 113 117 105 99 46 99 97 109 101 114 97 46 114 101 ]
        [99 111 114 100 105 110 103 46 101 110 100 79 102 83 116 114 ]
        [101 97 109 59 111 114 103 46 113 117 105 99 46 99 97 109 ]
        [101 114 97 46 114 101 99 111 114 100 105 110 103 46 101 110 ]
        [100 79 102 83 116 114 101 97 109 82 101 113 117 101 115 116 ]
        [73 100 59 111 114 103 46 113 117 105 99 46 99 97 109 101 ]
        [114 97 46 114 101 99 111 114 100 105 110 103 46 114 101 113 ]
        [117 101 115 116 72 97 115 86 105 100 101 111 66 117 102 102 ]
        [101 114 59 111 114 103 46 113 117 105 99 46 99 97 109 101 ]
        [114 97 46 66 117 114 115 116 70 80 83 46 98 117 114 115 ]
        [116 102 112 115 59 111 114 103 46 113 117 105 99 46 99 97 ]
        [109 101 114 97 46 100 101 118 105 99 101 67 97 112 97 98 ]
        [105 108 105 116 105 101 115 46 100 101 118 105 99 101 77 101 ]
        [109 111 114 121 84 121 112 101 59 111 114 103 46 113 117 105 ]
        [99 46 99 97 109 101 114 97 46 65 117 116 111 72 68 82 ]
        [83 117 112 112 111 114 116 46 105 115 65 117 116 111 72 68 ]
        [82 83 117 112 112 111 114 116 101 100 59 111 114 103 46 113 ]
        [117 105 99 46 99 97 109 101 114 97 46 72 87 77 70 72 ]
        [68 82 83 117 112 112 111 114 116 101 100 46 105 115 72 87 ]
        [77 70 72 68 82 83 117 112 112 111 114 116 101 100 59 111 ]
        [114 103 46 113 117 105 99 46 99 97 109 101 114 97 46 67 ]
        [117 115 116 111 109 78 111 105 115 101 82 101 100 117 99 116 ]
        [105 111 110 46 67 117 115 116 111 109 78 111 105 115 101 82 ]
        [101 100 117 99 116 105 111 110 59 111 114 103 46 113 117 105 ]
        [99 46 99 97 109 101 114 97 46 88 67 70 65 82 101 109 ]
        [111 115 97 105 99 84 121 112 101 46 88 67 70 65 82 101 ]
        [109 111 115 97 105 99 84 121 112 101 59 111 114 103 46 113 ]
        [117 105 99 46 99 97 109 101 114 97 46 73 115 88 67 70 ]
        [65 80 90 83 76 83 110 97 112 115 104 111 116 46 73 115 ]
        [88 67 70 65 80 90 83 76 83 110 97 112 115 104 111 116 ]
        [59 111 114 103 46 113 117 105 99 46 99 97 109 101 114 97 ]
        [46 83 101 110 115 111 114 77 111 100 101 70 83 46 105 115 ]
        [70 97 115 116 83 104 117 116 116 101 114 77 111 100 101 83 ]
        [117 112 112 111 114 116 101 100 59 111 114 103 46 113 117 105 ]
        [99 46 99 97 109 101 114 97 46 83 101 110 115 111 114 77 ]
        [111 100 101 70 83 46 83 101 110 115 111 114 77 111 100 101 ]
        [70 83 59 111 114 103 46 113 117 105 99 46 99 97 109 101 ]
        [114 97 46 65 69 67 68 97 116 97 46 65 69 67 68 97 ]
        [116 97 59 111 114 103 46 113 117 105 99 46 99 97 109 101 ]
        [114 97 46 65 69 67 68 97 116 97 46 115 101 110 115 111 ]
        [114 95 114 101 103 105 115 116 101 114 95 99 111 110 116 114 ]
        [111 108 59 111 114 103 46 113 117 105 99 46 99 97 109 101 ]
        [114 97 46 65 69 67 68 97 116 97 80 117 98 108 105 115 ]
        [104 101 114 80 114 101 115 101 110 116 46 65 69 67 68 97 ]
        [116 97 80 117 98 108 105 115 104 101 114 80 114 101 115 101 ]
        [110 116 59 111 114 103 46 113 117 105 99 46 99 97 109 101 ]
        [114 97 46 65 68 82 67 68 97 116 97 46 73 70 69 65 ]
        [68 82 67 73 110 102 111 79 117 116 112 117 116 59 111 114 ]
        [103 46 113 117 105 99 46 99 97 109 101 114 97 46 65 68 ]
        [82 67 68 97 116 97 46 66 80 83 65 68 82 67 73 110 ]
        [102 111 79 117 116 112 117 116 59 111 114 103 46 113 117 105 ]
        [99 46 99 97 109 101 114 97 46 65 68 82 67 68 97 116 ]
        [97 46 84 77 67 79 117 116 112 117 116 59 111 114 103 46 ]
        [113 117 105 99 46 99 97 109 101 114 97 46 72 87 82 101 ]
        [115 111 117 114 99 101 73 110 102 111 46 73 70 69 77 97 ]
        [120 76 105 110 101 87 105 100 116 104 59 111 114 103 46 113 ]
        [117 105 99 46 99 97 109 101 114 97 46 72 87 82 101 115 ]
        [111 117 114 99 101 73 110 102 111 46 110 117 109 73 70 69 ]
        [115 102 111 114 71 105 118 101 110 84 97 114 103 101 116 59 ]
        [111 114 103 46 113 117 105 99 46 99 97 109 101 114 97 46 ]
        [72 87 82 101 115 111 117 114 99 101 73 110 102 111 46 109 ]
        [97 120 73 70 69 115 82 101 113 117 105 114 101 100 59 111 ]
        [114 103 46 113 117 105 99 46 99 97 109 101 114 97 46 72 ]
        [87 82 101 115 111 117 114 99 101 73 110 102 111 46 84 70 ]
        [69 77 97 120 66 105 116 87 105 100 116 104 65 110 100 83 ]
        [112 108 105 116 59 111 114 103 46 99 111 100 101 97 117 114 ]
        [111 114 97 46 113 99 97 109 101 114 97 51 46 99 111 110 ]
        [116 114 97 115 116 46 108 101 118 101 108 59 111 114 103 46 ]
        [113 117 105 99 46 99 97 109 101 114 97 46 105 115 68 101 ]
        [112 116 104 70 111 99 117 115 46 105 115 68 101 112 116 104 ]
        [70 111 99 117 115 59 111 114 103 46 99 111 100 101 97 117 ]
        [114 111 114 97 46 113 99 97 109 101 114 97 51 46 108 111 ]
        [103 105 99 97 108 67 97 109 101 114 97 84 121 112 101 46 ]
        [108 111 103 105 99 97 108 95 99 97 109 101 114 97 95 116 ]
        [121 112 101 59 111 114 103 46 99 111 100 101 97 117 114 111 ]
        [114 97 46 113 99 97 109 101 114 97 51 46 105 115 111 95 ]
        [101 120 112 95 112 114 105 111 114 105 116 121 46 117 115 101 ]
        [95 105 115 111 95 101 120 112 95 112 114 105 111 114 105 116 ]
        [121 59 111 114 103 46 99 111 100 101 97 117 114 111 114 97 ]
        [46 113 99 97 109 101 114 97 51 46 105 115 111 95 101 120 ]
        [112 95 112 114 105 111 114 105 116 121 46 117 115 101 95 105 ]
        [115 111 95 118 97 108 117 101 59 111 114 103 46 99 111 100 ]
        [101 97 117 114 111 114 97 46 113 99 97 109 101 114 97 51 ]
        [46 105 115 111 95 101 120 112 95 112 114 105 111 114 105 116 ]
        [121 46 115 101 108 101 99 116 95 112 114 105 111 114 105 116 ]
        [121 59 111 114 103 46 99 111 100 101 97 117 114 111 114 97 ]
        [46 113 99 97 109 101 114 97 51 46 105 115 111 95 101 120 ]
        [112 95 112 114 105 111 114 105 116 121 46 105 115 111 95 97 ]
        [118 97 105 108 97 98 108 101 95 109 111 100 101 115 59 111 ]
        [114 103 46 99 111 100 101 97 117 114 111 114 97 46 113 99 ]
        [97 109 101 114 97 51 46 105 115 111 95 101 120 112 95 112 ]
        [114 105 111 114 105 116 121 46 101 120 112 111 115 117 114 101 ]
        [95 116 105 109 101 95 114 97 110 103 101 59 111 114 103 46 ]
        [99 111 100 101 97 117 114 111 114 97 46 113 99 97 109 101 ]
        [114 97 51 46 105 115 111 95 101 120 112 95 112 114 105 111 ]
        [114 105 116 121 46 117 115 101 95 103 97 105 110 95 118 97 ]
        [108 117 101 59 111 114 103 46 113 117 105 99 46 99 97 109 ]
        [101 114 97 46 105 102 101 99 115 105 100 99 111 110 102 105 ]
        [103 46 99 115 105 100 98 105 110 110 105 110 103 105 110 102 ]
        [111 59 111 114 103 46 113 117 105 99 46 99 97 109 101 114 ]
        [97 46 115 110 97 112 115 104 111 116 79 117 116 112 117 116 ]
        [68 105 109 101 110 115 105 111 110 46 83 116 105 108 108 79 ]
        [117 116 112 117 116 68 105 109 101 110 115 105 111 110 59 111 ]
        [114 103 46 113 117 105 99 46 99 97 109 101 114 97 46 115 ]
        [110 97 112 115 104 111 116 79 117 116 112 117 116 68 105 109 ]
        [101 110 115 105 111 110 46 68 105 115 112 108 97 121 79 117 ]
        [116 112 117 116 68 105 109 101 110 115 105 111 110 59 111 114 ]
        [103 46 113 117 105 99 46 99 97 109 101 114 97 46 115 110 ]
        [97 112 115 104 111 116 79 117 116 112 117 116 68 105 109 101 ]
        [110 115 105 111 110 46 65 112 112 79 117 116 112 117 116 68 ]
        [105 109 101 110 115 105 111 110 59 111 114 103 46 113 117 105 ]
        [99 46 99 97 109 101 114 97 46 108 116 109 68 121 110 97 ]
        [109 105 99 67 111 110 116 114 97 115 116 46 108 116 109 68 ]
        [121 110 97 109 105 99 67 111 110 116 114 97 115 116 83 116 ]
        [114 101 110 103 116 104 59 111 114 103 46 113 117 105 99 46 ]
        [99 97 109 101 114 97 46 108 116 109 68 121 110 97 109 105 ]
        [99 67 111 110 116 114 97 115 116 46 108 116 109 68 97 114 ]
        [107 66 111 111 115 116 83 116 114 101 110 103 116 104 59 111 ]
        [114 103 46 113 117 105 99 46 99 97 109 101 114 97 46 108 ]
        [116 109 68 121 110 97 109 105 99 67 111 110 116 114 97 115 ]
        [116 46 108 116 109 66 114 105 103 104 116 83 117 112 114 101 ]
        [115 115 83 116 114 101 110 103 116 104 59 111 114 103 46 113 ]
        [117 105 99 46 99 97 109 101 114 97 46 108 116 109 68 121 ]
        [110 97 109 105 99 67 111 110 116 114 97 115 116 46 108 116 ]
        [109 68 121 110 97 109 105 99 67 111 110 116 114 97 115 116 ]
        [83 116 114 101 110 103 116 104 82 97 110 103 101 59 111 114 ]
        [103 46 113 117 105 99 46 99 97 109 101 114 97 46 108 116 ]
        [109 68 121 110 97 109 105 99 67 111 110 116 114 97 115 116 ]
        [46 108 116 109 68 97 114 107 66 111 111 115 116 83 116 114 ]
        [101 110 103 116 104 82 97 110 103 101 59 111 114 103 46 113 ]
        [117 105 99 46 99 97 109 101 114 97 46 108 116 109 68 121 ]
        [110 97 109 105 99 67 111 110 116 114 97 115 116 46 108 116 ]
        [109 66 114 105 103 104 116 83 117 112 114 101 115 115 83 116 ]
        [114 101 110 103 116 104 82 97 110 103 101 59 111 114 103 46 ]
        [99 111 100 101 97 117 114 111 114 97 46 113 99 97 109 101 ]
        [114 97 51 46 116 109 99 117 115 101 114 99 111 110 116 114 ]
        [111 108 46 105 115 86 97 108 105 100 68 97 114 107 66 111 ]
        [111 115 116 79 102 102 115 101 116 59 111 114 103 46 99 111 ]
        [100 101 97 117 114 111 114 97 46 113 99 97 109 101 114 97 ]
        [51 46 116 109 99 117 115 101 114 99 111 110 116 114 111 108 ]
        [46 100 97 114 107 66 111 111 115 116 79 102 102 115 101 116 ]
        [59 111 114 103 46 99 111 100 101 97 117 114 111 114 97 46 ]
        [113 99 97 109 101 114 97 51 46 116 109 99 117 115 101 114 ]
        [99 111 110 116 114 111 108 46 105 115 86 97 108 105 100 70 ]
        [111 117 114 116 104 84 111 110 101 65 110 99 104 111 114 59 ]
        [111 114 103 46 99 111 100 101 97 117 114 111 114 97 46 113 ]
        [99 97 109 101 114 97 51 46 116 109 99 117 115 101 114 99 ]
        [111 110 116 114 111 108 46 102 111 117 114 116 104 84 111 110 ]
        [101 65 110 99 104 111 114 59 111 114 103 46 113 117 105 99 ]
        [46 99 97 109 101 114 97 46 111 118 101 114 114 105 100 101 ]
        [71 80 85 82 111 116 97 116 105 111 110 85 115 101 99 97 ]
        [115 101 46 79 118 101 114 114 105 100 101 71 80 85 82 111 ]
        [116 97 116 105 111 110 85 115 101 99 97 115 101 59 111 114 ]
        [103 46 113 117 105 99 46 99 97 109 101 114 97 46 115 116 ]
        [114 111 98 101 67 111 110 116 114 111 108 46 115 116 114 111 ]
        [98 101 67 111 110 116 114 111 108 59 111 114 103 46 113 117 ]
        [105 99 46 99 97 109 101 114 97 46 115 119 99 97 112 97 ]
        [98 105 108 105 116 105 101 115 46 83 87 77 67 84 70 69 ]
        [110 97 98 108 101 59 111 114 103 46 113 117 105 99 46 99 ]
        [97 109 101 114 97 46 115 119 99 97 112 97 98 105 108 105 ]
        [116 105 101 115 46 77 70 78 82 84 121 112 101 59 111 114 ]
        [103 46 113 117 105 99 46 99 97 109 101 114 97 46 115 119 ]
        [99 97 112 97 98 105 108 105 116 105 101 115 46 83 87 77 ]
        [67 84 70 84 121 112 101 59 111 114 103 46 113 117 105 99 ]
        [46 99 97 109 101 114 97 46 115 119 99 97 112 97 98 105 ]
        [108 105 116 105 101 115 46 105 115 81 76 76 83 117 112 112 ]
        [111 114 116 101 100 59 111 114 103 46 113 117 105 99 46 99 ]
        [97 109 101 114 97 46 115 119 99 97 112 97 98 105 108 105 ]
        [116 105 101 115 46 105 115 68 77 77 83 117 112 112 111 114 ]
        [116 101 100 59 111 114 103 46 113 117 105 99 46 99 97 109 ]
        [101 114 97 46 111 118 101 114 114 105 100 101 73 80 69 83 ]
        [99 97 108 101 80 114 111 102 105 108 101 46 79 118 101 114 ]
        [114 105 100 101 73 80 69 83 99 97 108 101 80 114 111 102 ]
        [105 108 101 59 111 114 103 46 99 111 100 101 97 117 114 111 ]
        [114 97 46 113 99 97 109 101 114 97 51 46 116 105 110 116 ]
        [108 101 115 115 46 115 116 97 116 115 59 111 114 103 46 113 ]
        [117 105 99 46 99 97 109 101 114 97 46 73 83 80 67 111 ]
        [110 102 105 103 68 97 116 97 46 110 117 109 73 70 69 115 ]
        [85 115 101 100 59 111 114 103 46 113 117 105 99 46 99 97 ]
        [109 101 114 97 46 104 100 114 102 101 97 116 117 114 101 109 ]
        [111 100 101 46 72 68 82 70 101 97 116 117 114 101 77 111 ]
        [100 101 59 111 114 103 46 113 117 105 99 46 99 97 109 101 ]
        [114 97 46 104 100 114 102 101 97 116 117 114 101 109 111 100 ]
        [101 46 72 68 82 70 101 97 116 117 114 101 77 111 100 101 ]
        [68 97 116 97 59 111 114 103 46 113 117 105 99 46 99 97 ]
        [109 101 114 97 46 104 100 114 102 101 97 116 117 114 101 109 ]
        [111 100 101 46 78 117 109 98 101 114 79 102 83 112 108 105 ]
        [116 115 59 111 114 103 46 113 117 105 99 46 99 97 109 101 ]
        [114 97 46 104 100 114 102 101 97 116 117 114 101 109 111 100 ]
        [101 46 78 117 109 98 101 114 79 102 69 120 112 70 114 97 ]
        [109 101 115 59 99 111 109 46 113 117 97 108 99 111 109 109 ]
        [46 113 116 105 46 115 112 111 114 116 72 68 82 77 111 100 ]
        [101 46 69 110 97 98 108 101 83 112 111 114 116 72 68 82 ]
        [77 111 100 101 59 111 114 103 46 113 117 105 99 46 99 97 ]
        [109 101 114 97 46 103 101 111 76 105 98 73 110 105 116 46 ]
        [71 101 111 76 105 98 73 110 105 116 77 101 116 97 100 97 ]
        [116 97 86 105 100 101 111 59 111 114 103 46 113 117 105 99 ]
        [46 99 97 109 101 114 97 46 103 101 111 76 105 98 73 110 ]
        [105 116 46 71 101 111 76 105 98 73 110 105 116 77 101 116 ]
        [97 100 97 116 97 68 105 115 112 108 97 121 59 111 114 103 ]
        [46 113 117 105 99 46 99 97 109 101 114 97 46 105 110 83 ]
        [101 110 115 111 114 90 111 111 109 46 73 110 83 101 110 115 ]
        [111 114 90 111 111 109 83 116 97 116 101 59 111 114 103 46 ]
        [113 117 105 99 46 99 97 109 101 114 97 46 105 110 83 101 ]
        [110 115 111 114 90 111 111 109 46 83 101 110 115 111 114 83 ]
        [119 105 116 99 104 101 100 59 111 114 103 46 113 117 105 99 ]
        [46 99 97 109 101 114 97 46 105 110 83 101 110 115 111 114 ]
        [90 111 111 109 46 69 110 97 98 108 101 73 83 80 82 101 ]
        [109 111 115 97 105 99 59 111 114 103 46 113 117 105 99 46 ]
        [99 97 109 101 114 97 46 109 99 116 102 73 112 101 77 97 ]
        [120 70 111 118 46 77 99 116 102 73 112 101 77 97 120 70 ]
        [111 118 77 101 116 97 100 97 116 97 86 105 100 101 111 59 ]
        [111 114 103 46 113 117 105 99 46 99 97 109 101 114 97 46 ]
        [109 99 116 102 73 112 101 77 97 120 70 111 118 46 77 99 ]
        [116 102 73 112 101 77 97 120 70 111 118 77 101 116 97 100 ]
        [97 116 97 68 105 115 112 108 97 121 59 111 114 103 46 113 ]
        [117 105 99 46 99 97 109 101 114 97 46 101 110 97 98 108 ]
        [101 86 83 82 46 71 101 111 76 105 98 69 110 97 98 108 ]
        [101 86 83 82 59 111 114 103 46 99 111 100 101 97 117 114 ]
        [111 114 97 46 113 99 97 109 101 114 97 51 46 104 97 108 ]
        [95 112 114 105 118 97 116 101 95 100 97 116 97 46 114 101 ]
        [112 114 111 99 101 115 115 95 102 108 97 103 115 59 111 114 ]
        [103 46 99 111 100 101 97 117 114 111 114 97 46 113 99 97 ]
        [109 101 114 97 51 46 104 97 108 95 112 114 105 118 97 116 ]
        [101 95 100 97 116 97 46 114 101 112 114 111 99 101 115 115 ]
        [95 100 97 116 97 95 98 108 111 98 59 111 114 103 46 99 ]
        [111 100 101 97 117 114 111 114 97 46 113 99 97 109 101 114 ]
        [97 51 46 104 97 108 95 112 114 105 118 97 116 101 95 100 ]
        [97 116 97 46 101 120 105 102 95 100 101 98 117 103 95 100 ]
        [97 116 97 95 98 108 111 98 59 111 114 103 46 99 111 100 ]
        [101 97 117 114 111 114 97 46 113 99 97 109 101 114 97 51 ]
        [46 104 97 108 95 112 114 105 118 97 116 101 95 100 97 116 ]
        [97 46 100 101 98 117 103 95 105 109 97 103 101 95 100 117 ]
        [109 112 59 111 114 103 46 99 111 100 101 97 117 114 111 114 ]
        [97 46 113 99 97 109 101 114 97 51 46 104 97 108 95 112 ]
        [114 105 118 97 116 101 95 100 97 116 97 46 100 101 98 117 ]
        [103 95 105 109 97 103 101 95 100 117 109 112 95 109 97 115 ]
        [107 59 99 111 109 46 113 116 105 46 115 116 97 116 115 95 ]
        [99 111 110 116 114 111 108 46 105 115 95 102 108 97 115 104 ]
        [95 115 110 97 112 115 104 111 116 59 99 111 109 46 113 116 ]
        [105 46 115 116 97 116 115 95 99 111 110 116 114 111 108 46 ]
        [105 115 95 108 108 115 95 110 101 101 100 101 100 59 99 111 ]
        [109 46 113 116 105 46 115 116 97 116 115 95 99 111 110 116 ]
        [114 111 108 46 69 120 112 111 115 117 114 101 67 111 117 110 ]
        [116 59 99 111 109 46 113 116 105 46 115 116 97 116 115 95 ]
        [99 111 110 116 114 111 108 46 66 105 116 83 119 105 116 99 ]
        [104 77 111 100 101 59 99 111 109 46 113 116 105 46 115 116 ]
        [97 116 115 95 99 111 110 116 114 111 108 46 105 115 95 116 ]
        [111 114 99 104 95 104 100 114 95 115 110 97 112 115 104 111 ]
        [116 59 99 111 109 46 113 116 105 46 115 116 97 116 115 95 ]
        [99 111 110 116 114 111 108 46 68 67 71 77 111 100 101 59 ]
        [99 111 109 46 113 116 105 46 115 116 97 116 115 95 99 111 ]
        [110 116 114 111 108 46 70 82 67 84 114 105 103 103 101 114 ]
        [82 97 116 105 111 59 99 111 109 46 113 116 105 46 115 116 ]
        [97 116 115 95 99 111 110 116 114 111 108 46 70 82 67 70 ]
        [97 108 108 98 97 99 107 76 101 118 101 108 59 99 111 109 ]
        [46 113 116 105 46 115 116 97 116 115 95 99 111 110 116 114 ]
        [111 108 46 67 111 108 111 114 84 101 109 112 101 114 97 116 ]
        [117 114 101 86 97 108 117 101 59 99 111 109 46 113 116 105 ]
        [46 115 116 97 116 115 95 99 111 110 116 114 111 108 46 67 ]
        [117 114 70 80 83 59 99 111 109 46 113 116 105 46 115 116 ]
        [97 116 115 95 99 111 110 116 114 111 108 46 109 111 116 105 ]
        [111 110 95 100 101 116 101 99 116 101 100 59 99 111 109 46 ]
        [113 116 105 46 115 116 97 116 115 95 99 111 110 116 114 111 ]
        [108 46 104 100 114 95 100 101 116 101 99 116 101 100 59 99 ]
        [111 109 46 113 116 105 46 115 116 97 116 115 95 99 111 110 ]
        [116 114 111 108 46 104 100 114 95 69 86 95 77 105 110 117 ]
        [115 59 99 111 109 46 113 116 105 46 115 116 97 116 115 95 ]
        [99 111 110 116 114 111 108 46 104 100 114 95 69 86 95 80 ]
        [108 117 115 59 99 111 109 46 113 116 105 46 115 116 97 116 ]
        [115 95 99 111 110 116 114 111 108 46 104 100 114 95 69 86 ]
        [95 90 101 114 111 59 99 111 109 46 113 116 105 46 115 116 ]
        [97 116 115 95 99 111 110 116 114 111 108 46 99 111 117 112 ]
        [108 101 95 104 100 114 95 100 101 116 101 99 116 101 100 59 ]
        [99 111 109 46 113 116 105 46 115 116 97 116 115 95 99 111 ]
        [110 116 114 111 108 46 99 111 117 112 108 101 95 104 100 114 ]
        [95 69 86 95 77 105 110 117 115 59 99 111 109 46 113 116 ]
        [105 46 115 116 97 116 115 95 99 111 110 116 114 111 108 46 ]
        [110 105 103 104 116 95 69 86 95 77 105 110 117 115 59 99 ]
        [111 109 46 113 116 105 46 115 116 97 116 115 95 99 111 110 ]
        [116 114 111 108 46 110 105 103 104 116 95 69 86 95 80 108 ]
        [117 115 95 72 97 110 100 59 99 111 109 46 113 116 105 46 ]
        [115 116 97 116 115 95 99 111 110 116 114 111 108 46 110 105 ]
        [103 104 116 95 69 86 95 80 108 117 115 95 84 114 105 112 ]
        [111 100 59 99 111 109 46 113 116 105 46 115 116 97 116 115 ]
        [95 99 111 110 116 114 111 108 46 110 105 103 104 116 95 69 ]
        [86 95 90 101 114 111 59 99 111 109 46 113 116 105 46 115 ]
        [116 97 116 115 95 99 111 110 116 114 111 108 46 115 110 97 ]
        [112 115 104 111 116 95 69 120 112 95 84 105 109 101 59 99 ]
        [111 109 46 113 116 105 46 115 116 97 116 115 95 99 111 110 ]
        [116 114 111 108 46 100 97 114 107 95 98 111 111 115 116 95 ]
        [103 97 105 110 59 99 111 109 46 113 116 105 46 115 116 97 ]
        [116 115 95 99 111 110 116 114 111 108 46 97 101 99 95 115 ]
        [104 111 114 116 95 103 97 105 110 59 99 111 109 46 113 116 ]
        [105 46 115 116 97 116 115 95 99 111 110 116 114 111 108 46 ]
        [97 101 99 95 108 111 110 103 95 103 97 105 110 59 99 111 ]
        [109 46 113 116 105 46 115 116 97 116 115 95 99 111 110 116 ]
        [114 111 108 46 103 114 101 101 110 82 97 116 105 111 59 99 ]
        [111 109 46 113 116 105 46 115 116 97 116 115 95 99 111 110 ]
        [116 114 111 108 46 115 103 119 82 71 82 97 116 105 111 59 ]
        [99 111 109 46 113 116 105 46 115 116 97 116 115 95 99 111 ]
        [110 116 114 111 108 46 115 103 119 66 71 82 97 116 105 111 ]
        [59 99 111 109 46 113 116 105 46 115 116 97 116 115 95 99 ]
        [111 110 116 114 111 108 46 105 115 95 66 97 99 107 76 105 ]
        [116 95 70 97 99 101 59 99 111 109 46 113 116 105 46 115 ]
        [116 97 116 115 95 99 111 110 116 114 111 108 46 97 101 99 ]
        [95 51 104 100 114 95 114 97 116 105 111 59 99 111 109 46 ]
        [113 116 105 46 115 116 97 116 115 95 99 111 110 116 114 111 ]
        [108 46 113 98 99 95 104 100 114 95 100 101 116 101 99 116 ]
        [101 100 59 99 111 109 46 113 116 105 46 115 116 97 116 115 ]
        [95 99 111 110 116 114 111 108 46 110 105 103 104 116 95 100 ]
        [101 116 101 99 116 101 100 59 99 111 109 46 113 116 105 46 ]
        [115 116 97 116 115 95 99 111 110 116 114 111 108 46 97 100 ]
        [114 99 66 114 97 99 107 101 116 95 100 101 116 101 99 116 ]
        [101 100 59 99 111 109 46 113 116 105 46 115 116 97 116 115 ]
        [95 99 111 110 116 114 111 108 46 105 115 83 73 68 78 101 ]
        [101 100 101 100 59 99 111 109 46 113 116 105 46 115 116 97 ]
        [116 115 95 99 111 110 116 114 111 108 46 105 115 83 80 78 ]
        [101 101 100 101 100 59 99 111 109 46 113 116 105 46 115 116 ]
        [97 116 115 95 99 111 110 116 114 111 108 46 108 111 110 103 ]
        [95 69 120 112 111 115 117 114 101 95 83 110 97 112 115 104 ]
        [111 116 59 99 111 109 46 113 116 105 46 115 116 97 116 115 ]
        [95 99 111 110 116 114 111 108 46 97 101 99 95 118 105 100 ]
        [101 111 72 100 114 95 108 105 110 107 59 99 111 109 46 113 ]
        [116 105 46 115 116 97 116 115 95 99 111 110 116 114 111 108 ]
        [46 100 117 97 108 95 108 101 100 95 99 97 108 105 98 114 ]
        [97 116 105 111 110 95 114 101 115 117 108 116 59 99 111 109 ]
        [46 113 116 105 46 115 116 97 116 115 95 99 111 110 116 114 ]
        [111 108 46 97 101 99 95 102 97 99 101 95 110 117 109 59 ]
        [99 111 109 46 113 116 105 46 115 116 97 116 115 95 99 111 ]
        [110 116 114 111 108 46 97 101 99 95 102 97 99 101 95 109 ]
        [97 120 95 115 105 122 101 59 99 111 109 46 113 116 105 46 ]
        [115 116 97 116 115 95 99 111 110 116 114 111 108 46 105 115 ]
        [95 97 105 115 95 110 101 101 100 101 100 59 99 111 109 46 ]
        [113 116 105 46 115 116 97 116 115 95 99 111 110 116 114 111 ]
        [108 46 97 105 115 95 116 114 105 103 103 101 114 95 114 103 ]
        [110 95 116 121 112 101 59 99 111 109 46 113 116 105 46 115 ]
        [116 97 116 115 95 99 111 110 116 114 111 108 46 97 105 115 ]
        [95 105 115 95 119 105 116 104 105 110 95 116 114 105 103 103 ]
        [101 114 95 114 103 110 59 99 111 109 46 113 116 105 46 115 ]
        [116 97 116 115 95 99 111 110 116 114 111 108 46 97 105 115 ]
        [95 109 111 116 105 111 110 95 116 121 112 101 59 99 111 109 ]
        [46 113 116 105 46 115 116 97 116 115 95 99 111 110 116 114 ]
        [111 108 46 97 105 115 95 115 97 102 101 95 101 120 112 111 ]
        [115 117 114 101 95 116 105 109 101 59 99 111 109 46 113 116 ]
        [105 46 115 116 97 116 115 95 99 111 110 116 114 111 108 46 ]
        [101 110 97 98 108 101 95 115 116 97 116 105 99 95 50 105 ]
        [112 101 59 99 111 109 46 113 116 105 46 115 116 97 116 115 ]
        [95 99 111 110 116 114 111 108 46 97 101 99 95 97 108 103 ]
        [111 95 109 111 100 101 59 99 111 109 46 113 116 105 46 115 ]
        [116 97 116 115 95 99 111 110 116 114 111 108 46 97 101 99 ]
        [95 102 114 97 109 101 95 99 111 110 116 114 111 108 59 99 ]
        [111 109 46 113 116 105 46 115 116 97 116 115 95 99 111 110 ]
        [116 114 111 108 46 110 105 103 104 116 95 122 115 108 95 100 ]
        [101 116 101 99 116 101 100 59 99 111 109 46 113 116 105 46 ]
        [115 116 97 116 115 95 99 111 110 116 114 111 108 46 99 97 ]
        [112 116 117 114 101 95 112 111 114 116 114 97 105 116 95 100 ]
        [97 114 107 98 111 111 115 116 95 101 118 59 99 111 109 46 ]
        [113 116 105 46 115 116 97 116 115 95 99 111 110 116 114 111 ]
        [108 46 99 97 112 116 117 114 101 95 112 111 114 116 114 97 ]
        [105 116 95 102 97 99 101 95 101 118 59 99 111 109 46 113 ]
        [116 105 46 105 110 115 101 110 115 111 114 95 99 111 110 116 ]
        [114 111 108 46 115 101 97 109 108 101 115 115 95 105 110 115 ]
        [101 110 115 111 114 95 115 116 97 116 101 59 111 114 103 46 ]
        [113 117 105 99 46 99 97 109 101 114 97 46 104 100 114 49 ]
        [48 112 46 70 114 97 109 101 68 101 108 97 121 59 111 114 ]
        [103 46 113 117 105 99 46 99 97 109 101 114 97 46 104 100 ]
        [114 49 48 112 46 72 68 82 49 48 112 83 69 73 59 111 ]
        [114 103 46 99 111 100 101 97 117 114 111 114 97 46 113 99 ]
        [97 109 101 114 97 51 46 104 105 115 116 111 103 114 97 109 ]
        [46 101 110 97 98 108 101 59 111 114 103 46 99 111 100 101 ]
        [97 117 114 111 114 97 46 113 99 97 109 101 114 97 51 46 ]
        [104 105 115 116 111 103 114 97 109 46 98 117 99 107 101 116 ]
        [115 59 111 114 103 46 99 111 100 101 97 117 114 111 114 97 ]
        [46 113 99 97 109 101 114 97 51 46 104 105 115 116 111 103 ]
        [114 97 109 46 109 97 120 95 99 111 117 110 116 59 111 114 ]
        [103 46 99 111 100 101 97 117 114 111 114 97 46 113 99 97 ]
        [109 101 114 97 51 46 104 105 115 116 111 103 114 97 109 46 ]
        [115 116 97 116 115 59 111 114 103 46 99 111 100 101 97 117 ]
        [114 111 114 97 46 113 99 97 109 101 114 97 51 46 104 105 ]
        [115 116 111 103 114 97 109 46 115 116 97 116 115 95 116 121 ]
        [112 101 59 111 114 103 46 99 111 100 101 97 117 114 111 114 ]
        [97 46 113 99 97 109 101 114 97 51 46 98 97 121 101 114 ]
        [95 103 114 105 100 46 101 110 97 98 108 101 59 111 114 103 ]
        [46 99 111 100 101 97 117 114 111 114 97 46 113 99 97 109 ]
        [101 114 97 51 46 98 97 121 101 114 95 103 114 105 100 46 ]
        [119 105 100 116 104 59 111 114 103 46 99 111 100 101 97 117 ]
        [114 111 114 97 46 113 99 97 109 101 114 97 51 46 98 97 ]
        [121 101 114 95 103 114 105 100 46 104 101 105 103 104 116 59 ]
        [111 114 103 46 99 111 100 101 97 117 114 111 114 97 46 113 ]
        [99 97 109 101 114 97 51 46 98 97 121 101 114 95 103 114 ]
        [105 100 46 114 95 115 116 97 116 115 59 111 114 103 46 99 ]
        [111 100 101 97 117 114 111 114 97 46 113 99 97 109 101 114 ]
        [97 51 46 98 97 121 101 114 95 103 114 105 100 46 103 95 ]
        [115 116 97 116 115 59 111 114 103 46 99 111 100 101 97 117 ]
        [114 111 114 97 46 113 99 97 109 101 114 97 51 46 98 97 ]
        [121 101 114 95 103 114 105 100 46 98 95 115 116 97 116 115 ]
        [59 111 114 103 46 99 111 100 101 97 117 114 111 114 97 46 ]
        [113 99 97 109 101 114 97 51 46 98 97 121 101 114 95 103 ]
        [114 105 100 46 115 116 97 116 115 95 116 121 112 101 59 111 ]
        [114 103 46 99 111 100 101 97 117 114 111 114 97 46 113 99 ]
        [97 109 101 114 97 51 46 98 97 121 101 114 95 101 120 112 ]
        [111 115 117 114 101 46 101 110 97 98 108 101 59 111 114 103 ]
        [46 99 111 100 101 97 117 114 111 114 97 46 113 99 97 109 ]
        [101 114 97 51 46 98 97 121 101 114 95 101 120 112 111 115 ]
        [117 114 101 46 119 105 100 116 104 59 111 114 103 46 99 111 ]
        [100 101 97 117 114 111 114 97 46 113 99 97 109 101 114 97 ]
        [51 46 98 97 121 101 114 95 101 120 112 111 115 117 114 101 ]
        [46 104 101 105 103 104 116 59 111 114 103 46 99 111 100 101 ]
        [97 117 114 111 114 97 46 113 99 97 109 101 114 97 51 46 ]
        [98 97 121 101 114 95 101 120 112 111 115 117 114 101 46 114 ]
        [95 115 116 97 116 115 59 111 114 103 46 99 111 100 101 97 ]
        [117 114 111 114 97 46 113 99 97 109 101 114 97 51 46 98 ]
        [97 121 101 114 95 101 120 112 111 115 117 114 101 46 103 95 ]
        [115 116 97 116 115 59 111 114 103 46 99 111 100 101 97 117 ]
        [114 111 114 97 46 113 99 97 109 101 114 97 51 46 98 97 ]
        [121 101 114 95 101 120 112 111 115 117 114 101 46 98 95 115 ]
        [116 97 116 115 59 111 114 103 46 99 111 100 101 97 117 114 ]
        [111 114 97 46 113 99 97 109 101 114 97 51 46 98 97 121 ]
        [101 114 95 101 120 112 111 115 117 114 101 46 115 116 97 116 ]
        [115 95 116 121 112 101 59 111 114 103 46 99 111 100 101 97 ]
        [117 114 111 114 97 46 113 99 97 109 101 114 97 51 46 98 ]
        [97 121 101 114 95 101 120 112 111 115 117 114 101 46 114 111 ]
        [105 95 98 101 95 120 59 111 114 103 46 99 111 100 101 97 ]
        [117 114 111 114 97 46 113 99 97 109 101 114 97 51 46 98 ]
        [97 121 101 114 95 101 120 112 111 115 117 114 101 46 114 111 ]
        [105 95 98 101 95 121 59 111 114 103 46 99 111 100 101 97 ]
        [117 114 111 114 97 46 113 99 97 109 101 114 97 51 46 98 ]
        [97 121 101 114 95 101 120 112 111 115 117 114 101 46 114 111 ]
        [105 95 98 101 95 119 105 100 116 104 59 111 114 103 46 99 ]
        [111 100 101 97 117 114 111 114 97 46 113 99 97 109 101 114 ]
        [97 51 46 98 97 121 101 114 95 101 120 112 111 115 117 114 ]
        [101 46 114 111 105 95 98 101 95 104 101 105 103 104 116 59 ]
        [111 114 103 46 99 111 100 101 97 117 114 111 114 97 46 113 ]
        [99 97 109 101 114 97 51 46 98 97 121 101 114 95 101 120 ]
        [112 111 115 117 114 101 46 98 105 116 68 101 112 116 104 59 ]
        [111 114 103 46 99 111 100 101 97 117 114 111 114 97 46 113 ]
        [99 97 109 101 114 97 51 46 105 110 115 116 97 110 116 95 ]
        [97 101 99 46 105 110 115 116 97 110 116 95 97 101 99 95 ]
        [109 111 100 101 59 111 114 103 46 99 111 100 101 97 117 114 ]
        [111 114 97 46 113 99 97 109 101 114 97 51 46 105 110 115 ]
        [116 97 110 116 95 97 101 99 46 105 110 115 116 97 110 116 ]
        [95 97 101 99 95 97 118 97 105 108 97 98 108 101 95 109 ]
        [111 100 101 115 59 111 114 103 46 99 111 100 101 97 117 114 ]
        [111 114 97 46 113 99 97 109 101 114 97 51 46 106 112 101 ]
        [103 95 101 110 99 111 100 101 95 99 114 111 112 46 101 110 ]
        [97 98 108 101 59 111 114 103 46 99 111 100 101 97 117 114 ]
        [111 114 97 46 113 99 97 109 101 114 97 51 46 106 112 101 ]
        [103 95 101 110 99 111 100 101 95 99 114 111 112 46 114 101 ]
        [99 116 59 111 114 103 46 99 111 100 101 97 117 114 111 114 ]
        [97 46 113 99 97 109 101 114 97 51 46 106 112 101 103 95 ]
        [101 110 99 111 100 101 95 99 114 111 112 46 114 111 105 59 ]
        [111 114 103 46 99 111 100 101 97 117 114 111 114 97 46 113 ]
        [99 97 109 101 114 97 51 46 115 101 110 115 111 114 95 109 ]
        [101 116 97 95 100 97 116 97 46 100 121 110 97 109 105 99 ]
        [95 98 108 97 99 107 95 108 101 118 101 108 95 112 97 116 ]
        [116 101 114 110 59 111 114 103 46 99 111 100 101 97 117 114 ]
        [111 114 97 46 113 99 97 109 101 114 97 51 46 115 101 110 ]
        [115 111 114 95 109 101 116 97 95 100 97 116 97 46 105 115 ]
        [95 109 111 110 111 95 111 110 108 121 59 111 114 103 46 99 ]
        [111 100 101 97 117 114 111 114 97 46 113 99 97 109 101 114 ]
        [97 51 46 115 101 110 115 111 114 95 109 101 116 97 95 100 ]
        [97 116 97 46 115 101 110 115 111 114 95 109 111 100 101 95 ]
        [105 110 100 101 120 59 111 114 103 46 99 111 100 101 97 117 ]
        [114 111 114 97 46 113 99 97 109 101 114 97 51 46 115 101 ]
        [110 115 111 114 95 109 101 116 97 95 100 97 116 97 46 69 ]
        [69 80 82 79 77 73 110 102 111 114 109 97 116 105 111 110 ]
        [59 111 114 103 46 99 111 100 101 97 117 114 111 114 97 46 ]
        [113 99 97 109 101 114 97 51 46 115 101 110 115 111 114 95 ]
        [109 101 116 97 95 100 97 116 97 46 105 110 116 101 103 114 ]
        [97 116 105 111 110 95 105 110 102 111 114 109 97 116 105 111 ]
        [110 59 111 114 103 46 99 111 100 101 97 117 114 111 114 97 ]
        [46 113 99 97 109 101 114 97 51 46 115 101 110 115 111 114 ]
        [95 109 101 116 97 95 100 97 116 97 46 109 111 117 110 116 ]
        [65 110 103 108 101 59 111 114 103 46 99 111 100 101 97 117 ]
        [114 111 114 97 46 113 99 97 109 101 114 97 51 46 115 101 ]
        [110 115 111 114 95 109 101 116 97 95 100 97 116 97 46 67 ]
        [83 73 80 72 89 83 108 111 116 73 110 102 111 59 111 114 ]
        [103 46 99 111 100 101 97 117 114 111 114 97 46 113 99 97 ]
        [109 101 114 97 51 46 115 101 110 115 111 114 95 109 101 116 ]
        [97 95 100 97 116 97 46 99 97 109 101 114 97 80 111 115 ]
        [105 116 105 111 110 59 111 114 103 46 99 111 100 101 97 117 ]
        [114 111 114 97 46 113 99 97 109 101 114 97 51 46 115 101 ]
        [110 115 111 114 95 109 101 116 97 95 100 97 116 97 46 115 ]
        [101 110 115 111 114 95 109 111 100 101 95 105 110 102 111 59 ]
        [111 114 103 46 99 111 100 101 97 117 114 111 114 97 46 113 ]
        [99 97 109 101 114 97 51 46 115 101 110 115 111 114 95 109 ]
        [101 116 97 95 100 97 116 97 46 115 101 110 115 111 114 95 ]
        [112 100 97 102 95 105 110 102 111 59 111 114 103 46 99 111 ]
        [100 101 97 117 114 111 114 97 46 113 99 97 109 101 114 97 ]
        [51 46 115 101 110 115 111 114 95 109 101 116 97 95 100 97 ]
        [116 97 46 99 117 114 114 101 110 116 95 109 111 100 101 59 ]
        [111 114 103 46 99 111 100 101 97 117 114 111 114 97 46 113 ]
        [99 97 109 101 114 97 51 46 115 101 110 115 111 114 95 109 ]
        [101 116 97 95 100 97 116 97 46 116 97 114 103 101 116 70 ]
        [80 83 59 111 114 103 46 99 111 100 101 97 117 114 111 114 ]
        [97 46 113 99 97 109 101 114 97 51 46 115 101 110 115 111 ]
        [114 95 109 101 116 97 95 100 97 116 97 46 68 101 112 116 ]
        [104 67 111 110 118 101 114 115 105 111 110 76 105 98 73 110 ]
        [102 111 59 111 114 103 46 99 111 100 101 97 117 114 111 114 ]
        [97 46 113 99 97 109 101 114 97 51 46 115 101 110 115 111 ]
        [114 95 109 101 116 97 95 100 97 116 97 46 115 101 110 115 ]
        [111 114 67 97 112 115 59 111 114 103 46 99 111 100 101 97 ]
        [117 114 111 114 97 46 113 99 97 109 101 114 97 51 46 115 ]
        [101 110 115 111 114 95 109 101 116 97 95 100 97 116 97 46 ]
        [100 121 110 97 109 105 99 83 101 110 115 111 114 77 111 100 ]
        [101 83 119 105 116 99 104 59 111 114 103 46 99 111 100 101 ]
        [97 117 114 111 114 97 46 113 99 97 109 101 114 97 51 46 ]
        [115 101 110 115 111 114 95 109 101 116 97 95 100 97 116 97 ]
        [46 115 101 110 115 111 114 68 121 110 97 109 105 99 70 80 ]
        [83 59 111 114 103 46 99 111 100 101 97 117 114 111 114 97 ]
        [46 113 99 97 109 101 114 97 51 46 115 101 110 115 111 114 ]
        [95 109 101 116 97 95 100 97 116 97 46 115 116 101 114 101 ]
        [111 67 97 108 105 98 114 97 116 105 111 110 68 97 116 97 ]
        [59 111 114 103 46 99 111 100 101 97 117 114 111 114 97 46 ]
        [113 99 97 109 101 114 97 51 46 115 101 110 115 111 114 95 ]
        [109 101 116 97 95 100 97 116 97 46 80 78 67 79 73 83 ]
        [73 110 112 117 116 59 111 114 103 46 99 111 100 101 97 117 ]
        [114 111 114 97 46 113 99 97 109 101 114 97 51 46 115 101 ]
        [110 115 111 114 95 109 101 116 97 95 100 97 116 97 46 83 ]
        [87 80 78 67 79 117 116 112 117 116 59 111 114 103 46 99 ]
        [111 100 101 97 117 114 111 114 97 46 113 99 97 109 101 114 ]
        [97 51 46 115 101 110 115 111 114 95 109 101 116 97 95 100 ]
        [97 116 97 46 83 87 80 78 67 79 117 116 112 117 116 76 ]
        [111 110 103 59 111 114 103 46 99 111 100 101 97 117 114 111 ]
        [114 97 46 113 99 97 109 101 114 97 51 46 97 118 95 116 ]
        [105 109 101 114 46 117 115 101 95 97 118 95 116 105 109 101 ]
        [114 59 111 114 103 46 99 111 100 101 97 117 114 111 114 97 ]
        [46 113 99 97 109 101 114 97 51 46 104 100 114 98 104 105 ]
        [115 116 46 115 116 97 116 115 59 111 114 103 46 99 111 100 ]
        [101 97 117 114 111 114 97 46 113 99 97 109 101 114 97 51 ]
        [46 84 77 67 66 104 105 115 116 46 115 116 97 116 115 59 ]
        [111 114 103 46 99 111 100 101 97 117 114 111 114 97 46 113 ]
        [99 97 109 101 114 97 51 46 104 100 114 98 101 46 115 116 ]
        [97 116 115 59 111 114 103 46 99 111 100 101 97 117 114 111 ]
        [114 97 46 113 99 97 109 101 114 97 51 46 104 100 114 49 ]
        [48 112 104 105 115 116 46 115 116 97 116 115 59 111 114 103 ]
        [46 99 111 100 101 97 117 114 111 114 97 46 113 99 97 109 ]
        [101 114 97 51 46 105 104 105 115 116 46 115 116 97 116 115 ]
        [59 111 114 103 46 99 111 100 101 97 117 114 111 114 97 46 ]
        [113 99 97 109 101 114 97 51 46 108 116 109 100 99 46 115 ]
        [116 97 116 115 59 111 114 103 46 113 117 105 99 46 99 97 ]
        [109 101 114 97 46 115 107 105 112 103 112 117 112 114 111 99 ]
        [101 115 115 105 110 103 98 97 115 101 100 111 110 102 100 46 ]
        [83 107 105 112 71 80 85 112 114 111 99 101 115 115 105 110 ]
        [103 98 97 115 101 100 111 110 70 68 59 111 114 103 46 113 ]
        [117 105 99 46 99 97 109 101 114 97 46 115 107 105 112 104 ]
        [109 101 112 114 111 99 101 115 115 105 110 103 98 97 115 101 ]
        [100 111 110 113 115 97 116 46 83 107 105 112 72 77 69 112 ]
        [114 111 99 101 115 115 105 110 103 98 97 115 101 100 111 110 ]
        [81 83 65 84 59 111 114 103 46 113 117 105 99 46 99 97 ]
        [109 101 114 97 46 65 68 82 67 80 97 114 97 109 46 65 ]
        [68 82 67 80 97 114 97 109 115 59 111 114 103 46 113 117 ]
        [105 99 46 99 97 109 101 114 97 46 103 101 111 76 105 98 ]
        [70 114 97 109 101 67 111 110 102 105 103 46 71 101 111 76 ]
        [105 98 73 112 101 70 114 97 109 101 67 102 103 77 101 116 ]
        [97 100 97 116 97 80 101 114 80 111 114 116 59 111 114 103 ]
        [46 113 117 105 99 46 99 97 109 101 114 97 46 70 79 86 ]
        [67 77 101 116 97 68 97 116 97 46 70 79 86 67 77 97 ]
        [114 103 105 110 59 111 114 103 46 113 117 105 99 46 99 97 ]
        [109 101 114 97 46 102 111 114 99 101 70 117 108 108 70 79 ]
        [86 46 70 111 114 99 101 70 117 108 108 70 79 86 59 111 ]
        [114 103 46 99 111 100 101 97 117 114 111 114 97 46 113 99 ]
        [97 109 101 114 97 51 46 97 108 115 99 46 115 116 97 116 ]
        [115 59 111 114 103 46 99 111 100 101 97 117 114 111 114 97 ]
        [46 113 99 97 109 101 114 97 51 46 97 108 115 99 46 78 ]
        [116 104 115 116 97 116 115 59 111 114 103 46 113 117 105 99 ]
        [46 99 97 109 101 114 97 46 116 111 117 99 104 70 111 99 ]
        [117 115 65 115 115 105 115 116 46 116 111 117 99 104 70 111 ]
        [99 117 115 65 115 115 105 115 116 59 111 114 103 46 113 117 ]
        [105 99 46 99 97 109 101 114 97 46 105 102 101 100 115 99 ]
        [114 111 112 105 110 102 111 46 73 70 69 68 83 67 114 111 ]
        [112 79 117 116 112 117 116 59 111 114 103 46 113 117 105 99 ]
        [46 99 97 109 101 114 97 46 105 102 101 100 115 99 114 111 ]
        [112 105 110 102 111 46 73 115 73 70 69 65 117 120 70 111 ]
        [114 80 114 101 118 105 101 119 59 111 114 103 46 99 111 100 ]
        [101 97 117 114 111 114 97 46 113 99 97 109 101 114 97 51 ]
        [46 115 97 116 117 114 97 116 105 111 110 46 117 115 101 95 ]
        [115 97 116 117 114 97 116 105 111 110 59 111 114 103 46 99 ]
        [111 100 101 97 117 114 111 114 97 46 113 99 97 109 101 114 ]
        [97 51 46 115 97 116 117 114 97 116 105 111 110 46 114 97 ]
        [110 103 101 59 99 111 109 46 113 116 105 46 99 104 105 46 ]
        [109 117 108 116 105 99 97 109 101 114 97 115 101 110 115 111 ]
        [114 99 111 110 102 105 103 46 115 101 110 115 111 114 115 121 ]
        [110 99 109 111 100 101 99 111 110 102 105 103 59 99 111 109 ]
        [46 113 116 105 46 99 104 105 46 109 117 108 116 105 99 97 ]
        [109 101 114 97 115 101 110 115 111 114 99 111 110 102 105 103 ]
        [46 68 101 102 101 114 83 101 110 115 111 114 73 110 105 116 ]
        [59 99 111 109 46 113 116 105 46 99 104 105 46 109 117 108 ]
        [116 105 99 97 109 101 114 97 105 110 112 117 116 109 101 116 ]
        [97 100 97 116 97 46 73 110 112 117 116 77 101 116 97 100 ]
        [97 116 97 79 112 116 105 99 97 108 90 111 111 109 59 99 ]
        [111 109 46 113 116 105 46 99 104 105 46 109 117 108 116 105 ]
        [99 97 109 101 114 97 105 110 112 117 116 109 101 116 97 100 ]
        [97 116 97 46 82 101 97 108 116 105 109 101 77 101 116 97 ]
        [100 97 116 97 79 112 116 105 99 97 108 90 111 111 109 59 ]
        [99 111 109 46 113 116 105 46 99 104 105 46 109 117 108 116 ]
        [105 99 97 109 101 114 97 105 110 112 117 116 109 101 116 97 ]
        [100 97 116 97 46 73 110 112 117 116 77 101 116 97 100 97 ]
        [116 97 66 111 107 101 104 59 99 111 109 46 113 116 105 46 ]
        [99 104 105 46 109 117 108 116 105 99 97 109 101 114 97 105 ]
        [110 112 117 116 109 101 116 97 100 97 116 97 46 73 110 112 ]
        [117 116 77 101 116 97 100 97 116 97 70 111 114 83 119 105 ]
        [116 99 104 67 111 110 116 114 111 108 108 101 114 59 99 111 ]
        [109 46 113 116 105 46 99 104 105 46 109 117 108 116 105 99 ]
        [97 109 101 114 97 111 117 116 112 117 116 109 101 116 97 100 ]
        [97 116 97 46 79 117 116 112 117 116 77 101 116 97 100 97 ]
        [116 97 79 112 116 105 99 97 108 90 111 111 109 59 99 111 ]
        [109 46 113 116 105 46 99 104 105 46 109 117 108 116 105 99 ]
        [97 109 101 114 97 111 117 116 112 117 116 109 101 116 97 100 ]
        [97 116 97 46 79 117 116 112 117 116 77 101 116 97 100 97 ]
        [116 97 66 111 107 101 104 59 99 111 109 46 113 116 105 46 ]
        [99 104 105 46 109 117 108 116 105 99 97 109 101 114 97 105 ]
        [110 102 111 46 77 117 108 116 105 67 97 109 101 114 97 73 ]
        [100 115 59 99 111 109 46 113 116 105 46 99 104 105 46 109 ]
        [117 108 116 105 99 97 109 101 114 97 105 110 102 111 46 77 ]
        [97 115 116 101 114 67 97 109 101 114 97 59 99 111 109 46 ]
        [113 116 105 46 99 104 105 46 109 117 108 116 105 99 97 109 ]
        [101 114 97 105 110 102 111 46 66 111 107 101 104 83 108 97 ]
        [118 101 67 97 109 101 114 97 59 99 111 109 46 113 116 105 ]
        [46 99 104 105 46 109 117 108 116 105 99 97 109 101 114 97 ]
        [105 110 102 111 46 76 111 119 80 111 119 101 114 77 111 100 ]
        [101 59 99 111 109 46 113 116 105 46 99 104 105 46 109 117 ]
        [108 116 105 99 97 109 101 114 97 105 110 102 111 46 83 121 ]
        [110 99 77 111 100 101 59 99 111 109 46 113 116 105 46 99 ]
        [104 105 46 109 117 108 116 105 99 97 109 101 114 97 105 110 ]
        [102 111 46 70 80 83 77 97 116 99 104 59 99 111 109 46 ]
        [113 116 105 46 99 104 105 46 109 117 108 116 105 99 97 109 ]
        [101 114 97 105 110 102 111 46 65 99 116 105 118 101 67 97 ]
        [109 101 114 97 77 97 115 107 59 99 111 109 46 113 116 105 ]
        [46 99 104 105 46 109 117 108 116 105 99 97 109 101 114 97 ]
        [105 110 102 111 46 65 99 116 105 118 101 67 97 109 101 114 ]
        [97 73 110 102 111 59 99 111 109 46 113 116 105 46 99 104 ]
        [105 46 109 117 108 116 105 99 97 109 101 114 97 105 110 102 ]
        [111 46 80 104 121 67 97 109 70 79 86 77 97 114 103 105 ]
        [110 59 99 111 109 46 113 117 97 108 99 111 109 109 46 113 ]
        [116 105 46 115 112 97 116 105 97 108 65 108 105 103 110 109 ]
        [101 110 116 84 114 97 110 115 102 111 114 109 46 82 97 119 ]
        [79 117 116 50 73 110 83 65 84 71 114 105 100 59 99 111 ]
        [109 46 113 116 105 46 99 104 105 46 97 117 120 99 97 109 ]
        [101 114 97 105 110 102 111 46 65 117 120 70 80 83 59 99 ]
        [111 109 46 113 116 105 46 99 104 105 46 97 117 120 99 97 ]
        [109 101 114 97 105 110 102 111 46 80 114 105 109 97 114 121 ]
        [80 105 112 101 108 105 110 101 115 65 99 116 105 118 101 73 ]
        [110 65 117 120 83 101 115 115 105 111 110 77 97 115 107 59 ]
        [99 111 109 46 113 116 105 46 99 104 105 46 97 117 120 99 ]
        [97 109 101 114 97 105 110 102 111 46 65 99 116 105 118 101 ]
        [65 117 120 67 97 109 101 114 97 73 110 102 111 59 99 111 ]
        [109 46 113 116 105 46 99 104 105 46 97 117 120 99 97 109 ]
        [101 114 97 105 110 102 111 46 73 115 65 117 120 83 101 115 ]
        [115 105 111 110 59 99 111 109 46 113 116 105 46 99 104 105 ]
        [46 97 117 120 99 97 109 101 114 97 105 110 102 111 46 73 ]
        [115 65 117 120 83 116 97 110 100 98 121 59 99 111 109 46 ]
        [113 116 105 46 99 104 105 46 108 111 103 105 99 97 108 99 ]
        [97 109 101 114 97 105 110 102 111 46 78 117 109 80 104 121 ]
        [115 105 99 97 108 67 97 109 101 114 97 115 59 99 111 109 ]
        [46 113 116 105 46 99 104 105 46 108 111 103 105 99 97 108 ]
        [99 97 109 101 114 97 105 110 102 111 46 79 117 116 112 117 ]
        [116 77 101 116 97 100 97 116 97 83 116 114 101 97 109 77 ]
        [97 115 107 59 99 111 109 46 113 116 105 46 99 114 111 112 ]
        [114 101 103 105 111 110 115 46 99 114 111 112 95 114 101 103 ]
        [105 111 110 115 59 99 111 109 46 113 116 105 46 99 114 111 ]
        [112 114 101 103 105 111 110 115 46 67 104 105 78 111 100 101 ]
        [82 101 115 105 100 117 97 108 67 114 111 112 59 99 111 109 ]
        [46 113 116 105 46 99 114 111 112 114 101 103 105 111 110 115 ]
        [46 70 105 110 97 108 83 99 97 108 101 114 67 114 111 112 ]
        [82 101 103 105 111 110 59 99 111 109 46 113 116 105 46 99 ]
        [97 109 101 114 97 46 115 119 109 102 110 114 66 108 101 110 ]
        [100 67 111 110 102 105 100 101 110 99 101 46 83 87 77 70 ]
        [78 82 66 108 101 110 100 67 111 110 102 105 100 101 110 99 ]
        [101 59 99 111 109 46 113 116 105 46 99 97 109 101 114 97 ]
        [46 115 119 109 102 110 114 66 108 101 110 100 67 111 110 102 ]
        [105 100 101 110 99 101 46 83 87 77 70 78 82 66 108 101 ]
        [110 100 101 100 70 114 97 109 101 115 59 99 111 109 46 113 ]
        [116 105 46 99 97 109 101 114 97 46 115 119 109 102 110 114 ]
        [66 108 101 110 100 67 111 110 102 105 100 101 110 99 101 46 ]
        [83 87 77 70 78 82 65 100 106 117 115 116 109 101 110 116 ]
        [70 97 99 116 111 114 59 111 114 103 46 113 117 105 99 46 ]
        [99 97 109 101 114 97 46 115 119 98 101 115 116 97 116 115 ]
        [100 97 116 97 46 83 87 66 69 83 116 97 116 115 67 111 ]
        [110 102 105 103 59 111 114 103 46 113 117 105 99 46 99 97 ]
        [109 101 114 97 46 115 119 98 101 115 116 97 116 115 100 97 ]
        [116 97 46 83 87 66 69 83 116 97 116 115 71 101 110 68 ]
        [97 116 97 59 99 111 109 46 113 116 105 46 99 104 105 46 ]
        [115 116 97 116 115 83 107 105 112 46 115 107 105 112 70 114 ]
        [97 109 101 59 99 111 109 46 113 116 105 46 99 104 105 46 ]
        [109 101 116 97 100 97 116 97 79 119 110 101 114 73 110 102 ]
        [111 46 77 101 116 97 100 97 116 97 79 119 110 101 114 59 ]
        [99 111 109 46 113 116 105 46 99 104 105 46 102 101 97 116 ]
        [117 114 101 50 82 101 113 117 101 115 116 73 110 102 111 46 ]
        [73 115 83 110 97 112 115 104 111 116 59 99 111 109 46 113 ]
        [116 105 46 99 104 105 46 115 117 112 101 114 115 108 111 119 ]
        [109 111 116 105 111 110 102 114 99 46 67 97 112 116 117 114 ]
        [101 83 116 97 114 116 59 99 111 109 46 113 116 105 46 99 ]
        [104 105 46 115 117 112 101 114 115 108 111 119 109 111 116 105 ]
        [111 110 102 114 99 46 67 97 112 116 117 114 101 67 111 109 ]
        [112 108 101 116 101 59 99 111 109 46 113 116 105 46 99 104 ]
        [105 46 115 117 112 101 114 115 108 111 119 109 111 116 105 111 ]
        [110 102 114 99 46 80 114 111 99 101 115 115 105 110 103 67 ]
        [111 109 112 108 101 116 101 59 99 111 109 46 113 116 105 46 ]
        [99 104 105 46 115 117 112 101 114 115 108 111 119 109 111 116 ]
        [105 111 110 102 114 99 46 73 110 116 101 114 112 111 108 97 ]
        [116 105 111 110 70 97 99 116 111 114 59 99 111 109 46 113 ]
        [116 105 46 99 104 105 46 98 112 115 114 101 97 108 116 105 ]
        [109 101 99 97 109 46 99 97 109 101 114 97 82 117 110 110 ]
        [105 110 103 79 110 66 80 83 59 99 111 109 46 113 116 105 ]
        [46 99 104 105 46 115 116 97 98 105 108 105 122 97 116 105 ]
        [111 110 109 111 100 101 46 105 109 97 103 101 83 116 97 98 ]
        [105 108 105 122 97 116 105 111 110 77 111 100 101 59 99 111 ]
        [109 46 113 116 105 46 99 104 105 46 90 83 76 83 101 116 ]
        [116 105 110 103 115 46 90 83 76 84 105 109 101 82 97 110 ]
        [103 101 59 99 111 109 46 113 116 105 46 99 104 105 46 90 ]
        [83 76 83 101 116 116 105 110 103 115 46 108 97 115 116 90 ]
        [83 76 102 114 97 109 101 59 99 111 109 46 113 116 105 46 ]
        [99 104 105 46 90 83 76 83 101 116 116 105 110 103 115 46 ]
        [108 97 115 116 68 101 98 117 103 90 83 76 102 114 97 109 ]
        [101 59 99 111 109 46 113 116 105 46 99 104 105 46 108 105 ]
        [118 101 80 114 101 118 105 101 119 46 101 110 97 98 108 101 ]
        [59 99 111 109 46 113 116 105 46 99 104 105 46 115 110 97 ]
        [112 115 104 111 116 102 114 97 109 101 101 120 112 111 115 117 ]
        [114 101 116 121 112 101 46 115 110 97 112 115 104 111 116 102 ]
        [114 97 109 101 101 120 112 111 115 117 114 101 116 121 112 101 ]
        [59 99 111 109 46 113 116 105 46 99 104 105 46 115 110 97 ]
        [112 115 104 111 116 102 114 97 109 101 101 120 112 111 115 117 ]
        [114 101 116 121 112 101 46 83 110 97 112 115 104 111 116 78 ]
        [117 109 79 102 69 120 112 111 115 117 114 101 115 59 111 114 ]
        [103 46 113 117 105 99 46 99 97 109 101 114 97 46 100 101 ]
        [98 117 103 68 117 109 112 67 111 110 102 105 103 46 68 101 ]
        [98 117 103 68 117 109 112 67 111 110 102 105 103 59 111 114 ]
        [103 46 113 117 105 99 46 99 97 109 101 114 97 46 100 101 ]
        [98 117 103 68 117 109 112 67 111 110 102 105 103 46 65 112 ]
        [112 70 114 97 109 101 78 117 109 98 101 114 59 111 114 103 ]
        [46 113 117 105 99 46 99 97 109 101 114 97 46 100 101 98 ]
        [117 103 68 117 109 112 67 111 110 102 105 103 46 115 101 115 ]
        [115 105 111 110 84 105 109 101 83 116 97 109 112 59 111 114 ]
        [103 46 113 117 105 99 46 99 97 109 101 114 97 46 100 101 ]
        [98 117 103 68 117 109 112 67 111 110 102 105 103 46 100 101 ]
        [98 117 103 68 97 116 97 68 117 109 112 73 110 102 111 59 ]
        [99 111 109 46 113 116 105 46 99 104 105 46 112 105 120 101 ]
        [108 115 104 105 102 116 46 80 105 120 101 108 83 104 105 102 ]
        [116 59 111 114 103 46 113 117 105 99 46 99 97 109 101 114 ]
        [97 46 77 117 108 116 105 70 114 97 109 101 46 77 117 108 ]
        [116 105 102 114 97 109 101 66 117 114 115 116 76 105 109 105 ]
        [116 59 111 114 103 46 113 117 105 99 46 99 97 109 101 114 ]
        [97 46 77 117 108 116 105 70 114 97 109 101 46 77 117 108 ]
        [116 105 102 114 97 109 101 66 117 114 115 116 69 110 97 98 ]
        [108 101 59 111 114 103 46 113 117 105 99 46 99 97 109 101 ]
        [114 97 46 105 110 100 117 99 101 83 108 101 101 112 73 110 ]
        [67 104 105 78 111 100 101 46 73 110 100 117 99 101 83 108 ]
        [101 101 112 59 99 111 109 46 113 116 105 46 99 104 105 46 ]
        [114 97 119 99 98 105 110 102 111 46 73 100 101 97 108 82 ]
        [97 119 59 99 111 109 46 113 116 105 46 99 104 105 46 114 ]
        [97 119 99 98 105 110 102 111 46 82 97 119 83 105 122 101 ]
        [59 99 111 109 46 113 116 105 46 99 104 105 46 113 108 108 ]
        [67 111 110 116 114 111 108 46 81 76 76 67 111 110 102 105 ]
        [103 117 114 97 116 105 111 110 59 99 111 109 46 113 116 105 ]
        [46 99 104 105 46 115 101 103 109 101 110 116 97 116 105 111 ]
        [110 46 83 101 103 77 101 116 97 79 117 116 59 111 114 103 ]
        [46 113 117 105 99 46 99 97 109 101 114 97 46 73 70 69 ]
        [84 101 115 116 71 101 110 67 97 112 97 98 105 108 105 116 ]
        [121 46 73 70 69 84 101 115 116 71 101 110 67 97 112 97 ]
        [98 105 108 105 116 121 59 111 114 103 46 113 117 105 99 46 ]
        [99 97 109 101 114 97 46 73 70 69 84 101 115 116 71 101 ]
        [110 67 111 110 102 105 103 46 73 70 69 84 101 115 116 71 ]
        [101 110 67 111 110 102 105 103 59 99 111 109 46 113 116 105 ]
        [46 99 104 105 46 109 117 108 116 105 70 114 97 109 101 68 ]
        [97 116 97 46 77 117 108 116 105 70 114 97 109 101 68 97 ]
        [116 97 59 99 111 109 46 113 116 105 46 99 104 105 46 115 ]
        [116 97 99 107 101 100 70 114 97 109 101 46 83 116 97 99 ]
        [107 101 100 70 114 97 109 101 59 99 111 109 46 113 116 105 ]
        [46 99 104 105 46 70 101 97 116 117 114 101 50 69 114 114 ]
        [111 114 73 110 100 117 99 101 70 114 97 109 101 119 111 114 ]
        [107 46 73 110 100 117 99 101 114 70 101 97 116 117 114 101 ]
        [71 114 97 112 104 78 97 109 101 59 99 111 109 46 113 116 ]
        [105 46 99 104 105 46 70 101 97 116 117 114 101 50 69 114 ]
        [114 111 114 73 110 100 117 99 101 70 114 97 109 101 119 111 ]
        [114 107 46 73 110 100 117 99 101 114 70 101 97 116 117 114 ]
        [101 78 97 109 101 59 99 111 109 46 113 116 105 46 99 104 ]
        [105 46 70 101 97 116 117 114 101 50 69 114 114 111 114 73 ]
        [110 100 117 99 101 70 114 97 109 101 119 111 114 107 46 73 ]
        [110 100 117 99 101 114 70 82 79 80 114 111 99 101 115 115 ]
        [83 101 113 73 100 59 99 111 109 46 113 116 105 46 99 104 ]
        [105 46 70 101 97 116 117 114 101 50 69 114 114 111 114 73 ]
        [110 100 117 99 101 70 114 97 109 101 119 111 114 107 46 73 ]
        [110 100 117 99 101 114 70 101 97 116 117 114 101 80 111 114 ]
        [116 78 97 109 101 59 99 111 109 46 113 116 105 46 99 104 ]
        [105 46 70 101 97 116 117 114 101 50 69 114 114 111 114 73 ]
        [110 100 117 99 101 70 114 97 109 101 119 111 114 107 46 73 ]
        [110 100 117 99 101 70 101 97 116 117 114 101 50 69 114 114 ]
        [111 114 84 121 112 101 59 99 111 109 46 113 116 105 46 99 ]
        [104 105 46 70 101 97 116 117 114 101 50 69 114 114 111 114 ]
        [73 110 100 117 99 101 70 114 97 109 101 119 111 114 107 46 ]
        [73 110 100 117 99 101 70 101 97 116 117 114 101 50 68 101 ]
        [108 97 121 84 121 112 101 59 99 111 109 46 113 116 105 46 ]
        [99 104 105 46 116 114 97 110 115 105 116 105 111 110 77 111 ]
        [100 101 46 84 114 97 110 115 105 116 105 111 110 77 111 100 ]
        [101 59 111 114 103 46 113 117 105 99 46 99 97 109 101 114 ]
        [97 46 78 117 109 79 102 66 97 121 101 114 77 101 114 103 ]
        [101 46 78 117 109 79 102 66 97 121 101 114 77 101 114 103 ]
        [101 59 111 114 103 46 113 117 105 99 46 99 97 109 101 114 ]
        [97 46 115 102 101 65 108 105 103 110 109 101 110 116 46 83 ]
        [70 69 65 108 105 103 110 109 101 110 116 83 105 122 101 59 ]
        [111 114 103 46 113 117 105 99 46 99 97 109 101 114 97 46 ]
        [115 102 101 65 108 105 103 110 109 101 110 116 46 83 70 69 ]
        [65 108 105 103 110 109 101 110 116 79 102 102 115 101 116 59 ]
        [99 111 109 46 113 116 105 46 99 104 105 46 101 110 97 98 ]
        [108 101 97 100 114 99 112 97 116 104 46 101 110 97 98 108 ]
        [101 65 68 82 67 80 97 116 104 59 99 111 109 46 113 116 ]
        [105 46 99 104 105 46 79 102 102 108 105 110 101 73 70 69 ]
        [77 111 100 101 46 105 115 79 102 102 108 105 110 101 73 70 ]
        [69 77 111 100 101 59 111 114 103 46 113 117 105 99 46 99 ]
        [97 109 101 114 97 46 115 99 114 97 116 99 104 98 117 102 ]
        [102 101 114 100 97 116 97 46 83 99 114 97 116 99 104 66 ]
        [117 102 102 101 114 68 97 116 97 59 111 114 103 46 113 117 ]
        [105 99 46 99 97 109 101 114 97 46 115 119 102 117 115 105 ]
        [111 110 73 110 102 111 46 77 97 105 110 116 97 105 110 83 ]
        [101 113 117 101 110 99 101 59 111 114 103 46 113 117 105 99 ]
        [46 99 97 109 101 114 97 46 101 110 97 98 108 101 66 68 ]
        [83 115 112 108 105 116 109 111 100 101 46 69 110 97 98 108 ]
        [101 66 68 83 83 112 108 105 116 70 101 97 116 117 114 101 ]
        [59 111 114 103 46 113 117 105 99 46 99 97 109 101 114 97 ]
        [46 99 97 115 99 97 100 101 50 100 108 117 116 46 99 97 ]
        [115 99 97 100 101 50 68 76 117 116 67 111 110 116 114 111 ]
        [108 59 99 111 109 46 113 116 105 46 99 104 105 46 119 97 ]
        [114 112 115 84 114 97 110 115 102 111 114 109 46 119 97 114 ]
        [112 115 67 114 111 112 84 114 97 110 115 102 111 114 109 59 ]
        [99 111 109 46 113 116 105 46 99 104 105 46 119 97 114 112 ]
        [115 84 114 97 110 115 102 111 114 109 46 101 110 97 98 108 ]
        [101 80 111 115 116 87 97 114 112 67 114 111 112 59 99 111 ]
        [109 46 113 116 105 46 99 104 105 46 119 97 114 112 115 84 ]
        [114 97 110 115 102 111 114 109 46 112 111 115 116 87 97 114 ]
        [112 70 68 82 111 105 73 110 102 111 59 111 114 103 46 113 ]
        [117 105 99 46 99 97 109 101 114 97 50 46 111 101 109 102 ]
        [100 99 111 110 102 105 103 46 79 69 77 70 68 67 111 110 ]
        [102 105 103 59 111 114 103 46 113 117 105 99 46 99 97 109 ]
        [101 114 97 50 46 111 101 109 102 100 114 101 115 117 108 116 ]
        [115 46 79 69 77 70 68 82 101 115 117 108 116 115 59 111 ]
        [114 103 46 113 117 105 99 46 99 97 109 101 114 97 50 46 ]
        [111 101 109 102 100 114 101 115 117 108 116 115 46 79 69 77 ]
        [70 68 67 111 110 116 111 117 114 82 101 115 117 108 116 115 ]
        [59 111 114 103 46 113 117 105 99 46 99 97 109 101 114 97 ]
        [50 46 111 101 109 102 100 114 101 115 117 108 116 115 46 79 ]
        [69 77 70 68 85 112 112 101 114 66 111 100 121 82 101 115 ]
        [117 108 116 115 59 111 114 103 46 99 111 100 101 97 117 114 ]
        [111 114 97 46 113 99 97 109 101 114 97 51 46 115 116 97 ]
        [116 115 46 105 115 95 104 100 114 95 115 99 101 110 101 59 ]
        [111 114 103 46 99 111 100 101 97 117 114 111 114 97 46 113 ]
        [99 97 109 101 114 97 51 46 115 116 97 116 115 46 98 115 ]
        [103 99 95 97 118 97 105 108 97 98 108 101 59 111 114 103 ]
        [46 99 111 100 101 97 117 114 111 114 97 46 113 99 97 109 ]
        [101 114 97 51 46 115 116 97 116 115 46 98 108 105 110 107 ]
        [95 100 101 116 101 99 116 101 100 59 111 114 103 46 99 111 ]
        [100 101 97 117 114 111 114 97 46 113 99 97 109 101 114 97 ]
        [51 46 115 116 97 116 115 46 98 108 105 110 107 95 100 101 ]
        [103 114 101 101 59 111 114 103 46 99 111 100 101 97 117 114 ]
        [111 114 97 46 113 99 97 109 101 114 97 51 46 115 116 97 ]
        [116 115 46 103 97 122 101 95 97 110 103 108 101 59 111 114 ]
        [103 46 99 111 100 101 97 117 114 111 114 97 46 113 99 97 ]
        [109 101 114 97 51 46 115 116 97 116 115 46 103 97 122 101 ]
        [95 100 105 114 101 99 116 105 111 110 59 111 114 103 46 99 ]
        [111 100 101 97 117 114 111 114 97 46 113 99 97 109 101 114 ]
        [97 51 46 115 116 97 116 115 46 103 97 122 101 95 100 101 ]
        [103 114 101 101 59 111 114 103 46 99 111 100 101 97 117 114 ]
        [111 114 97 46 113 99 97 109 101 114 97 51 46 115 116 97 ]
        [116 115 46 99 111 110 116 111 117 114 95 114 101 115 117 108 ]
        [116 115 59 111 114 103 46 99 111 100 101 97 117 114 111 114 ]
        [97 46 113 99 97 109 101 114 97 51 46 115 116 97 116 115 ]
        [46 102 97 99 101 95 101 120 112 114 101 115 115 105 111 110 ]
        [59 111 114 103 46 99 111 100 101 97 117 114 111 114 97 46 ]
        [113 99 97 109 101 114 97 51 46 115 116 97 116 115 46 103 ]
        [101 110 100 101 114 59 111 114 103 46 99 111 100 101 97 117 ]
        [114 111 114 97 46 113 99 97 109 101 114 97 51 46 115 116 ]
        [97 116 115 46 109 97 115 107 95 114 101 115 117 108 116 115 ]
        [59 111 114 103 46 99 111 100 101 97 117 114 111 114 97 46 ]
        [113 99 97 109 101 114 97 51 46 115 116 97 116 115 46 117 ]
        [112 112 101 114 98 111 100 121 95 114 101 115 117 108 116 115 ]
        [59 111 114 103 46 99 111 100 101 97 117 114 111 114 97 46 ]
        [113 99 97 109 101 114 97 51 46 115 116 97 116 115 46 112 ]
        [101 116 95 114 101 115 117 108 116 115 59 111 114 103 46 99 ]
        [111 100 101 97 117 114 111 114 97 46 113 99 97 109 101 114 ]
        [97 51 46 102 97 99 105 97 108 95 97 116 116 114 46 103 ]
        [97 122 101 95 101 110 97 98 108 101 59 111 114 103 46 99 ]
        [111 100 101 97 117 114 111 114 97 46 113 99 97 109 101 114 ]
        [97 51 46 102 97 99 105 97 108 95 97 116 116 114 46 98 ]
        [108 105 110 107 95 101 110 97 98 108 101 59 111 114 103 46 ]
        [99 111 100 101 97 117 114 111 114 97 46 113 99 97 109 101 ]
        [114 97 51 46 102 97 99 105 97 108 95 97 116 116 114 46 ]
        [99 111 110 116 111 117 114 95 101 110 97 98 108 101 59 111 ]
        [114 103 46 99 111 100 101 97 117 114 111 114 97 46 113 99 ]
        [97 109 101 114 97 51 46 102 97 99 105 97 108 95 97 116 ]
        [116 114 46 103 101 110 100 101 114 95 101 110 97 98 108 101 ]
        [59 111 114 103 46 99 111 100 101 97 117 114 111 114 97 46 ]
        [113 99 97 109 101 114 97 51 46 102 97 99 105 97 108 95 ]
        [97 116 116 114 46 102 97 99 101 95 101 120 112 114 101 115 ]
        [115 105 111 110 95 101 110 97 98 108 101 59 111 114 103 46 ]
        [99 111 100 101 97 117 114 111 114 97 46 113 99 97 109 101 ]
        [114 97 51 46 102 97 99 105 97 108 95 97 116 116 114 46 ]
        [102 97 99 101 95 109 97 115 107 95 101 110 97 98 108 101 ]
        [59 111 114 103 46 99 111 100 101 97 117 114 111 114 97 46 ]
        [113 99 97 109 101 114 97 51 46 102 97 99 105 97 108 95 ]
        [97 116 116 114 46 117 112 112 101 114 98 111 100 121 95 101 ]
        [110 97 98 108 101 59 111 114 103 46 99 111 100 101 97 117 ]
        [114 111 114 97 46 113 99 97 109 101 114 97 51 46 102 97 ]
        [99 105 97 108 95 97 116 116 114 46 99 111 110 116 111 117 ]
        [114 95 118 105 115 105 98 105 108 105 116 121 95 109 111 100 ]
        [101 59 111 114 103 46 99 111 100 101 97 117 114 111 114 97 ]
        [46 113 99 97 109 101 114 97 51 46 102 97 99 105 97 108 ]
        [95 97 116 116 114 46 112 101 116 95 100 101 116 101 99 116 ]
        [105 111 110 95 109 111 100 101 59 111 114 103 46 113 117 105 ]
        [99 46 99 97 109 101 114 97 46 111 102 102 108 105 110 101 ]
        [100 117 109 112 46 105 115 69 110 97 98 108 101 100 59 111 ]
        [114 103 46 113 117 105 99 46 99 97 109 101 114 97 46 111 ]
        [102 102 108 105 110 101 100 117 109 112 46 79 102 102 108 105 ]
        [110 101 68 117 109 112 84 114 105 103 103 101 114 59 111 114 ]
        [103 46 113 117 105 99 46 99 97 109 101 114 97 46 111 102 ]
        [102 108 105 110 101 100 117 109 112 46 102 114 97 109 101 78 ]
        [117 109 59 111 114 103 46 99 111 100 101 97 117 114 111 114 ]
        [97 46 113 99 97 109 101 114 97 51 46 115 101 110 115 111 ]
        [114 95 67 83 73 80 72 89 95 67 111 110 116 114 111 108 ]
        [68 97 116 97 46 99 100 114 76 97 110 101 86 97 108 117 ]
        [101 59 111 114 103 46 99 111 100 101 97 117 114 111 114 97 ]
        [46 113 99 97 109 101 114 97 51 46 115 101 110 115 111 114 ]
        [95 67 83 73 80 72 89 95 67 111 110 116 114 111 108 68 ]
        [97 116 97 46 99 100 114 84 111 108 101 114 97 110 99 101 ]
        [59 111 114 103 46 99 111 100 101 97 117 114 111 114 97 46 ]
        [113 99 97 109 101 114 97 51 46 115 101 110 115 111 114 95 ]
        [67 83 73 80 72 89 95 67 111 110 116 114 111 108 68 97 ]
        [116 97 46 99 100 114 84 111 108 101 114 97 110 99 101 84 ]
        [121 112 101 59 99 111 109 46 113 116 105 46 99 104 105 46 ]
        [67 97 109 101 114 97 83 116 97 116 117 115 73 110 102 111 ]
        [46 67 97 109 101 114 97 83 116 97 116 117 115 73 110 102 ]
        [111 59 99 111 109 46 113 116 105 46 110 111 100 101 46 97 ]
        [111 110 46 65 79 78 73 110 102 111 59 99 111 109 46 113 ]
        [116 105 46 99 104 105 46 108 111 119 82 101 115 111 108 117 ]
        [116 105 111 110 85 112 115 99 97 108 101 46 76 111 119 82 ]
        [101 115 111 108 117 116 105 111 110 85 112 115 99 97 108 101 ]
        [59 99 111 109 46 113 116 105 46 99 104 105 46 104 119 99 ]
        [102 103 46 69 110 97 98 108 101 70 111 114 99 101 67 114 ]
        [101 97 116 105 111 110 59 111 114 103 46 113 117 105 99 46 ]
        [99 97 109 101 114 97 46 79 102 102 108 105 110 101 67 97 ]
        [109 83 116 97 116 105 99 67 97 112 115 46 65 118 97 105 ]
        [108 97 98 108 101 77 111 100 101 115 59 99 111 109 46 113 ]
        [116 105 46 99 104 105 46 79 102 102 108 105 110 101 67 97 ]
        [109 101 114 97 46 78 117 109 72 87 73 110 112 117 116 70 ]
        [114 97 109 101 115 59 99 111 109 46 113 116 105 46 99 104 ]
        [105 46 79 102 102 108 105 110 101 67 97 109 101 114 97 46 ]
        [70 101 97 116 117 114 101 84 97 103 59 99 111 109 46 113 ]
        [116 105 46 99 104 105 46 79 102 102 108 105 110 101 67 97 ]
        [109 101 114 97 46 72 87 80 114 111 102 105 108 101 73 100 ]
        [59 99 111 109 46 113 116 105 46 99 104 105 46 79 102 102 ]
        [108 105 110 101 67 97 109 101 114 97 46 65 117 120 66 121 ]
        [112 97 115 115 59 111 114 103 46 113 117 105 99 46 111 102 ]
        [102 108 105 110 101 99 97 109 101 114 97 46 70 97 99 101 ]
        [82 101 99 116 97 110 103 108 101 59 111 114 103 46 113 117 ]
        [105 99 46 111 102 102 108 105 110 101 99 97 109 101 114 97 ]
        [46 87 97 114 112 67 114 111 112 70 79 86 59 111 114 103 ]
        [46 113 117 105 99 46 111 102 102 108 105 110 101 99 97 109 ]
        [101 114 97 46 68 105 115 116 111 114 116 105 111 110 71 114 ]
        [105 100 84 114 97 110 115 102 111 114 109 59 111 114 103 46 ]
        [113 117 105 99 46 111 102 102 108 105 110 101 99 97 109 101 ]
        [114 97 46 87 97 114 112 71 114 105 100 84 114 97 110 115 ]
        [102 111 114 109 59 111 114 103 46 113 117 105 99 46 111 102 ]
        [102 108 105 110 101 99 97 109 101 114 97 46 69 120 116 65 ]
        [108 105 103 110 77 97 116 114 105 120 59 111 114 103 46 113 ]
        [117 105 99 46 111 102 102 108 105 110 101 99 97 109 101 114 ]
        [97 46 83 116 97 116 105 99 87 97 114 112 77 97 114 103 ]
        [105 110 59 111 114 103 46 113 117 105 99 46 111 102 102 108 ]
        [105 110 101 99 97 109 101 114 97 46 80 114 105 118 97 116 ]
        [101 59 111 114 103 46 113 117 105 99 46 111 102 102 108 105 ]
        [110 101 99 97 109 101 114 97 46 82 101 97 108 116 105 109 ]
        [101 79 112 77 111 100 101 59 111 114 103 46 113 117 105 99 ]
        [46 111 102 102 108 105 110 101 99 97 109 101 114 97 46 67 ]
        [117 115 116 111 109 84 117 110 105 110 103 73 110 102 111 59 ]
        [111 114 103 46 113 117 105 99 46 111 102 102 108 105 110 101 ]
        [99 97 109 101 114 97 46 101 110 99 111 100 101 114 46 85 ]
        [66 87 67 83 116 97 116 115 59 111 114 103 46 113 117 105 ]
        [99 46 111 102 102 108 105 110 101 99 97 109 101 114 97 46 ]
        [101 110 99 111 100 101 114 46 77 111 116 105 111 110 83 116 ]
        [97 116 115 59 111 114 103 46 113 117 105 99 46 99 97 109 ]
        [101 114 97 46 103 109 101 46 71 77 69 79 70 69 70 114 ]
        [97 109 101 79 117 116 112 117 116 59 111 114 103 46 113 117 ]
        [105 99 46 99 97 109 101 114 97 46 103 109 101 46 69 97 ]
        [114 108 121 67 114 111 112 69 110 97 98 108 101 100 59 111 ]
        [114 103 46 113 117 105 99 46 99 97 109 101 114 97 46 103 ]
        [109 101 46 71 114 105 100 84 114 97 110 115 102 111 114 109 ]
        [68 105 115 112 108 97 121 59 111 114 103 46 113 117 105 99 ]
        [46 99 97 109 101 114 97 46 103 109 101 46 71 114 105 100 ]
        [84 114 97 110 115 102 111 114 109 86 105 100 101 111 59 111 ]
        [114 103 46 113 117 105 99 46 99 97 109 101 114 97 46 103 ]
        [109 101 46 67 117 114 114 101 110 116 83 99 101 110 101 84 ]
        [121 112 101 59 111 114 103 46 113 117 105 99 46 99 97 109 ]
        [101 114 97 46 103 109 101 46 65 99 116 105 118 105 116 121 ]
        [68 101 116 101 99 116 105 111 110 79 117 116 112 117 116 59 ]
        [111 114 103 46 113 117 105 99 46 99 97 109 101 114 97 46 ]
        [103 109 101 46 71 114 105 100 84 114 97 110 115 102 111 114 ]
        [109 65 73 59 111 114 103 46 113 117 105 99 46 99 97 109 ]
        [101 114 97 46 103 109 101 46 68 105 115 112 82 101 102 80 ]
        [97 114 97 109 115 59 111 114 103 46 113 117 105 99 46 99 ]
        [97 109 101 114 97 46 103 109 101 46 86 105 100 101 111 82 ]
        [101 102 80 97 114 97 109 115 59 111 114 103 46 113 117 105 ]
        [99 46 99 97 109 101 114 97 46 103 109 101 46 65 73 82 ]
        [101 102 80 97 114 97 109 115 59 111 114 103 46 113 117 105 ]
        [99 46 99 97 109 101 114 97 46 103 109 101 46 65 99 116 ]
        [105 118 105 116 121 68 101 116 101 99 116 105 111 110 69 110 ]
        [97 98 108 101 100 59 111 114 103 46 113 117 105 99 46 99 ]
        [97 109 101 114 97 46 112 114 101 65 73 83 101 103 68 97 ]
        [116 97 46 80 114 101 65 73 83 101 103 82 71 66 50 89 ]
        [85 86 67 111 110 118 101 114 116 77 97 116 114 105 120 59 ]
        [111 114 103 46 113 117 105 99 46 99 97 109 101 114 97 46 ]
        [112 114 101 65 73 83 101 103 68 97 116 97 46 80 114 101 ]
        [65 73 83 101 103 77 111 116 105 111 110 70 79 86 68 97 ]
        [116 97 59 111 114 103 46 113 117 105 99 46 99 97 109 101 ]
        [114 97 46 79 110 101 68 105 114 101 99 116 105 111 110 83 ]
        [99 97 108 101 46 101 110 97 98 108 101 59 111 114 103 46 ]
        [113 117 105 99 46 99 97 109 101 114 97 46 79 110 101 68 ]
        [105 114 101 99 116 105 111 110 83 99 97 108 101 46 115 99 ]
        [97 108 105 110 103 70 97 99 116 111 114 59 99 111 109 46 ]
        [113 117 97 108 99 111 109 109 46 113 116 105 46 112 111 119 ]
        [101 114 104 105 110 116 46 80 111 119 101 114 104 105 110 116 ]
        [59 111 114 103 46 113 117 105 99 46 99 97 109 101 114 97 ]
        [46 110 99 115 100 97 116 97 46 103 114 97 118 105 116 121 ]
        [68 97 116 97 73 110 102 111 59 99 111 109 46 111 112 108 ]
        [117 115 46 115 111 105 115 46 99 117 115 116 111 109 46 105 ]
        [110 102 111 59 99 111 109 46 111 112 108 117 115 46 115 117 ]
        [112 112 111 114 116 101 100 46 99 97 109 101 114 97 46 50 ]
        [83 97 116 84 111 87 84 59 99 111 109 46 111 112 108 117 ]
        [115 46 105 115 46 103 101 110 101 114 105 99 46 99 97 109 ]
        [101 114 97 59 99 111 109 46 111 112 108 117 115 46 115 117 ]
        [112 112 111 114 116 101 100 46 99 97 109 101 114 97 105 100 ]
        [46 116 121 112 101 59 99 111 109 46 111 112 108 117 115 46 ]
        [76 111 103 105 99 97 108 67 97 109 101 114 97 73 110 102 ]
        [111 77 97 112 59 99 111 109 46 111 112 108 117 115 46 105 ]
        [115 46 115 100 107 46 99 97 109 101 114 97 46 112 97 99 ]
        [107 97 103 101 59 99 111 109 46 111 112 108 117 115 46 98 ]
        [111 107 101 104 46 100 117 97 108 46 99 97 108 105 98 114 ]
        [97 116 105 111 110 59 99 111 109 46 111 112 108 117 115 46 ]
        [105 99 99 46 105 110 102 111 46 115 117 112 112 111 114 116 ]
        [87 105 100 101 67 111 108 111 114 71 97 109 117 116 59 99 ]
        [111 109 46 111 112 108 117 115 46 99 117 115 116 111 109 46 ]
        [122 111 111 109 46 114 97 110 103 101 59 99 111 109 46 111 ]
        [112 108 117 115 46 99 117 115 116 111 109 46 118 105 100 101 ]
        [111 46 122 111 111 109 46 114 97 110 103 101 59 99 111 109 ]
        [46 111 112 108 117 115 46 99 117 115 116 111 109 46 118 105 ]
        [100 101 111 46 54 48 102 112 115 46 122 111 111 109 46 114 ]
        [97 110 103 101 59 99 111 109 46 111 112 108 117 115 46 99 ]
        [117 115 116 111 109 46 111 112 101 114 97 116 105 111 110 46 ]
        [109 111 100 101 46 122 111 111 109 46 114 97 110 103 101 59 ]
        [99 111 109 46 111 112 108 117 115 46 105 110 115 101 110 115 ]
        [111 114 46 122 111 111 109 46 114 97 110 103 101 59 99 111 ]
        [109 46 111 112 108 117 115 46 101 120 112 101 114 116 46 122 ]
        [111 111 109 46 114 97 110 103 101 59 99 111 109 46 111 112 ]
        [108 117 115 46 117 108 116 114 97 119 105 100 101 46 122 111 ]
        [111 109 46 114 97 110 103 101 59 99 111 109 46 111 112 108 ]
        [117 115 46 99 117 115 116 111 109 46 118 105 100 101 111 46 ]
        [101 110 100 111 102 115 116 114 101 97 109 59 99 111 109 46 ]
        [111 112 108 117 115 46 102 111 118 46 65 110 103 108 101 59 ]
        [99 111 109 46 111 112 108 117 115 46 100 105 115 116 111 114 ]
        [116 105 111 110 46 99 97 108 105 98 114 97 116 105 111 110 ]
        [59 99 111 109 46 111 112 108 117 115 46 97 114 99 46 100 ]
        [105 115 116 111 114 116 105 111 110 46 99 97 108 105 98 114 ]
        [97 116 105 111 110 59 99 111 109 46 111 112 108 117 115 46 ]
        [116 101 108 101 46 99 97 108 105 98 114 97 116 105 111 110 ]
        [59 99 111 109 46 111 112 108 117 115 46 116 101 108 101 46 ]
        [102 97 114 46 99 97 108 105 98 114 97 116 105 111 110 59 ]
        [99 111 109 46 111 112 108 117 115 46 117 108 116 114 97 116 ]
        [101 108 101 46 99 97 108 105 98 114 97 116 105 111 110 59 ]
        [99 111 109 46 111 112 108 117 115 46 118 101 110 100 111 114 ]
        [46 116 97 103 46 99 111 117 110 116 59 99 111 109 46 111 ]
        [112 108 117 115 46 118 101 110 100 111 114 46 116 97 103 46 ]
        [110 97 109 101 115 59 99 111 109 46 111 112 108 117 115 46 ]
        [118 101 110 100 111 114 46 116 97 103 46 105 100 115 59 99 ]
        [111 109 46 111 112 108 117 115 46 77 111 100 117 108 101 81 ]
        [82 99 111 100 101 59 99 111 109 46 111 112 108 117 115 46 ]
        [109 118 103 46 102 97 115 116 122 111 111 109 46 112 111 105 ]
        [110 116 59 99 111 109 46 111 112 108 117 115 46 110 97 118 ]
        [105 103 97 116 105 111 110 46 99 114 111 112 46 114 97 116 ]
        [105 111 59 99 111 109 46 111 112 108 117 115 46 110 97 118 ]
        [105 103 97 116 105 111 110 46 99 114 111 112 46 117 112 100 ]
        [97 116 101 46 114 97 116 105 111 59 99 111 109 46 111 112 ]
        [108 117 115 46 81 67 70 65 82 101 109 111 115 97 105 99 ]
        [84 121 112 101 59 99 111 109 46 111 112 108 117 115 46 99 ]
        [117 115 116 111 109 46 106 112 101 103 46 115 105 122 101 59 ]
        [99 111 109 46 111 112 108 117 115 46 99 117 115 116 111 109 ]
        [46 114 97 119 46 115 105 122 101 59 99 111 109 46 111 112 ]
        [108 117 115 46 101 110 103 105 110 101 101 114 99 97 109 101 ]
        [114 97 46 106 112 101 103 46 115 105 122 101 59 99 111 109 ]
        [46 111 112 108 117 115 46 101 110 103 105 110 101 101 114 99 ]
        [97 109 101 114 97 46 101 120 112 108 111 114 101 114 99 97 ]
        [109 101 114 97 46 109 105 112 105 46 98 121 112 97 115 115 ]
        [46 115 101 110 115 111 114 109 111 100 101 59 99 111 109 46 ]
        [111 112 108 117 115 46 101 110 103 105 110 101 101 114 99 97 ]
        [109 101 114 97 46 101 120 112 108 111 114 101 114 99 97 109 ]
        [101 114 97 46 109 105 112 105 46 110 111 116 98 121 112 97 ]
        [115 115 46 115 101 110 115 111 114 109 111 100 101 59 99 111 ]
        [109 46 111 112 108 117 115 46 99 117 115 116 111 109 46 105 ]
        [110 102 111 59 99 111 109 46 111 112 108 117 115 46 97 118 ]
        [97 105 108 97 98 108 101 46 115 116 114 101 97 109 46 102 ]
        [112 115 46 114 97 110 103 101 115 59 99 111 109 46 111 112 ]
        [108 117 115 46 109 97 110 117 97 108 87 66 46 99 111 108 ]
        [111 114 95 116 111 110 101 95 114 97 110 103 101 59 99 111 ]
        [109 46 111 112 108 117 115 46 109 97 110 117 97 108 87 66 ]
        [46 99 111 108 111 114 95 116 111 110 101 59 99 111 109 46 ]
        [111 112 108 117 115 46 112 114 111 46 101 120 116 101 110 115 ]
        [105 111 110 46 105 115 111 46 115 117 112 112 111 114 116 59 ]
        [99 111 109 46 111 112 108 117 115 46 102 117 115 105 111 110 ]
        [46 105 110 102 111 59 99 111 109 46 111 112 108 117 115 46 ]
        [112 114 111 46 101 120 116 101 110 115 105 111 110 46 105 115 ]
        [111 46 114 97 110 103 101 59 99 111 109 46 111 112 108 117 ]
        [115 46 109 111 118 105 101 46 101 120 116 101 110 115 105 111 ]
        [110 46 105 115 111 46 114 97 110 103 101 59 99 111 109 46 ]
        [111 112 108 117 115 46 100 114 97 119 46 102 114 97 109 101 ]
        [46 100 101 108 97 121 59 99 111 109 46 111 112 108 117 115 ]
        [46 99 117 115 116 111 109 46 115 117 112 112 111 114 116 46 ]
        [114 97 119 46 115 105 122 101 59 99 111 109 46 111 112 108 ]
        [117 115 46 105 115 79 75 73 46 118 101 114 115 105 111 110 ]
        [59 99 111 109 46 111 112 108 117 115 46 102 111 99 117 115 ]
        [46 105 115 46 100 101 112 116 104 46 98 97 115 101 100 59 ]
        [99 111 109 46 111 112 108 117 115 46 112 97 99 107 97 103 ]
        [101 78 97 109 101 59 99 111 109 46 111 112 108 117 115 46 ]
        [84 79 70 68 97 116 97 73 110 102 111 59 99 111 109 46 ]
        [111 112 108 117 115 46 65 70 83 101 110 100 84 111 84 79 ]
        [70 67 111 110 116 114 111 108 83 116 97 116 117 115 59 99 ]
        [111 109 46 111 112 108 117 115 46 101 110 97 98 108 101 73 ]
        [122 111 111 109 59 99 111 109 46 111 112 108 117 115 46 118 ]
        [105 101 119 102 105 110 100 101 114 46 111 118 101 114 114 105 ]
        [100 101 46 111 102 101 99 114 111 112 46 101 110 97 98 108 ]
        [101 59 99 111 109 46 111 112 108 117 115 46 97 115 100 46 ]
        [117 105 46 118 97 108 117 101 59 99 111 109 46 111 112 108 ]
        [117 115 46 116 117 110 110 105 110 103 46 115 116 97 116 115 ]
        [46 100 101 98 117 103 46 117 110 112 97 99 107 59 99 111 ]
        [109 46 111 112 108 117 115 46 108 111 99 97 108 65 87 66 ]
        [46 100 101 98 117 103 59 99 111 109 46 111 112 108 117 115 ]
        [46 105 115 46 108 97 115 101 114 46 100 105 114 116 121 59 ]
        [99 111 109 46 111 112 108 117 115 46 97 99 116 105 118 105 ]
        [116 121 78 97 109 101 59 99 111 109 46 111 112 108 117 115 ]
        [46 102 97 115 116 109 111 116 105 111 110 46 109 111 100 101 ]
        [46 101 110 97 98 108 101 59 99 111 109 46 111 112 108 117 ]
        [115 46 111 112 101 114 97 116 105 111 110 46 109 111 100 101 ]
        [59 99 111 109 46 111 112 108 117 115 46 83 101 110 115 111 ]
        [114 78 97 109 101 59 99 111 109 46 111 112 108 117 115 46 ]
        [115 101 110 115 111 114 46 113 99 102 97 102 97 99 116 111 ]
        [114 59 99 111 109 46 111 112 108 117 115 46 97 105 46 115 ]
        [99 101 110 101 46 97 112 112 46 101 110 97 98 108 101 59 ]
        [99 111 109 46 111 112 108 117 115 46 98 121 112 97 115 115 ]
        [46 115 110 97 112 115 104 111 116 46 83 70 69 82 101 109 ]
        [111 115 97 105 99 59 99 111 109 46 111 112 108 117 115 46 ]
        [97 112 115 46 114 101 115 117 108 116 46 100 97 116 97 59 ]
        [99 111 109 46 111 112 108 117 115 46 97 117 116 111 46 104 ]
        [100 114 46 101 110 97 98 108 101 59 99 111 109 46 111 112 ]
        [108 117 115 46 99 111 110 116 114 111 108 46 97 101 46 115 ]
        [116 97 116 101 59 99 111 109 46 111 112 108 117 115 46 112 ]
        [111 114 116 114 97 105 116 46 98 111 107 101 104 46 115 116 ]
        [97 116 101 59 99 111 109 46 111 112 108 117 115 46 98 111 ]
        [107 101 104 46 108 101 118 101 108 59 99 111 109 46 111 112 ]
        [108 117 115 46 101 105 115 46 115 117 112 101 114 115 116 101 ]
        [97 100 121 46 101 110 97 98 108 101 59 99 111 109 46 111 ]
        [112 108 117 115 46 83 99 101 110 101 77 111 100 101 59 99 ]
        [111 109 46 111 112 108 117 115 46 103 121 114 111 83 113 114 ]
        [67 117 116 111 109 59 99 111 109 46 111 112 108 117 115 46 ]
        [69 110 97 98 108 101 70 105 108 116 101 114 59 99 111 109 ]
        [46 111 112 108 117 115 46 70 105 108 116 101 114 84 121 112 ]
        [101 59 99 111 109 46 111 112 108 117 115 46 117 108 116 114 ]
        [97 46 114 101 115 111 108 117 116 105 111 110 46 109 111 100 ]
        [101 59 99 111 109 46 111 112 108 117 115 46 115 117 112 101 ]
        [114 110 105 103 104 116 46 109 111 100 101 59 99 111 109 46 ]
        [111 112 108 117 115 46 110 105 103 104 116 46 111 102 102 108 ]
        [105 110 101 46 114 50 121 59 99 111 109 46 111 112 108 117 ]
        [115 46 103 121 114 111 70 114 111 109 65 80 59 99 111 109 ]
        [46 111 112 108 117 115 46 102 83 99 97 108 101 59 99 111 ]
        [109 46 111 112 108 117 115 46 97 102 46 102 111 99 117 115 ]
        [46 105 110 102 111 59 99 111 109 46 111 112 108 117 115 46 ]
        [97 112 115 46 99 97 112 116 117 114 101 46 69 110 97 98 ]
        [108 101 77 108 97 119 98 74 112 101 103 59 99 111 109 46 ]
        [111 112 108 117 115 46 97 105 46 115 99 101 110 101 46 97 ]
        [112 112 46 100 97 116 97 46 118 105 100 101 111 59 99 111 ]
        [109 46 111 112 108 117 115 46 73 90 79 79 77 115 110 97 ]
        [112 115 104 111 116 59 99 111 109 46 111 112 108 117 115 46 ]
        [109 83 101 110 115 111 114 78 97 109 101 59 99 111 109 46 ]
        [111 112 108 117 115 46 99 97 109 101 114 97 46 100 117 97 ]
        [108 111 105 115 46 118 97 108 117 101 46 111 105 115 116 111 ]
        [101 105 115 59 99 111 109 46 111 112 108 117 115 46 65 68 ]
        [82 67 73 110 102 111 59 99 111 109 46 111 112 108 117 115 ]
        [46 115 104 97 107 101 46 115 116 97 116 101 59 99 111 109 ]
        [46 111 112 108 117 115 46 110 105 103 104 116 46 115 104 97 ]
        [107 101 46 115 116 97 116 101 59 99 111 109 46 111 112 108 ]
        [117 115 46 114 97 119 104 100 114 46 115 104 97 107 101 46 ]
        [115 116 97 116 101 59 99 111 109 46 111 112 108 117 115 46 ]
        [122 111 111 109 46 115 116 97 116 101 59 99 111 109 46 111 ]
        [112 108 117 115 46 100 101 108 97 121 102 97 108 108 98 97 ]
        [99 107 59 99 111 109 46 111 112 108 117 115 46 102 97 108 ]
        [108 98 97 99 107 46 100 105 115 97 98 108 101 77 97 115 ]
        [107 59 99 111 109 46 111 112 108 117 115 46 102 97 108 108 ]
        [98 97 99 107 46 114 101 99 111 109 109 101 110 100 77 97 ]
        [115 116 101 114 59 99 111 109 46 111 112 108 117 115 46 112 ]
        [117 114 101 99 111 108 111 114 46 105 110 102 111 59 99 111 ]
        [109 46 111 112 108 117 115 46 115 101 103 46 100 97 116 97 ]
        [59 99 111 109 46 111 112 108 117 115 46 97 102 46 103 114 ]
        [97 118 105 116 121 90 59 99 111 109 46 111 112 108 117 115 ]
        [46 109 111 118 105 101 46 108 111 103 46 101 110 97 98 108 ]
        [101 59 99 111 109 46 111 112 108 117 115 46 109 111 118 105 ]
        [101 46 104 100 114 46 101 110 97 98 108 101 59 99 111 109 ]
        [46 111 112 108 117 115 46 99 97 109 101 114 97 46 109 111 ]
        [100 101 59 99 111 109 46 111 112 108 117 115 46 115 110 97 ]
        [112 115 104 111 116 46 114 97 119 102 111 114 109 97 116 59 ]
        [99 111 109 46 111 112 108 117 115 46 115 107 105 112 114 97 ]
        [119 115 116 114 101 97 109 46 108 105 115 116 59 99 111 109 ]
        [46 111 112 108 117 115 46 108 111 110 103 115 104 111 116 46 ]
        [101 110 97 98 108 101 59 99 111 109 46 111 112 108 117 115 ]
        [46 99 97 109 101 114 97 46 116 111 117 99 104 68 111 119 ]
        [110 46 116 105 109 101 115 116 97 109 112 59 99 111 109 46 ]
        [111 112 108 117 115 46 97 119 98 46 99 111 108 111 114 115 ]
        [101 110 115 111 114 46 67 67 84 59 99 111 109 46 111 112 ]
        [108 117 115 46 97 104 101 97 100 46 99 97 112 116 117 114 ]
        [101 46 102 114 97 109 101 46 110 117 109 59 99 111 109 46 ]
        [111 112 108 117 115 46 76 111 103 105 99 97 108 67 97 109 ]
        [101 114 97 73 100 59 99 111 109 46 111 112 108 117 115 46 ]
        [112 105 112 101 108 105 110 101 46 122 111 111 109 82 97 116 ]
        [105 111 59 99 111 109 46 111 112 108 117 115 46 111 114 105 ]
        [103 105 110 97 108 46 122 111 111 109 82 97 116 105 111 59 ]
        [99 111 109 46 111 112 108 117 115 46 105 115 46 110 101 101 ]
        [100 46 101 109 105 116 65 112 112 50 59 99 111 109 46 111 ]
        [112 108 117 115 46 122 111 111 109 46 97 99 116 105 118 101 ]
        [59 99 111 109 46 111 112 108 117 115 46 122 111 111 109 46 ]
        [116 97 114 103 101 116 59 99 111 109 46 111 112 108 117 115 ]
        [46 122 111 111 109 46 105 115 80 111 105 110 116 90 111 111 ]
        [109 59 99 111 109 46 111 112 108 117 115 46 112 111 105 110 ]
        [116 46 122 111 111 109 59 99 111 109 46 111 112 108 117 115 ]
        [46 101 120 105 102 116 97 103 46 100 97 116 101 116 105 109 ]
        [101 59 99 111 109 46 111 112 108 117 115 46 80 114 111 84 ]
        [111 114 99 104 77 111 100 101 59 99 111 109 46 111 112 108 ]
        [117 115 46 114 101 97 108 116 105 109 101 46 112 105 112 101 ]
        [108 105 110 101 46 115 116 97 116 117 115 59 99 111 109 46 ]
        [111 112 108 117 115 46 99 97 112 116 117 114 101 46 114 101 ]
        [113 117 101 115 116 46 105 109 97 103 101 46 103 117 105 100 ]
        [101 59 99 111 109 46 111 112 108 117 115 46 104 121 98 114 ]
        [105 100 72 68 82 46 98 108 117 114 108 101 115 115 66 97 ]
        [115 101 70 114 97 109 101 59 99 111 109 46 111 112 108 117 ]
        [115 46 105 115 83 117 112 101 114 82 101 115 111 108 117 116 ]
        [105 111 110 59 99 111 109 46 111 112 108 117 115 46 118 105 ]
        [100 101 111 46 111 118 101 114 104 101 97 116 46 112 97 117 ]
        [115 101 46 112 114 101 118 105 101 119 59 99 111 109 46 111 ]
        [112 108 117 115 46 99 97 112 116 117 114 101 46 116 111 116 ]
        [97 108 82 101 113 117 101 115 116 78 117 109 59 99 111 109 ]
        [46 111 112 108 117 115 46 98 117 114 115 116 46 99 97 112 ]
        [116 117 114 101 59 99 111 109 46 111 112 108 117 115 46 118 ]
        [105 100 101 111 46 100 97 116 97 115 112 97 99 101 59 99 ]
        [111 109 46 111 112 108 117 115 46 109 102 110 114 46 115 104 ]
        [97 114 112 110 101 115 115 86 97 108 59 99 111 109 46 111 ]
        [112 108 117 115 46 115 101 110 115 111 114 46 110 105 103 104 ]
        [116 46 115 101 110 115 105 116 105 118 105 116 121 59 99 111 ]
        [109 46 111 112 108 117 115 46 115 101 110 115 111 114 46 110 ]
        [105 103 104 116 46 101 120 112 111 115 117 114 101 84 105 109 ]
        [101 59 99 111 109 46 111 112 108 117 115 46 102 111 99 117 ]
        [115 46 116 105 109 101 46 99 111 115 116 59 99 111 109 46 ]
        [111 112 108 117 115 46 97 102 46 102 111 99 117 115 46 109 ]
        [101 116 104 111 100 59 99 111 109 46 111 112 108 117 115 46 ]
        [105 115 46 121 117 118 46 115 110 97 112 115 104 111 116 59 ]
        [99 111 109 46 111 112 108 117 115 46 97 115 100 46 115 99 ]
        [101 110 101 46 118 97 108 117 101 59 99 111 109 46 111 112 ]
        [108 117 115 46 101 120 116 101 110 115 105 111 110 46 111 112 ]
        [101 114 97 116 105 111 110 46 109 111 100 101 59 99 111 109 ]
        [46 111 112 108 117 115 46 105 115 46 102 114 111 109 46 101 ]
        [120 116 101 110 115 105 111 110 59 99 111 109 46 111 112 108 ]
        [117 115 46 76 111 119 108 105 103 104 116 83 110 97 112 115 ]
        [104 111 116 59 99 111 109 46 111 112 108 117 115 46 111 112 ]
        [120 46 67 114 111 112 73 110 102 111 59 99 111 109 46 111 ]
        [112 108 117 115 46 99 117 115 116 111 109 46 99 99 109 59 ]
        [99 111 109 46 111 112 108 117 115 46 105 112 101 46 99 99 ]
        [109 59 99 111 109 46 111 112 108 117 115 46 108 111 110 103 ]
        [46 101 120 112 111 115 117 114 101 46 115 99 101 110 101 46 ]
        [116 121 112 101 59 99 111 109 46 111 112 108 117 115 46 99 ]
        [117 115 116 111 109 46 97 119 98 46 102 97 99 101 46 99 ]
        [99 109 59 99 111 109 46 111 112 108 117 115 46 99 117 115 ]
        [116 111 109 46 97 119 98 46 115 121 110 99 46 105 110 102 ]
        [111 59 99 111 109 46 111 112 108 117 115 46 122 111 111 109 ]
        [46 105 110 102 111 46 51 97 59 99 111 109 46 111 112 108 ]
        [117 115 46 99 117 115 116 111 109 46 97 119 98 46 98 117 ]
        [114 105 97 108 46 105 110 102 111 59 99 111 109 46 111 112 ]
        [108 117 115 46 111 112 120 46 73 115 77 97 99 114 111 83 ]
        [117 103 103 101 115 116 101 100 59 99 111 109 46 111 112 108 ]
        [117 115 46 114 101 102 46 102 114 97 109 101 46 116 105 109 ]
        [101 115 116 97 109 112 59 99 111 109 46 111 112 108 117 115 ]
        [46 115 101 110 115 111 114 46 116 105 109 101 115 116 97 109 ]
        [112 59 99 111 109 46 111 112 108 117 115 46 112 114 101 118 ]
        [105 101 119 46 115 107 105 112 46 100 114 97 119 46 102 114 ]
        [97 109 101 59 99 111 109 46 111 112 108 117 115 46 118 105 ]
        [100 101 111 46 115 116 97 98 105 108 105 122 97 116 105 111 ]
        [110 46 109 111 100 101 59 99 111 109 46 111 112 108 117 115 ]
        [46 99 97 109 101 114 97 46 51 97 46 115 121 110 99 46 ]
        [100 101 98 117 103 59 99 111 109 46 111 112 108 117 115 46 ]
        [118 105 100 101 111 46 110 101 111 110 46 101 110 97 98 108 ]
        [101 59 99 111 109 46 111 112 108 117 115 46 118 105 100 101 ]
        [111 46 98 108 117 114 46 101 110 97 98 108 101 59 99 111 ]
        [109 46 111 112 108 117 115 46 100 117 97 108 115 99 101 110 ]
        [101 46 109 97 115 116 101 114 59 99 111 109 46 111 112 108 ]
        [117 115 46 105 115 46 115 101 97 109 108 101 115 115 46 114 ]
        [101 97 100 121 59 99 111 109 46 111 112 108 117 115 46 80 ]
        [114 111 99 77 111 100 101 59 99 111 109 46 111 112 108 117 ]
        [115 46 99 111 110 116 114 111 108 69 100 103 101 76 101 118 ]
        [101 108 59 99 111 109 46 111 112 108 117 115 46 99 111 110 ]
        [116 114 111 108 86 105 103 110 101 116 116 101 76 101 118 101 ]
        [108 59 99 111 109 46 111 112 108 117 115 46 99 111 110 116 ]
        [114 111 108 67 108 97 114 105 116 121 76 101 118 101 108 59 ]
        [99 111 109 46 111 112 108 117 115 46 99 111 110 116 114 111 ]
        [108 72 117 101 76 101 118 101 108 59 99 111 109 46 111 112 ]
        [108 117 115 46 99 111 110 116 114 111 108 67 111 110 116 114 ]
        [97 115 116 72 105 103 104 108 105 103 104 116 76 101 118 101 ]
        [108 59 99 111 109 46 111 112 108 117 115 46 99 111 110 116 ]
        [114 111 108 67 111 110 116 114 97 115 116 83 104 97 100 111 ]
        [119 76 101 118 101 108 59 99 111 109 46 111 112 108 117 115 ]
        [46 99 111 110 116 114 111 108 83 97 116 117 114 97 116 105 ]
        [111 110 76 101 118 101 108 59 99 111 109 46 111 112 108 117 ]
        [115 46 97 112 115 46 97 105 100 108 46 102 101 97 116 117 ]
        [114 101 116 121 112 101 59 99 111 109 46 111 112 108 117 115 ]
        [46 105 115 78 101 101 100 76 111 99 107 83 101 110 115 111 ]
        [114 59 99 111 109 46 111 112 108 117 115 46 118 105 100 101 ]
        [111 46 108 111 99 107 46 108 101 110 115 59 99 111 109 46 ]
        [111 112 108 117 115 46 118 105 100 101 111 46 108 111 99 107 ]
        [46 109 97 115 116 101 114 59 99 111 109 46 111 112 108 117 ]
        [115 46 118 105 103 110 101 116 116 101 46 101 110 97 98 108 ]
        [101 59 99 111 109 46 111 112 108 117 115 46 97 99 116 117 ]
        [97 108 67 117 114 70 112 115 59 99 111 109 46 111 112 108 ]
        [117 115 46 118 105 100 101 111 70 114 97 109 101 74 105 116 ]
        [116 101 114 59 99 111 109 46 111 112 108 117 115 46 114 116 ]
        [98 46 115 107 105 112 46 115 108 97 118 101 46 102 114 97 ]
        [109 101 59 99 111 109 46 111 112 108 117 115 46 114 116 98 ]
        [46 115 107 105 112 46 115 108 97 118 101 46 101 110 97 98 ]
        [108 101 59 99 111 109 46 111 112 108 117 115 46 109 108 102 ]
        [116 76 84 77 80 97 114 115 59 99 111 109 46 111 112 108 ]
        [117 115 46 109 108 102 116 84 68 76 80 97 114 115 59 99 ]
        [111 109 46 111 112 108 117 115 46 109 108 102 116 71 84 77 ]
        [80 97 114 115 59 99 111 109 46 111 112 108 117 115 46 109 ]
        [108 102 116 71 97 109 109 97 80 97 114 115 59 99 111 109 ]
        [46 111 112 108 117 115 46 109 108 102 116 79 112 77 111 100 ]
        [101 59 99 111 109 46 111 112 108 117 115 46 67 84 80 46 ]
        [97 99 116 105 111 110 46 65 76 76 59 99 111 109 46 111 ]
        [112 108 117 115 46 67 84 80 46 113 117 101 114 121 46 65 ]
        [76 76 59 99 111 109 46 111 112 108 117 115 46 118 105 100 ]
        [101 111 46 114 101 99 116 105 102 121 46 102 108 97 103 59 ]
        [99 111 109 46 111 112 108 117 115 46 111 102 102 108 105 110 ]
        [101 46 98 117 102 102 101 114 46 105 110 102 111 115 59 99 ]
        [111 109 46 111 112 108 117 115 46 111 112 120 46 73 90 79 ]
        [79 77 101 110 97 98 108 101 59 99 111 109 46 111 112 108 ]
        [117 115 46 97 104 101 97 100 46 110 105 103 104 116 46 101 ]
        [118 48 59 99 111 109 46 111 112 108 117 115 46 97 105 115 ]
        [46 115 116 97 116 101 59 99 111 109 46 111 112 108 117 115 ]
        [46 69 73 83 80 114 101 118 105 101 119 71 121 114 111 59 ]
        [99 111 109 46 111 112 108 117 115 46 111 118 101 114 104 101 ]
        [97 116 46 115 107 105 112 102 114 97 109 101 59 99 111 109 ]
        [46 111 112 108 117 115 46 99 97 112 116 117 114 101 46 114 ]
        [101 113 117 101 115 116 46 110 117 109 59 99 111 109 46 111 ]
        [112 108 117 115 46 99 97 112 116 117 114 101 46 114 101 113 ]
        [117 101 115 116 46 110 117 109 46 108 105 115 116 59 99 111 ]
        [109 46 111 112 108 117 115 46 68 111 108 69 120 112 111 115 ]
        [117 114 101 73 110 102 111 59 99 111 109 46 111 112 108 117 ]
        [115 46 68 111 108 69 120 112 111 115 117 114 101 73 110 102 ]
        [111 86 50 59 99 111 109 46 111 112 108 117 115 46 97 112 ]
        [115 46 122 111 111 109 46 102 101 97 116 117 114 101 59 99 ]
        [111 109 46 111 112 108 117 115 46 112 114 101 99 97 112 116 ]
        [117 114 101 46 115 116 97 116 101 59 99 111 109 46 111 112 ]
        [108 117 115 46 114 101 97 108 116 105 109 101 46 102 114 97 ]
        [109 101 110 117 109 59 99 111 109 46 111 112 108 117 115 46 ]
        [122 111 111 109 46 102 114 97 109 101 46 105 110 102 111 59 ]
        [99 111 109 46 111 112 108 117 115 46 105 115 83 104 111 114 ]
        [116 82 97 119 59 99 111 109 46 111 112 108 117 115 46 116 ]
        [101 115 116 46 118 105 115 105 111 110 46 105 110 102 111 46 ]
        [114 101 115 117 108 116 59 99 111 109 46 111 112 108 117 115 ]
        [46 109 111 118 105 110 103 46 111 98 106 101 99 116 59 99 ]
        [111 109 46 111 112 108 117 115 46 116 101 108 101 46 101 105 ]
        [115 46 97 99 116 105 118 101 59 99 111 109 46 111 112 108 ]
        [117 115 46 103 116 109 99 117 114 118 101 46 105 110 102 111 ]
        [59 99 111 109 46 111 112 108 117 115 46 101 120 99 101 112 ]
        [116 105 111 110 46 109 115 103 46 110 111 116 105 102 121 59 ]
        [99 111 109 46 111 112 108 117 115 46 115 110 97 112 115 104 ]
        [111 116 46 117 115 101 80 97 114 116 105 97 108 77 101 116 ]
        [97 59 99 111 109 46 111 112 108 117 115 46 115 101 110 115 ]
        [111 114 46 112 114 111 112 101 114 116 105 101 115 46 105 110 ]
        [102 111 59 99 111 109 46 111 112 108 117 115 46 115 101 110 ]
        [115 111 114 46 112 114 111 112 101 114 116 105 101 115 46 105 ]
        [110 102 111 46 101 113 117 105 118 97 108 101 110 116 46 102 ]
        [111 99 97 108 108 101 110 103 116 104 59 99 111 109 46 111 ]
        [112 108 117 115 46 99 104 105 46 108 111 103 105 99 97 108 ]
        [99 97 109 101 114 97 105 110 102 111 46 102 114 97 109 101 ]
        [84 121 112 101 59 99 111 109 46 111 112 108 117 115 46 122 ]
        [111 111 109 46 115 99 97 108 101 59 99 111 109 46 111 112 ]
        [108 117 115 46 97 112 115 70 101 97 116 117 114 101 84 121 ]
        [112 101 46 115 116 97 98 108 101 59 99 111 109 46 111 112 ]
        [108 117 115 46 100 105 103 105 116 97 108 46 122 111 111 109 ]
        [46 114 97 116 105 111 59 99 111 109 46 111 112 108 117 115 ]
        [46 83 101 110 115 105 116 105 118 105 116 121 73 110 102 111 ]
        [59 99 111 109 46 111 112 108 117 115 46 122 111 111 109 46 ]
        [114 101 109 97 112 46 102 97 99 116 111 114 59 99 111 109 ]
        [46 111 112 108 117 115 46 99 97 109 101 114 97 46 105 115 ]
        [46 102 114 111 109 46 109 97 105 110 46 109 101 110 117 59 ]
        [99 111 109 46 111 112 108 117 115 46 97 112 115 46 113 117 ]
        [105 99 107 106 112 101 103 46 102 101 97 116 117 114 101 116 ]
        [121 112 101 59 99 111 109 46 111 112 108 117 115 46 109 97 ]
        [107 101 117 112 46 115 116 97 116 101 59 99 111 109 46 111 ]
        [112 108 117 115 46 86 105 100 101 111 67 111 108 111 114 66 ]
        [84 55 48 57 59 99 111 109 46 111 112 108 117 115 46 102 ]
        [101 97 116 117 114 101 46 102 97 115 116 46 115 104 111 116 ]
        [46 101 110 97 98 108 101 59 99 111 109 46 111 112 108 117 ]
        [115 46 109 101 116 97 46 114 101 99 101 105 118 101 100 46 ]
        [116 105 100 59 99 111 109 46 111 112 108 117 115 46 103 114 ]
        [111 117 112 46 112 104 111 116 111 46 101 110 97 98 108 101 ]
        [59 99 111 109 46 111 112 108 117 115 46 99 117 115 116 111 ]
        [109 46 116 114 117 101 46 122 111 111 109 114 97 116 105 111 ]
        [59 99 111 109 46 111 112 108 117 115 46 97 117 116 111 68 ]
        [105 97 103 46 109 111 100 117 108 101 86 97 108 105 100 59 ]
        [99 111 109 46 111 112 108 117 115 46 97 117 116 111 68 105 ]
        [97 103 46 115 117 112 112 111 114 116 59 99 111 109 46 111 ]
        [112 108 117 115 46 101 110 97 98 108 101 46 65 110 116 105 ]
        [98 97 110 100 105 110 103 59 99 111 109 46 111 112 108 117 ]
        [115 46 102 114 97 109 101 46 97 118 103 108 117 109 97 59 ]
        [99 111 109 46 111 112 108 117 115 46 102 114 97 109 101 46 ]
        [98 114 105 103 104 116 108 117 109 97 59 99 111 109 46 111 ]
        [112 108 117 115 46 102 114 97 109 101 46 100 97 114 107 108 ]
        [117 109 97 59 99 111 109 46 111 112 108 117 115 46 117 110 ]
        [100 101 114 119 97 116 101 114 46 109 111 100 101 46 101 110 ]
        [97 98 108 101 59 99 111 109 46 111 112 108 117 115 46 97 ]
        [101 99 46 102 108 105 99 107 101 114 109 111 100 101 59 99 ]
        [111 109 46 111 112 108 117 115 46 99 111 110 102 105 103 46 ]
        [112 114 101 118 105 101 119 46 105 110 102 111 59 99 111 109 ]
        [46 111 112 108 117 115 46 97 101 99 46 102 117 115 66 121 ]
        [112 97 115 115 70 108 97 103 59 99 111 109 46 111 112 108 ]
        [117 115 46 99 117 115 116 111 109 46 97 119 98 46 108 111 ]
        [99 97 108 46 99 99 109 59 99 111 109 46 111 112 108 117 ]
        [115 46 108 111 99 97 108 46 103 97 105 110 46 116 111 46 ]
        [108 115 99 59 99 111 109 46 111 112 108 117 115 46 108 111 ]
        [99 97 108 46 103 108 111 98 97 108 71 97 105 110 46 116 ]
        [111 46 108 115 99 59 99 111 109 46 111 112 108 117 115 46 ]
        [99 111 110 118 101 114 115 105 111 110 46 103 97 105 110 59 ]
        [99 111 109 46 111 112 108 117 115 46 97 101 99 46 102 108 ]
        [105 99 107 101 114 73 110 116 101 110 115 105 116 121 59 99 ]
        [111 109 46 111 112 108 117 115 46 97 101 99 46 105 115 98 ]
        [105 103 98 97 99 107 108 105 103 104 116 99 97 115 101 59 ]
        [99 111 109 46 111 112 108 117 115 46 102 99 101 108 108 46 ]
        [99 114 111 115 115 116 97 108 107 46 100 97 116 97 59 99 ]
        [111 109 46 111 112 108 117 115 46 102 99 101 108 108 46 111 ]
        [116 112 46 100 97 116 97 59 99 111 109 46 111 112 108 117 ]
        [115 46 101 110 103 105 110 101 101 114 99 97 109 101 114 97 ]
        [46 112 104 121 115 105 99 97 108 46 103 101 116 46 97 102 ]
        [46 100 97 99 46 118 97 108 117 101 59 99 111 109 46 111 ]
        [112 108 117 115 46 101 110 103 105 110 101 101 114 99 97 109 ]
        [101 114 97 46 112 104 121 115 105 99 97 108 46 115 101 116 ]
        [46 97 102 46 100 97 99 46 118 97 108 117 101 59 99 111 ]
        [109 46 111 112 108 117 115 46 101 110 103 105 110 101 101 114 ]
        [99 97 109 101 114 97 46 101 120 112 108 111 114 101 114 46 ]
        [115 116 97 116 117 115 59 99 111 109 46 111 112 108 117 115 ]
        [46 101 110 103 105 110 101 101 114 99 97 109 101 114 97 46 ]
        [98 114 111 107 101 110 73 109 97 103 101 46 100 101 116 101 ]
        [99 116 82 101 115 117 108 116 59 99 111 109 46 111 112 108 ]
        [117 115 46 101 110 103 105 110 101 101 114 99 97 109 101 114 ]
        [97 46 101 101 112 114 111 109 46 97 101 115 121 110 99 46 ]
        [109 111 100 101 59 99 111 109 46 111 112 108 117 115 46 101 ]
        [110 103 105 110 101 101 114 99 97 109 101 114 97 46 109 117 ]
        [108 116 105 46 101 101 112 114 111 109 46 97 101 115 121 110 ]
        [99 46 109 111 100 101 59 99 111 109 46 111 112 108 117 115 ]
        [46 101 110 103 105 110 101 101 114 99 97 109 101 114 97 46 ]
        [101 101 112 114 111 109 46 100 117 97 108 99 97 109 46 99 ]
        [97 108 105 98 114 97 116 105 111 110 46 109 111 100 101 59 ]
        [99 111 109 46 111 112 108 117 115 46 101 110 103 105 110 101 ]
        [101 114 99 97 109 101 114 97 46 108 101 100 46 99 97 108 ]
        [105 98 114 97 116 105 111 110 46 109 111 100 101 59 99 111 ]
        [109 46 111 112 108 117 115 46 101 110 103 105 110 101 101 114 ]
        [99 97 109 101 114 97 46 108 101 100 46 99 97 108 105 98 ]
        [114 97 116 105 111 110 46 114 101 115 117 108 116 59 99 111 ]
        [109 46 111 112 108 117 115 46 101 110 103 105 110 101 101 114 ]
        [99 97 109 101 114 97 46 99 111 112 121 46 97 102 116 101 ]
        [114 115 97 108 101 46 103 111 108 100 101 110 98 105 110 46 ]
        [115 116 97 116 101 59 99 111 109 46 111 112 108 117 115 46 ]
        [101 110 103 105 110 101 101 114 99 97 109 101 114 97 46 97 ]
        [103 105 110 103 116 101 115 116 46 109 111 100 101 46 115 101 ]
        [108 101 99 116 59 99 111 109 46 111 112 108 117 115 46 101 ]
        [110 103 105 110 101 101 114 99 97 109 101 114 97 46 112 104 ]
        [121 115 105 99 97 108 46 103 101 116 46 97 101 46 118 97 ]
        [108 117 101 59 99 111 109 46 111 112 108 117 115 46 101 110 ]
        [103 105 110 101 101 114 99 97 109 101 114 97 46 112 104 121 ]
        [115 105 99 97 108 46 115 101 116 46 97 101 46 118 97 108 ]
        [117 101 59 99 111 109 46 111 112 108 117 115 46 101 110 103 ]
        [105 110 101 101 114 99 97 109 101 114 97 46 112 104 121 115 ]
        [105 99 97 108 46 103 101 116 46 97 101 46 105 115 111 46 ]
        [118 97 108 117 101 59 99 111 109 46 111 112 108 117 115 46 ]
        [101 110 103 105 110 101 101 114 99 97 109 101 114 97 46 112 ]
        [104 121 115 105 99 97 108 46 115 101 116 46 97 101 46 105 ]
        [115 111 46 118 97 108 117 101 59 99 111 109 46 111 112 108 ]
        [117 115 46 99 117 115 116 111 109 105 122 97 116 105 111 110 ]
        [46 99 111 110 116 114 111 108 46 108 101 100 59 99 111 109 ]
        [46 111 112 108 117 115 46 97 102 46 100 97 99 46 118 97 ]
        [108 117 101 59 99 111 109 46 111 112 108 117 115 46 97 102 ]
        [46 115 101 116 46 100 97 99 46 118 97 108 117 101 59 99 ]
        [111 109 46 111 112 108 117 115 46 101 110 103 105 110 101 101 ]
        [114 99 97 109 101 114 97 46 102 111 99 117 115 46 116 111 ]
        [102 46 109 111 100 101 59 99 111 109 46 111 112 108 117 115 ]
        [46 101 110 103 105 110 101 101 114 99 97 109 101 114 97 46 ]
        [102 111 99 117 115 46 116 111 102 46 120 116 97 108 107 59 ]
        [99 111 109 46 111 112 108 117 115 46 101 110 103 105 110 101 ]
        [101 114 99 97 109 101 114 97 46 102 111 99 117 115 46 116 ]
        [111 102 46 116 114 105 109 59 99 111 109 46 111 112 108 117 ]
        [115 46 101 110 103 105 110 101 101 114 99 97 109 101 114 97 ]
        [46 102 111 99 117 115 46 116 111 102 46 100 105 115 116 97 ]
        [110 99 101 49 48 48 59 99 111 109 46 111 112 108 117 115 ]
        [46 101 110 103 105 110 101 101 114 99 97 109 101 114 97 46 ]
        [102 111 99 117 115 46 116 111 102 46 100 105 115 116 97 110 ]
        [99 101 54 48 48 59 99 111 109 46 111 112 108 117 115 46 ]
        [101 110 103 105 110 101 101 114 99 97 109 101 114 97 46 102 ]
        [111 99 117 115 46 116 111 102 46 100 105 115 116 97 110 99 ]
        [101 59 99 111 109 46 111 112 108 117 115 46 101 110 103 105 ]
        [110 101 101 114 99 97 109 101 114 97 46 111 105 115 46 99 ]
        [97 108 105 98 114 97 116 105 111 110 46 115 116 97 116 101 ]
        [67 116 114 108 59 99 111 109 46 111 112 108 117 115 46 101 ]
        [110 103 105 110 101 101 114 99 97 109 101 114 97 46 115 111 ]
        [105 115 46 99 97 108 105 98 114 97 116 105 111 110 46 112 ]
        [97 114 97 109 101 116 101 114 115 59 99 111 109 46 111 112 ]
        [108 117 115 46 101 110 103 105 110 101 101 114 99 97 109 101 ]
        [114 97 46 115 111 105 115 46 99 97 108 105 98 114 97 116 ]
        [105 111 110 46 114 101 115 117 108 116 115 59 99 111 109 46 ]
        [111 112 108 117 115 46 101 110 103 105 110 101 101 114 99 97 ]
        [109 101 114 97 46 111 105 115 46 99 97 108 105 98 114 97 ]
        [116 105 111 110 46 109 111 100 101 59 99 111 109 46 111 112 ]
        [108 117 115 46 101 110 103 105 110 101 101 114 99 97 109 101 ]
        [114 97 46 111 105 115 46 99 97 108 105 98 114 97 116 105 ]
        [111 110 46 114 101 115 117 108 116 59 99 111 109 46 111 112 ]
        [108 117 115 46 101 110 103 105 110 101 101 114 99 97 109 101 ]
        [114 97 46 111 105 115 46 99 97 108 105 98 114 97 116 105 ]
        [111 110 46 103 121 114 111 79 102 102 115 101 116 59 99 111 ]
        [109 46 111 112 108 117 115 46 101 110 103 105 110 101 101 114 ]
        [99 97 109 101 114 97 46 109 117 108 116 105 46 111 105 115 ]
        [46 115 116 105 108 108 99 97 108 105 98 46 114 101 115 117 ]
        [108 116 59 99 111 109 46 111 112 108 117 115 46 101 110 103 ]
        [105 110 101 101 114 99 97 109 101 114 97 46 109 117 108 116 ]
        [105 46 111 105 115 46 115 116 105 108 108 99 97 108 105 98 ]
        [46 103 121 114 111 79 102 102 115 101 116 59 99 111 109 46 ]
        [111 112 108 117 115 46 101 110 103 105 110 101 101 114 46 115 ]
        [102 114 46 109 111 100 101 59 99 111 109 46 111 112 108 117 ]
        [115 46 101 110 103 105 110 101 101 114 99 97 109 101 114 97 ]
        [46 109 105 112 105 46 116 114 97 118 101 114 115 97 108 46 ]
        [115 101 110 115 111 114 109 111 100 101 59 99 111 109 46 111 ]
        [112 108 117 115 46 101 110 103 105 110 101 101 114 99 97 109 ]
        [101 114 97 46 103 101 116 46 115 101 110 115 111 114 46 116 ]
        [104 101 114 109 97 108 59 99 111 109 46 111 112 108 117 115 ]
        [46 109 117 108 116 105 115 112 101 99 116 114 97 108 83 101 ]
        [110 115 111 114 46 102 114 97 109 101 73 110 102 111 59 99 ]
        [111 109 46 111 112 108 117 115 46 101 110 103 105 110 101 101 ]
        [114 99 97 109 101 114 97 46 109 105 112 105 112 97 114 97 ]
        [109 46 99 100 114 46 118 97 108 117 101 59 99 111 109 46 ]
        [111 112 108 117 115 46 101 110 103 105 110 101 101 114 99 97 ]
        [109 101 114 97 46 102 108 97 115 104 108 105 103 104 116 46 ]
        [115 117 112 112 111 114 116 46 109 111 100 101 59 99 111 109 ]
        [46 111 112 108 117 115 46 101 110 103 105 110 101 101 114 99 ]
        [97 109 101 114 97 46 102 108 97 115 104 108 105 103 104 116 ]
        [46 115 101 108 101 99 116 59 99 111 109 46 111 112 108 117 ]
        [115 46 117 112 115 99 97 108 101 46 105 110 112 117 116 46 ]
        [115 105 122 101 59 99 111 109 46 111 112 108 117 115 46 117 ]
        [112 115 99 97 108 101 46 111 117 116 112 117 116 46 115 105 ]
        [122 101 59 99 111 109 46 111 112 108 117 115 46 97 112 115 ]
        [46 115 97 116 46 115 110 97 112 115 104 111 116 46 115 101 ]
        [110 115 111 114 115 46 109 97 115 107 59 99 111 109 46 111 ]
        [112 108 117 115 46 97 112 115 46 115 97 116 46 115 110 97 ]
        [112 115 104 111 116 46 109 97 115 116 101 114 46 112 105 112 ]
        [101 108 105 110 101 59 99 111 109 46 111 112 108 117 115 46 ]
        [115 97 108 105 101 110 116 111 98 106 46 109 111 118 101 46 ]
        [105 110 102 111 59 99 111 109 46 111 112 108 117 115 46 103 ]
        [121 114 111 46 100 97 116 97 59 99 111 109 46 111 112 108 ]
        [117 115 46 115 97 108 105 101 110 116 46 111 98 106 101 99 ]
        [116 46 100 101 116 101 99 116 105 111 110 46 101 110 97 98 ]
        [108 101 59 99 111 109 46 111 112 108 117 115 46 115 111 100 ]
        [46 116 111 117 99 104 46 114 101 103 105 111 110 59 99 111 ]
        [109 46 111 112 108 117 115 46 115 111 100 46 116 114 97 99 ]
        [107 46 114 101 103 105 111 110 59 99 111 109 46 111 112 108 ]
        [117 115 46 105 115 46 110 101 119 46 116 111 117 99 104 114 ]
        [101 103 105 111 110 59 99 111 109 46 111 112 108 117 115 46 ]
        [115 116 111 112 114 101 99 111 114 100 105 110 103 59 99 111 ]
        [109 46 111 112 108 117 115 46 112 114 101 118 105 101 119 46 ]
        [111 114 105 101 110 116 97 116 105 111 110 59 99 111 109 46 ]
        [111 112 108 117 115 46 97 112 112 90 111 111 109 77 117 108 ]
        [116 105 112 108 101 115 59 99 111 109 46 111 112 108 117 115 ]
        [46 83 101 110 115 111 114 83 105 122 101 59 99 111 109 46 ]
        [111 112 108 117 115 46 102 97 108 108 98 97 99 107 46 101 ]
        [110 97 98 108 101 46 105 110 102 111 59 99 111 109 46 111 ]
        [112 108 117 115 46 102 111 99 117 115 46 116 111 117 99 104 ]
        [46 120 121 59 99 111 109 46 111 112 108 117 115 46 113 114 ]
        [46 99 111 100 101 46 115 99 97 110 110 101 114 46 111 112 ]
        [101 110 59 99 111 109 46 111 112 108 117 115 46 81 82 67 ]
        [111 100 101 46 116 114 97 99 107 46 100 97 116 97 59 99 ]
        [111 109 46 111 112 108 117 115 46 97 102 46 97 105 46 101 ]
        [110 97 98 108 101 59 99 111 109 46 111 112 108 117 115 46 ]
        [97 102 46 109 119 46 105 110 102 111 59 99 111 109 46 111 ]
        [112 108 117 115 46 118 105 100 101 111 46 114 101 99 111 114 ]
        [100 46 115 116 97 116 101 59 99 111 109 46 111 112 108 117 ]
        [115 46 105 115 46 99 97 112 116 117 114 101 46 116 104 117 ]
        [109 98 110 97 105 108 59 99 111 109 46 111 112 108 117 115 ]
        [46 101 105 115 46 114 101 99 111 114 100 46 115 116 97 116 ]
        [101 59 99 111 109 46 111 112 108 117 115 46 102 97 99 101 ]
        [46 111 99 99 108 117 115 105 111 110 46 105 110 102 111 59 ]
        [99 111 109 46 111 112 108 117 115 46 83 116 97 116 115 46 ]
        [77 117 108 116 105 79 98 106 101 99 116 115 59 99 111 109 ]
        [46 111 112 108 117 115 46 102 97 99 101 46 97 108 103 111 ]
        [109 101 116 97 59 99 111 109 46 111 112 108 117 115 46 109 ]
        [117 108 116 105 111 98 106 101 99 116 115 46 111 98 106 101 ]
        [99 116 105 110 102 111 59 99 111 109 46 111 112 108 117 115 ]
        [46 109 117 108 116 105 111 98 106 46 105 110 102 111 46 118 ]
        [105 115 117 97 108 105 122 97 116 105 111 110 59 99 111 109 ]
        [46 111 112 108 117 115 46 97 101 99 46 102 97 99 101 76 ]
        [117 109 97 82 97 116 105 111 59 99 111 109 46 111 112 108 ]
        [117 115 46 102 98 46 102 97 99 101 46 105 110 102 111 59 ]
        [99 111 109 46 111 112 108 117 115 46 102 97 99 101 98 101 ]
        [97 117 116 121 46 108 101 118 101 108 59 99 111 109 46 111 ]
        [112 108 117 115 46 97 112 115 46 102 101 97 116 117 114 101 ]
        [46 116 121 112 101 59 99 111 109 46 111 112 108 117 115 46 ]
        [103 114 111 117 112 46 112 104 111 116 111 46 114 111 105 59 ]
        [99 111 109 46 111 112 108 117 115 46 99 97 109 101 114 97 ]
        [73 100 77 97 112 73 110 102 111 59 99 111 109 46 111 112 ]
        [108 117 115 46 80 108 97 116 102 111 114 109 70 97 99 101 ]
        [82 79 73 73 110 102 111 65 80 83 59 99 111 109 46 111 ]
        [112 108 117 115 46 97 112 115 46 115 97 116 46 112 114 101 ]
        [118 105 101 119 46 115 101 110 115 111 114 115 46 109 97 115 ]
        [107 59 99 111 109 46 111 112 108 117 115 46 97 105 110 105 ]
        [103 104 116 46 115 110 97 112 115 104 111 116 46 115 105 122 ]
        [101 59 99 111 109 46 111 112 108 117 115 46 115 117 112 101 ]
        [114 110 105 103 104 116 46 114 101 112 114 111 99 101 115 115 ]
        [46 99 114 111 112 82 101 103 105 111 110 59 99 111 109 46 ]
        [111 112 108 117 115 46 99 97 109 101 114 97 46 103 121 114 ]
        [111 46 118 97 108 117 101 46 103 121 114 111 116 111 101 105 ]
        [115 59 99 111 109 46 111 112 108 117 115 46 99 97 109 101 ]
        [114 97 46 103 121 114 111 46 98 97 115 101 46 115 116 97 ]
        [114 116 79 102 69 120 112 111 115 117 114 101 59 99 111 109 ]
        [46 111 112 108 117 115 46 73 110 112 117 116 77 101 116 97 ]
        [100 97 116 97 79 112 116 105 99 97 108 90 111 111 109 65 ]
        [80 83 76 105 116 101 59 99 111 109 46 111 112 108 117 115 ]
        [46 73 110 112 117 116 77 101 116 97 100 97 116 97 66 111 ]
        [107 101 104 65 80 83 76 105 116 101 59 99 111 109 46 111 ]
        [112 108 117 115 46 97 102 46 102 111 99 117 115 46 114 111 ]
        [105 59 99 111 109 46 111 112 108 117 115 46 97 102 46 102 ]
        [111 99 117 115 46 110 111 114 109 97 108 105 122 97 116 105 ]
        [111 110 46 114 111 105 59 99 111 109 46 111 112 108 117 115 ]
        [46 99 97 109 101 114 97 46 111 105 115 46 118 97 108 117 ]
        [101 46 111 105 115 116 111 101 105 115 59 99 111 109 46 111 ]
        [112 108 117 115 46 98 111 107 101 104 46 99 114 111 112 46 ]
        [115 105 122 101 59 99 111 109 46 111 112 108 117 115 46 98 ]
        [111 107 101 104 46 114 101 113 117 101 115 116 46 105 110 102 ]
        [111 59 99 111 109 46 111 112 108 117 115 46 111 116 101 115 ]
        [116 46 102 97 108 108 98 97 99 107 46 102 111 114 99 101 ]
        [46 115 101 110 115 111 114 59 99 111 109 46 111 112 108 117 ]
        [115 46 105 115 46 112 100 97 102 46 100 111 110 101 59 99 ]
        [111 109 46 111 112 108 117 115 46 77 105 99 114 111 68 105 ]
        [115 116 97 110 99 101 59 99 111 109 46 111 112 108 117 115 ]
        [46 70 105 110 97 108 77 105 99 114 111 68 105 115 116 97 ]
        [110 99 101 83 116 97 116 117 115 59 99 111 109 46 111 112 ]
        [108 117 115 46 97 101 46 99 117 115 116 111 109 46 99 114 ]
        [111 112 82 101 103 105 111 110 59 99 111 109 46 111 112 108 ]
        [117 115 46 101 105 115 111 117 116 112 117 116 102 97 99 101 ]
        [59 99 111 109 46 111 112 108 117 115 46 99 97 109 101 114 ]
        [97 46 103 121 114 111 46 99 111 109 109 111 110 46 101 110 ]
        [97 98 108 101 59 99 111 109 46 111 112 108 117 115 46 99 ]
        [111 110 116 114 111 108 46 97 102 46 114 101 103 105 111 110 ]
        [59 99 111 109 46 111 112 108 117 115 46 83 97 116 71 114 ]
        [105 100 84 111 69 105 115 68 105 115 112 108 97 121 59 99 ]
        [111 109 46 111 112 108 117 115 46 83 97 116 71 114 105 100 ]
        [65 102 116 101 114 71 77 69 84 111 69 105 115 68 105 115 ]
        [112 108 97 121 59 99 111 109 46 111 112 108 117 115 46 83 ]
        [97 116 71 114 105 100 84 111 69 105 115 86 105 100 101 111 ]
        [59 99 111 109 46 111 112 108 117 115 46 69 110 97 98 108 ]
        [101 83 87 80 78 67 59 99 111 109 46 111 112 108 117 115 ]
        [46 80 101 114 115 112 101 99 116 105 118 101 71 114 105 100 ]
        [84 114 97 110 115 102 111 114 109 59 99 111 109 46 111 112 ]
        [108 117 115 46 69 73 83 87 97 114 112 105 110 103 77 97 ]
        [112 59 99 111 109 46 111 112 108 117 115 46 69 73 83 87 ]
        [97 114 112 105 110 103 77 97 112 83 105 122 101 59 99 111 ]
        [109 46 111 112 108 117 115 46 97 112 115 46 115 97 116 46 ]
        [115 110 97 112 115 104 111 116 46 109 117 108 116 105 99 97 ]
        [109 101 114 97 46 110 117 109 98 101 114 59 99 111 109 46 ]
        [111 112 108 117 115 46 83 97 116 67 114 111 112 70 97 99 ]
        [116 111 114 84 111 69 105 115 59 99 111 109 46 111 112 108 ]
        [117 115 46 83 97 116 66 121 112 97 115 115 69 105 115 70 ]
        [108 97 103 59 99 111 109 46 111 112 108 117 115 46 83 97 ]
        [116 66 121 112 97 115 115 82 101 115 97 109 112 108 101 73 ]
        [67 65 71 114 105 100 59 99 111 109 46 111 112 108 117 115 ]
        [46 83 97 116 80 97 114 97 109 115 84 111 90 111 111 109 ]
        [84 114 97 110 115 108 97 116 111 114 59 99 111 109 46 111 ]
        [112 108 117 115 46 111 112 120 46 84 79 70 95 86 97 108 ]
        [117 101 59 99 111 109 46 111 112 108 117 115 46 115 101 110 ]
        [115 111 114 46 109 111 100 101 59 99 111 109 46 111 112 108 ]
        [117 115 46 115 101 110 115 111 114 46 109 111 100 101 46 108 ]
        [105 115 116 59 99 111 109 46 111 112 108 117 115 46 115 101 ]
        [110 115 111 114 46 109 111 100 101 46 108 105 115 116 46 114 ]
        [101 115 117 108 116 59 99 111 109 46 111 112 108 117 115 46 ]
        [99 108 105 99 107 46 116 104 117 109 98 46 115 116 97 116 ]
        [101 59 99 111 109 46 111 112 108 117 115 46 99 97 112 116 ]
        [117 114 101 46 105 110 116 101 110 116 59 99 111 109 46 111 ]
        [112 108 117 115 46 99 97 112 116 117 114 101 46 114 101 113 ]
        [117 101 115 116 46 105 100 120 59 99 111 109 46 111 112 108 ]
        [117 115 46 99 97 112 116 117 114 101 46 115 104 100 114 46 ]
        [115 111 102 59 99 111 109 46 111 112 108 117 115 46 105 115 ]
        [80 115 108 67 97 112 116 117 114 101 59 99 111 109 46 111 ]
        [112 108 117 115 46 97 119 98 114 103 97 105 110 59 99 111 ]
        [109 46 111 112 108 117 115 46 97 119 98 98 103 97 105 110 ]
        [59 99 111 109 46 111 112 108 117 115 46 115 104 111 114 116 ]
        [46 109 101 116 97 46 105 110 102 111 59 99 111 109 46 111 ]
        [112 108 117 115 46 108 105 103 104 116 46 115 101 110 115 111 ]
        [114 46 108 117 120 59 99 111 109 46 111 112 108 117 115 46 ]
        [77 70 83 82 67 97 112 116 117 114 101 69 86 76 105 115 ]
        [116 59 99 111 109 46 111 112 108 117 115 46 77 70 83 82 ]
        [70 114 97 109 101 78 117 109 59 99 111 109 46 111 112 108 ]
        [117 115 46 97 112 115 46 115 97 116 46 115 110 97 112 115 ]
        [104 111 116 46 109 97 115 116 101 114 46 99 97 109 73 110 ]
        [100 101 120 59 99 111 109 46 111 112 108 117 115 46 97 112 ]
        [115 46 99 97 112 116 117 114 101 46 72 97 108 73 110 112 ]
        [117 116 77 117 108 116 105 79 98 106 101 99 116 115 59 99 ]
        [111 109 46 111 112 108 117 115 46 97 112 115 46 115 97 116 ]
        [46 115 110 97 112 115 104 111 116 46 102 114 97 109 101 68 ]
        [105 109 101 110 115 105 111 110 59 99 111 109 46 111 112 108 ]
        [117 115 46 99 97 109 101 114 97 46 108 105 118 101 112 104 ]
        [111 116 111 46 101 110 97 98 108 101 59 99 111 109 46 111 ]
        [112 108 117 115 46 112 114 101 118 105 101 119 46 115 104 117 ]
        [116 116 101 114 46 116 105 109 101 115 116 97 109 112 59 99 ]
        [111 109 46 111 112 108 117 115 46 102 101 97 116 117 114 101 ]
        [46 102 114 97 109 101 46 116 121 112 101 59 99 111 109 46 ]
        [111 112 108 117 115 46 114 97 119 50 114 97 119 46 99 114 ]
        [111 112 82 101 103 105 111 110 59 99 111 109 46 111 112 108 ]
        [117 115 46 116 114 100 80 97 114 116 121 46 118 105 100 101 ]
        [111 46 102 97 99 101 66 101 97 117 116 121 46 115 116 97 ]
        [116 101 59 99 111 109 46 111 112 108 117 115 46 116 114 100 ]
        [80 97 114 116 121 46 105 115 83 117 112 112 111 114 116 46 ]
        [118 105 100 101 111 46 102 97 99 101 66 101 97 117 116 121 ]
        [59 99 111 109 46 111 112 108 117 115 46 102 101 97 116 117 ]
        [114 101 46 109 111 116 105 111 110 46 116 114 97 99 107 105 ]
        [110 103 46 99 97 109 101 114 97 46 105 100 59 99 111 109 ]
        [46 111 112 108 117 115 46 102 101 97 116 117 114 101 46 109 ]
        [111 116 105 111 110 46 116 114 97 99 107 105 110 103 46 99 ]
        [97 109 101 114 97 46 110 97 109 101 59 99 111 109 46 111 ]
        [112 108 117 115 46 105 112 101 46 115 101 113 117 101 110 99 ]
        [101 59 99 111 109 46 111 112 108 117 115 46 101 118 97 111 ]
        [102 46 112 114 111 99 101 115 115 46 105 110 102 111 59 99 ]
        [111 109 46 111 112 108 117 115 46 108 117 120 112 114 105 111 ]
        [114 105 116 121 59 99 111 109 46 111 112 108 117 115 46 105 ]
        [115 78 101 101 100 83 107 105 112 82 101 97 108 116 105 109 ]
        [101 59 99 111 109 46 111 112 108 117 115 46 109 111 116 105 ]
        [111 110 109 97 112 46 105 110 102 111 59 99 111 109 46 111 ]
        [112 108 117 115 46 98 117 114 115 116 46 99 97 112 116 117 ]
        [114 101 46 116 121 112 101 59 99 111 109 46 111 112 108 117 ]
        [115 46 112 114 101 118 105 101 119 46 104 100 114 46 115 117 ]
        [112 112 111 114 116 59 99 111 109 46 111 112 108 117 115 46 ]
        [99 97 112 116 117 114 101 46 104 100 114 46 115 117 112 112 ]
        [111 114 116 59 99 111 109 46 111 112 108 117 115 46 112 114 ]
        [101 118 105 101 119 46 116 99 99 46 100 105 115 97 98 108 ]
        [101 59 99 111 109 46 111 112 108 117 115 46 102 108 97 115 ]
        [104 46 115 110 97 112 115 104 111 116 46 116 114 105 103 103 ]
        [101 114 46 108 105 115 116 59 99 111 109 46 111 112 108 117 ]
        [115 46 114 101 109 111 116 101 100 117 109 112 46 101 110 97 ]
        [98 108 101 59 99 111 109 46 111 112 108 117 115 46 114 101 ]
        [109 111 116 101 100 117 109 112 46 112 97 116 104 59 99 111 ]
        [109 46 111 112 108 117 115 46 114 101 109 111 116 101 100 117 ]
        [109 112 46 113 99 111 109 46 112 105 112 101 108 105 110 101 ]
        [109 97 115 107 59 99 111 109 46 111 112 108 117 115 46 114 ]
        [101 109 111 116 101 100 117 109 112 46 113 99 111 109 46 110 ]
        [111 100 101 109 97 115 107 59 99 111 109 46 111 112 108 117 ]
        [115 46 101 105 115 46 111 117 112 116 117 116 46 100 105 109 ]
        [101 110 115 105 111 110 59 99 111 109 46 111 112 108 117 115 ]
        [46 114 97 119 104 100 114 46 105 115 112 46 105 114 114 97 ]
        [116 105 111 59 99 111 109 46 111 112 108 117 115 46 114 97 ]
        [119 104 100 114 46 105 115 112 46 108 117 120 105 110 100 101 ]
        [120 59 99 111 109 46 111 112 108 117 115 46 99 97 112 116 ]
        [117 114 101 46 114 101 102 46 105 110 100 101 120 59 99 111 ]
        [109 46 111 112 108 117 115 46 103 97 109 109 97 46 105 110 ]
        [102 111 59 99 111 109 46 111 112 108 117 115 46 105 112 101 ]
        [46 103 97 109 109 97 46 105 110 102 111 59 99 111 109 46 ]
        [111 112 108 117 115 46 99 117 115 116 111 109 46 103 97 109 ]
        [109 97 46 101 110 97 98 108 101 59 99 111 109 46 111 112 ]
        [108 117 115 46 105 112 101 46 112 114 118 46 103 97 109 109 ]
        [97 46 105 110 102 111 59 99 111 109 46 111 112 108 117 115 ]
        [46 115 114 103 98 46 112 114 118 46 103 97 109 109 97 46 ]
        [105 110 102 111 59 99 111 109 46 111 112 108 117 115 46 115 ]
        [114 103 98 46 99 97 112 46 103 97 109 109 97 46 105 110 ]
        [102 111 59 99 111 109 46 111 112 108 117 115 46 98 112 115 ]
        [46 103 97 109 109 97 46 105 110 102 111 59 99 111 109 46 ]
        [111 112 108 117 115 46 102 97 99 101 46 49 68 46 76 85 ]
        [84 59 99 111 109 46 111 112 108 117 115 46 108 116 109 46 ]
        [97 110 99 104 111 114 88 59 99 111 109 46 111 112 108 117 ]
        [115 46 108 116 109 46 97 110 99 104 111 114 89 59 99 111 ]
        [109 46 111 112 108 117 115 46 97 108 119 97 121 115 46 103 ]
        [101 116 103 97 109 109 97 46 102 114 111 109 99 111 110 102 ]
        [59 99 111 109 46 111 112 108 117 115 46 105 115 65 73 68 ]
        [76 115 110 97 112 115 104 111 116 59 99 111 109 46 111 112 ]
        [108 117 115 46 115 110 97 112 115 104 111 116 46 111 117 116 ]
        [112 117 116 115 104 105 102 116 59 99 111 109 46 111 112 108 ]
        [117 115 46 66 114 97 99 107 101 116 77 111 100 101 59 99 ]
        [111 109 46 111 112 108 117 115 46 113 117 97 100 50 98 105 ]
        [110 110 105 110 103 59 99 111 109 46 111 112 108 117 115 46 ]
        [109 105 114 114 111 114 46 101 110 97 98 108 101 59 99 111 ]
        [109 46 111 112 108 117 115 46 114 111 116 97 116 105 111 110 ]
        [46 101 110 97 98 108 101 59 99 111 109 46 111 112 108 117 ]
        [115 46 102 108 97 115 104 116 114 105 103 103 101 114 46 115 ]
        [116 97 116 101 59 99 111 109 46 111 112 108 117 115 46 99 ]
        [111 117 110 116 46 100 111 119 110 46 101 115 116 105 109 97 ]
        [116 111 114 59 99 111 109 46 111 112 108 117 115 46 99 111 ]
        [117 110 116 46 100 111 119 110 46 101 115 116 105 109 97 116 ]
        [111 114 46 110 105 103 104 116 109 111 100 101 59 99 111 109 ]
        [46 111 112 108 117 115 46 117 110 100 101 114 69 120 112 82 ]
        [97 116 105 111 59 99 111 109 46 111 112 108 117 115 46 97 ]
        [101 99 46 102 114 97 109 101 46 105 110 102 111 59 99 111 ]
        [109 46 111 112 108 117 115 46 102 97 99 101 46 98 97 99 ]
        [107 103 114 111 117 110 100 46 76 85 84 59 99 111 109 46 ]
        [111 112 108 117 115 46 97 101 99 46 100 111 108 46 115 116 ]
        [97 116 101 59 99 111 109 46 111 112 108 117 115 46 97 101 ]
        [99 46 100 111 108 46 115 116 97 116 101 115 59 99 111 109 ]
        [46 111 112 108 117 115 46 109 97 110 117 97 108 46 102 111 ]
        [99 117 115 46 102 114 97 109 101 76 117 109 97 59 99 111 ]
        [109 46 111 112 108 117 115 46 109 97 110 117 97 108 46 102 ]
        [111 99 117 115 46 116 111 117 99 104 76 117 109 97 59 99 ]
        [111 109 46 111 112 108 117 115 46 97 101 99 46 112 114 101 ]
        [82 101 97 108 65 100 106 77 97 120 69 86 59 99 111 109 ]
        [46 111 112 108 117 115 46 99 111 108 111 114 46 115 101 110 ]
        [115 111 114 46 108 117 120 59 99 111 109 46 111 112 108 117 ]
        [115 46 102 108 105 99 107 101 114 115 101 110 115 111 114 46 ]
        [109 97 103 46 109 97 120 59 99 111 109 46 111 112 108 117 ]
        [115 46 97 101 99 46 98 105 110 110 105 110 103 102 97 99 ]
        [116 111 114 59 99 111 109 46 111 112 108 117 115 46 97 101 ]
        [46 109 111 116 105 111 110 100 101 116 101 99 116 101 100 46 ]
        [115 104 111 119 116 111 97 115 116 59 99 111 109 46 111 112 ]
        [108 117 115 46 97 102 46 102 111 99 117 115 46 111 117 116 ]
        [46 111 102 46 114 97 110 103 101 59 99 111 109 46 111 112 ]
        [108 117 115 46 99 97 112 116 117 114 101 46 102 114 97 109 ]
        [101 46 110 117 109 98 101 114 59 99 111 109 46 111 112 108 ]
        [117 115 46 80 104 121 115 105 99 97 108 69 120 112 111 115 ]
        [117 114 101 67 111 117 110 116 59 99 111 109 46 111 112 108 ]
        [117 115 46 99 97 112 116 117 114 101 46 109 105 112 105 114 ]
        [97 119 46 111 110 108 105 110 101 46 98 112 99 59 99 111 ]
        [109 46 111 112 108 117 115 46 102 117 115 66 121 112 97 115 ]
        [115 70 108 97 103 59 99 111 109 46 111 112 108 117 115 46 ]
        [97 119 98 105 110 102 111 59 99 111 109 46 111 112 108 117 ]
        [115 46 109 97 99 114 111 46 99 108 111 115 101 117 112 46 ]
        [101 110 97 98 108 101 59 99 111 109 46 111 112 108 117 115 ]
        [46 102 108 111 97 116 105 110 103 46 118 105 101 119 46 115 ]
        [116 97 116 101 59 99 111 109 46 111 112 108 117 115 46 99 ]
        [97 109 101 114 97 46 119 97 116 101 114 109 97 114 107 46 ]
        [118 105 100 101 111 46 101 110 97 98 108 101 59 99 111 109 ]
        [46 111 112 108 117 115 46 99 97 109 101 114 97 46 119 97 ]
        [116 101 114 109 97 114 107 46 118 105 100 101 111 46 104 97 ]
        [108 46 101 110 97 98 108 101 59 99 111 109 46 111 112 108 ]
        [117 115 46 97 112 115 46 111 102 102 108 105 110 101 46 105 ]
        [115 112 46 102 101 97 116 117 114 101 59 99 111 109 46 111 ]
        [112 108 117 115 46 67 97 109 101 114 97 65 101 99 73 110 ]
        [102 111 59 99 111 109 46 111 112 108 117 115 46 99 97 109 ]
        [101 114 97 46 112 105 112 46 112 114 101 118 105 101 119 46 ]
        [115 101 110 115 111 114 59 99 111 109 46 111 112 108 117 115 ]
        [46 112 110 99 46 99 97 108 105 98 114 97 116 105 111 110 ]
        [59 99 111 109 46 111 112 108 117 115 46 102 105 110 101 102 ]
        [111 111 100 46 109 111 100 101 46 101 110 97 98 108 101 59 ]
        [99 111 109 46 111 112 108 117 115 46 115 117 112 112 111 114 ]
        [116 101 100 46 65 73 78 82 84 121 112 101 59 99 111 109 ]
        [46 111 112 108 117 115 46 103 114 46 109 111 100 101 46 101 ]
        [110 97 98 108 101 59 111 114 103 46 113 117 105 99 46 99 ]
        [97 109 101 114 97 50 46 65 73 67 97 109 101 114 97 46 ]
        [67 67 77 79 102 79 70 69 65 110 100 73 80 69 59 0 ]
        [0 0 0 0 0 0 0 0 0 0 0 0 0 0 0 0 ]
        [0 0 0 0 0 0 0 0 0 0 0 0 0 0 0 0 ]
        [0 0 0 0 0 0 0 0 0 0 0 0 0 0 0 0 ]
        [0 0 0 0 0 0 0 0 0 0 0 0 0 0 0 0 ]
        [0 0 0 0 0 0 0 0 0 0 0 0 0 0 0 0 ]
        [0 0 0 0 0 0 0 0 0 0 0 0 0 0 0 0 ]
        [0 0 0 0 0 0 0 0 0 0 0 0 0 0 0 0 ]
        [0 0 0 0 0 0 0 0 0 0 0 0 0 0 0 0 ]
        [0 0 0 0 0 0 0 0 0 0 0 0 0 0 0 0 ]
        [0 0 0 0 0 0 0 0 0 0 0 0 0 0 0 0 ]
        [0 0 0 0 0 0 0 0 0 0 0 0 0 0 0 0 ]
        [0 0 0 0 0 0 0 0 0 0 0 0 0 0 0 0 ]
        [0 0 0 0 0 0 0 0 0 0 0 0 0 0 0 0 ]
        [0 0 0 0 0 0 0 0 0 0 0 0 0 0 0 0 ]
        [0 0 0 0 0 0 0 0 0 0 0 0 0 0 0 0 ]
        [0 0 0 0 0 0 0 0 0 0 0 0 0 0 0 0 ]
        [0 0 0 0 0 0 0 0 0 0 0 0 0 0 0 0 ]
        [0 0 0 0 0 0 0 0 0 0 0 0 0 0 0 0 ]
        [0 0 0 0 0 0 0 0 0 0 0 0 0 0 0 0 ]
        [0 0 0 0 0 0 0 0 0 0 0 0 0 0 0 0 ]
        [0 0 0 0 0 0 0 0 0 0 0 0 0 0 0 0 ]
        [0 0 0 0 0 0 0 0 0 0 0 0 0 0 0 0 ]
        [0 0 0 0 0 0 0 0 0 0 0 0 0 0 0 0 ]
        [0 0 0 0 0 0 0 0 0 0 0 0 0 0 0 0 ]
        [0 0 0 0 0 0 0 0 0 0 0 0 0 0 0 0 ]
        [0 0 0 0 0 0 0 0 0 0 0 0 0 0 0 0 ]
        [0 0 0 0 0 0 0 0 0 0 0 0 0 0 0 0 ]
        [0 0 0 0 0 0 0 0 0 0 0 0 0 0 0 0 ]
        [0 0 0 0 0 0 0 0 0 0 0 0 0 0 0 0 ]
        [0 0 0 0 0 0 0 0 0 0 0 0 0 0 0 0 ]
        [0 0 0 0 0 0 0 0 0 0 0 0 0 0 0 0 ]
        [0 0 0 0 0 0 0 0 0 0 0 0 0 0 0 0 ]
        [0 0 0 0 0 0 0 0 0 0 0 0 0 0 0 0 ]
        [0 0 0 0 0 0 0 0 0 0 0 0 0 0 0 0 ]
        [0 0 0 0 0 0 0 0 0 0 0 0 0 0 0 0 ]
        [0 0 0 0 0 0 0 0 0 0 0 0 0 0 0 0 ]
        [0 0 0 0 0 0 0 0 0 0 0 0 0 0 0 0 ]
        [0 0 0 0 0 0 0 0 0 0 0 0 0 0 0 0 ]
        [0 0 0 0 0 0 0 0 0 0 0 0 0 0 0 0 ]
        [0 0 0 0 0 0 0 0 0 0 0 0 0 0 0 0 ]
        [0 0 0 0 0 0 0 0 0 0 0 0 0 0 0 0 ]
        [0 0 0 0 0 0 0 0 0 0 0 0 0 0 0 0 ]
        [0 0 0 0 0 0 0 0 0 0 0 0 0 0 0 0 ]
        [0 0 0 0 0 0 0 0 0 0 0 0 0 0 0 0 ]
        [0 0 0 0 0 0 0 0 0 0 0 0 0 0 0 0 ]
        [0 0 0 0 0 0 0 0 0 0 0 0 0 0 0 0 ]
        [0 0 0 0 0 0 0 0 0 0 0 0 0 0 0 0 ]
        [0 0 0 0 0 0 0 0 0 0 0 0 0 0 0 0 ]
        [0 0 0 0 0 0 0 0 0 0 0 0 0 0 0 0 ]
        [0 0 0 0 0 0 0 0 0 0 0 0 0 0 0 0 ]
        [0 0 0 0 0 0 0 0 0 0 0 0 0 0 0 0 ]
        [0 0 0 0 0 0 0 0 0 0 0 0 0 0 0 0 ]
        [0 0 0 0 0 0 0 0 0 0 0 0 0 0 0 0 ]
        [0 0 0 0 0 0 0 0 0 0 0 0 0 0 0 0 ]
        [0 0 0 0 0 0 0 0 0 0 0 0 0 0 0 0 ]
        [0 0 0 0 0 0 0 0 0 0 0 0 0 0 0 0 ]
        [0 0 0 0 0 0 0 0 0 0 0 0 0 0 0 0 ]
        [0 0 0 0 0 0 0 0 0 0 0 0 0 0 0 0 ]
        [0 0 0 0 0 0 0 0 0 0 0 0 0 0 0 0 ]
        [0 0 0 0 0 0 0 0 0 0 0 0 0 0 0 0 ]
        [0 0 0 0 0 0 0 0 0 0 0 0 0 0 0 0 ]
        [0 0 0 0 0 0 0 0 0 0 0 0 0 0 0 0 ]
        [0 0 0 0 0 0 0 0 0 0 0 0 0 0 0 0 ]
        [0 0 0 0 0 0 0 0 0 0 0 0 0 0 0 0 ]
        [0 0 0 0 0 0 0 0 0 0 0 0 0 0 0 0 ]
        [0 0 0 0 0 0 0 0 0 0 0 0 0 0 0 0 ]
        [0 0 0 0 0 0 0 0 0 0 0 0 0 0 0 0 ]
        [0 0 0 0 0 0 0 0 0 0 0 0 0 0 0 0 ]
        [0 0 0 0 0 0 0 0 0 0 0 0 0 0 0 0 ]
        [0 0 0 0 0 0 0 0 0 0 0 0 0 0 0 0 ]
        [0 0 0 0 0 0 0 0 0 0 0 0 0 0 0 0 ]
        [0 0 0 0 0 0 0 0 0 0 0 0 0 0 0 0 ]
        [0 0 0 0 0 0 0 0 0 0 0 0 0 0 0 0 ]
        [0 0 0 0 0 0 0 0 0 0 0 0 0 0 0 0 ]
        [0 0 0 0 0 0 0 0 0 0 0 0 0 0 0 0 ]
        [0 0 0 0 0 0 0 0 0 0 0 0 0 0 0 0 ]
        [0 0 0 0 0 0 0 0 0 0 0 0 0 0 0 0 ]
        [0 0 0 0 0 0 0 0 0 0 0 0 0 0 0 0 ]
        [0 0 0 0 0 0 0 0 0 0 0 0 0 0 0 0 ]
        [0 0 0 0 0 0 0 0 0 0 0 0 0 0 0 0 ]
        [0 0 0 0 0 0 0 0 0 0 0 0 0 0 0 0 ]
        [0 0 0 0 0 0 0 0 0 0 0 0 0 0 0 0 ]
        [0 0 0 0 0 0 0 0 0 0 0 0 0 0 0 0 ]
        [0 0 0 0 0 0 0 0 0 0 0 0 0 0 0 0 ]
        [0 0 0 0 0 0 0 0 0 0 0 0 0 0 0 0 ]
        [0 0 0 0 0 0 0 0 0 0 0 0 0 0 0 0 ]
        [0 0 0 0 0 0 0 0 0 0 0 0 0 0 0 0 ]
        [0 0 0 0 0 0 0 0 0 0 0 0 0 0 0 0 ]
        [0 0 0 0 0 0 0 0 0 0 0 0 0 0 0 0 ]
        [0 0 0 0 0 0 0 0 0 0 0 0 0 0 0 0 ]
        [0 0 0 0 0 0 0 0 0 0 0 0 0 0 0 0 ]
        [0 0 0 0 0 0 0 0 0 0 0 0 0 0 0 0 ]
        [0 0 0 0 0 0 0 0 0 0 0 0 0 0 0 0 ]
        [0 0 0 0 0 0 0 0 0 0 0 0 0 0 0 0 ]
        [0 0 0 0 0 0 0 0 0 0 0 0 0 0 0 0 ]
        [0 0 0 0 0 0 0 0 0 0 0 0 0 0 0 0 ]
        [0 0 0 0 0 0 0 0 0 0 0 0 0 0 0 0 ]
        [0 0 0 0 0 0 0 0 0 0 0 0 0 0 0 0 ]
        [0 0 0 0 0 0 0 0 0 0 0 0 0 0 0 0 ]
        [0 0 0 0 0 0 0 0 0 0 0 0 0 0 0 0 ]
        [0 0 0 0 0 0 0 0 0 0 0 0 0 0 0 0 ]
        [0 0 0 0 0 0 0 0 0 0 0 0 0 0 0 0 ]
        [0 0 0 0 0 0 0 0 0 0 0 0 0 0 0 0 ]
        [0 0 0 0 0 0 0 0 0 0 0 0 0 0 0 0 ]
        [0 0 0 0 0 0 0 0 0 0 0 0 0 0 0 0 ]
        [0 0 0 0 0 0 0 0 0 0 0 0 0 0 0 0 ]
        [0 0 0 0 0 0 0 0 0 0 0 0 0 0 0 0 ]
        [0 0 0 0 0 0 0 0 0 0 0 0 0 0 0 0 ]
        [0 0 0 0 0 0 0 0 0 0 0 0 0 0 0 0 ]
        [0 0 0 0 0 0 0 0 0 0 0 0 0 0 0 0 ]
        [0 0 0 0 0 0 0 0 0 0 0 0 0 0 0 0 ]
        [0 0 0 0 0 0 0 0 0 0 0 0 0 0 0 0 ]
        [0 0 0 0 0 0 0 0 0 0 0 0 0 0 0 0 ]
        [0 0 0 0 0 0 0 0 0 0 0 0 0 0 0 0 ]
        [0 0 0 0 0 0 0 0 0 0 0 0 0 0 0 0 ]
        [0 0 0 0 0 0 0 0 0 0 0 0 0 0 0 0 ]
        [0 0 0 0 0 0 0 0 0 0 0 0 0 0 0 0 ]
        [0 0 0 0 0 0 0 0 0 0 0 0 0 0 0 0 ]
        [0 0 0 0 0 0 0 0 0 0 0 0 0 0 0 0 ]
        [0 0 0 0 0 0 0 0 0 0 0 0 0 0 0 0 ]
        [0 0 0 0 0 0 0 0 0 0 0 0 0 0 0 0 ]
        [0 0 0 0 0 0 0 0 0 0 0 0 0 0 0 0 ]
        [0 0 0 0 0 0 0 0 0 0 0 0 0 0 0 0 ]
        [0 0 0 0 0 0 0 0 0 0 0 0 0 0 0 0 ]
        [0 0 0 0 0 0 0 0 0 0 0 0 0 0 0 0 ]
        [0 0 0 0 0 0 0 0 0 0 0 0 0 0 0 0 ]
        [0 0 0 0 0 0 0 0 0 0 0 0 0 0 0 0 ]
        [0 0 0 0 0 0 0 0 0 0 0 0 0 0 0 0 ]
        [0 0 0 0 0 0 0 0 0 0 0 0 0 0 0 0 ]
        [0 0 0 0 0 0 0 0 0 0 0 0 0 0 0 0 ]
        [0 0 0 0 0 0 0 0 0 0 0 0 0 0 0 0 ]
        [0 0 0 0 0 0 0 0 0 0 0 0 0 0 0 0 ]
        [0 0 0 0 0 0 0 0 0 0 0 0 0 0 0 0 ]
        [0 0 0 0 0 0 0 0 0 0 0 0 0 0 0 0 ]
        [0 0 0 0 0 0 0 0 0 0 0 0 0 0 0 0 ]
        [0 0 0 0 0 0 0 0 0 0 0 0 0 0 0 0 ]
        [0 0 0 0 0 0 0 0 0 0 0 0 0 0 0 0 ]
        [0 0 0 0 0 0 0 0 0 0 0 0 0 0 0 0 ]
        [0 0 0 0 0 0 0 0 0 0 0 0 0 0 0 0 ]
        [0 0 0 0 0 0 0 0 0 0 0 0 0 0 0 0 ]
        [0 0 0 0 0 0 0 0 0 0 0 0 0 0 0 0 ]
        [0 0 0 0 0 0 0 0 0 0 0 0 0 0 0 0 ]
        [0 0 0 0 0 0 0 0 0 0 0 0 0 0 0 0 ]
        [0 0 0 0 0 0 0 0 0 0 0 0 0 0 0 0 ]
        [0 0 0 0 0 0 0 0 0 0 0 0 0 0 0 0 ]
        [0 0 0 0 0 0 0 0 0 0 0 0 0 0 0 0 ]
        [0 0 0 0 0 0 0 0 0 0 0 0 0 0 0 0 ]
        [0 0 0 0 0 0 0 0 0 0 0 0 0 0 0 0 ]
        [0 0 0 0 0 0 0 0 0 0 0 0 0 0 0 0 ]
        [0 0 0 0 0 0 0 0 0 0 0 0 0 0 0 0 ]
        [0 0 0 0 0 0 0 0 0 0 0 0 0 0 0 0 ]
        [0 0 0 0 0 0 0 0 0 0 0 0 0 0 0 0 ]
        [0 0 0 0 0 0 0 0 0 0 0 0 0 0 0 0 ]
        [0 0 0 0 0 0 0 0 0 0 0 0 0 0 0 0 ]
        [0 0 0 0 0 0 0 0 0 0 0 0 0 0 0 0 ]
        [0 0 0 0 0 0 0 0 0 0 0 0 0 0 0 0 ]
        [0 0 0 0 0 0 0 0 0 0 0 0 0 0 0 0 ]
        [0 0 0 0 0 0 0 0 0 0 0 0 0 0 0 0 ]
        [0 0 0 0 0 0 0 0 0 0 0 0 0 0 0 0 ]
        [0 0 0 0 0 0 0 0 0 0 0 0 0 0 0 0 ]
        [0 0 0 0 0 0 0 0 0 0 0 0 0 0 0 0 ]
        [0 0 0 0 0 0 0 0 0 0 0 0 0 0 0 0 ]
        [0 0 0 0 0 0 0 0 0 0 0 0 0 0 0 0 ]
        [0 0 0 0 0 0 0 0 0 0 0 0 0 0 0 0 ]
        [0 0 0 0 0 0 0 0 0 0 0 0 0 0 0 0 ]
        [0 0 0 0 0 0 0 0 0 0 0 0 0 0 0 0 ]
        [0 0 0 0 0 0 0 0 0 0 0 0 0 0 0 0 ]
        [0 0 0 0 0 0 0 0 0 0 0 0 0 0 0 0 ]
        [0 0 0 0 0 0 0 0 0 0 0 0 0 0 0 0 ]
        [0 0 0 0 0 0 0 0 0 0 0 0 0 0 0 0 ]
        [0 0 0 0 0 0 0 0 0 0 0 0 0 0 0 0 ]
        [0 0 0 0 0 0 0 0 0 0 0 0 0 0 0 0 ]
        [0 0 0 0 0 0 0 0 0 0 0 0 0 0 0 0 ]
        [0 0 0 0 0 0 0 0 0 0 0 0 0 0 0 0 ]
        [0 0 0 0 0 0 0 0 0 0 0 0 0 0 0 0 ]
        [0 0 0 0 0 0 0 0 0 0 0 0 0 0 0 0 ]
        [0 0 0 0 0 0 0 0 0 0 0 0 0 0 0 0 ]
        [0 0 0 0 0 0 0 0 0 0 0 0 0 0 0 0 ]
        [0 0 0 0 0 0 0 0 0 0 0 0 0 0 0 0 ]
        [0 0 0 0 0 0 0 0 0 0 0 0 0 0 0 0 ]
        [0 0 0 0 0 0 0 0 0 0 0 0 0 0 0 0 ]
        [0 0 0 0 0 0 0 0 0 0 0 0 0 0 0 0 ]
        [0 0 0 0 0 0 0 0 0 0 0 0 0 0 0 0 ]
        [0 0 0 0 0 0 0 0 0 0 0 0 0 0 0 0 ]
        [0 0 0 0 0 0 0 0 0 0 0 0 0 0 0 0 ]
        [0 0 0 0 0 0 0 0 0 0 0 0 0 0 0 0 ]
        [0 0 0 0 0 0 0 0 0 0 0 0 0 0 0 0 ]
        [0 0 0 0 0 0 0 0 0 0 0 0 0 0 0 0 ]
        [0 0 0 0 0 0 0 0 0 0 0 0 0 0 0 0 ]
        [0 0 0 0 0 0 0 0 0 0 0 0 0 0 0 0 ]
        [0 0 0 0 0 0 0 0 0 0 0 0 0 0 0 0 ]
        [0 0 0 0 0 0 0 0 0 0 0 0 0 0 0 0 ]
        [0 0 0 0 0 0 0 0 0 0 0 0 0 0 0 0 ]
        [0 0 0 0 0 0 0 0 0 0 0 0 0 0 0 0 ]
        [0 0 0 0 0 0 0 0 0 0 0 0 0 0 0 0 ]
        [0 0 0 0 0 0 0 0 0 0 0 0 0 0 0 0 ]
        [0 0 0 0 0 0 0 0 0 0 0 0 0 0 0 0 ]
        [0 0 0 0 0 0 0 0 0 0 0 0 0 0 0 0 ]
        [0 0 0 0 0 0 0 0 0 0 0 0 0 0 0 0 ]
        [0 0 0 0 0 0 0 0 0 0 0 0 0 0 0 0 ]
        [0 0 0 0 0 0 0 0 0 0 0 0 0 0 0 0 ]
        [0 0 0 0 0 0 0 0 0 0 0 0 0 0 0 0 ]
        [0 0 0 0 0 0 0 0 0 0 0 0 0 0 0 0 ]
        [0 0 0 0 0 0 0 0 0 0 0 0 0 0 0 0 ]
        [0 0 0 0 0 0 0 0 0 0 0 0 0 0 0 0 ]
        [0 0 0 0 0 0 0 0 0 0 0 0 0 0 0 0 ]
        [0 0 0 0 0 0 0 0 0 0 0 0 0 0 0 0 ]
        [0 0 0 0 0 0 0 0 0 0 0 0 0 0 0 0 ]
        [0 0 0 0 0 0 0 0 0 0 0 0 0 0 0 0 ]
        [0 0 0 0 0 0 0 0 0 0 0 0 0 0 0 0 ]
        [0 0 0 0 0 0 0 0 0 0 0 0 0 0 0 0 ]
        [0 0 0 0 0 0 0 0 0 0 0 0 0 0 0 0 ]
        [0 0 0 0 0 0 0 0 0 0 0 0 0 0 0 0 ]
        [0 0 0 0 0 0 0 0 0 0 0 0 0 0 0 0 ]
        [0 0 0 0 0 0 0 0 0 0 0 0 0 0 0 0 ]
        [0 0 0 0 0 0 0 0 0 0 0 0 0 0 0 0 ]
        [0 0 0 0 0 0 0 0 0 0 0 0 0 0 0 0 ]
        [0 0 0 0 0 0 0 0 0 0 0 0 0 0 0 0 ]
        [0 0 0 0 0 0 0 0 0 0 0 0 0 0 0 0 ]
        [0 0 0 0 0 0 0 0 0 0 0 0 0 0 0 0 ]
        [0 0 0 0 0 0 0 0 0 0 0 0 0 0 0 0 ]
        [0 0 0 0 0 0 0 0 0 0 0 0 0 0 0 0 ]
        [0 0 0 0 0 0 0 0 0 0 0 0 0 0 0 0 ]
        [0 0 0 0 0 0 0 0 0 0 0 0 0 0 0 0 ]
        [0 0 0 0 0 0 0 0 0 0 0 0 0 0 0 0 ]
        [0 0 0 0 0 0 0 0 0 0 0 0 0 0 0 0 ]
        [0 0 0 0 0 0 0 0 0 0 0 0 0 0 0 0 ]
        [0 0 0 0 0 0 0 0 0 0 0 0 0 0 0 0 ]
        [0 0 0 0 0 0 0 0 0 0 0 0 0 0 0 0 ]
        [0 0 0 0 0 0 0 0 0 0 0 0 0 0 0 0 ]
        [0 0 0 0 0 0 0 0 0 0 0 0 0 0 0 0 ]
        [0 0 0 0 0 0 0 0 0 0 0 0 0 0 0 0 ]
        [0 0 0 0 0 0 0 0 0 0 0 0 0 0 0 0 ]
        [0 0 0 0 0 0 0 0 0 0 0 0 0 0 0 0 ]
        [0 0 0 0 0 0 0 0 0 0 0 0 0 0 0 0 ]
        [0 0 0 0 0 0 0 0 0 0 0 0 0 0 0 0 ]
        [0 0 0 0 0 0 0 0 0 0 0 0 0 0 0 0 ]
        [0 0 0 0 0 0 0 0 0 0 0 0 0 0 0 0 ]
        [0 0 0 0 0 0 0 0 0 0 0 0 0 0 0 0 ]
        [0 0 0 0 0 0 0 0 0 0 0 0 0 0 0 0 ]
        [0 0 0 0 0 0 0 0 0 0 0 0 0 0 0 0 ]
        [0 0 0 0 0 0 0 0 0 0 0 0 0 0 0 0 ]
        [0 0 0 0 0 0 0 0 0 0 0 0 0 0 0 0 ]
        [0 0 0 0 0 0 0 0 0 0 0 0 0 0 0 0 ]
        [0 0 0 0 0 0 0 0 0 0 0 0 0 0 0 0 ]
        [0 0 0 0 0 0 0 0 0 0 0 0 0 0 0 0 ]
        [0 0 0 0 0 0 0 0 0 0 0 0 0 0 0 0 ]
        [0 0 0 0 0 0 0 0 0 0 0 0 0 0 0 0 ]
        [0 0 0 0 0 0 0 0 0 0 0 0 0 0 0 0 ]
        [0 0 0 0 0 0 0 0 0 0 0 0 0 0 0 0 ]
        [0 0 0 0 0 0 0 0 0 0 0 0 0 0 0 0 ]
        [0 0 0 0 0 0 0 0 0 0 0 0 0 0 0 0 ]
        [0 0 0 0 0 0 0 0 0 0 0 0 0 0 0 0 ]
        [0 0 0 0 0 0 0 0 0 0 0 0 0 0 0 0 ]
        [0 0 0 0 0 0 0 0 0 0 0 0 0 0 0 0 ]
        [0 0 0 0 0 0 0 0 0 0 0 0 0 0 0 0 ]
        [0 0 0 0 0 0 0 0 0 0 0 0 0 0 0 0 ]
        [0 0 0 0 0 0 0 0 0 0 0 0 0 0 0 0 ]
        [0 0 0 0 0 0 0 0 0 0 0 0 0 0 0 0 ]
        [0 0 0 0 0 0 0 0 0 0 0 0 0 0 0 0 ]
        [0 0 0 0 0 0 0 0 0 0 0 0 0 0 0 0 ]
        [0 0 0 0 0 0 0 0 0 0 0 0 0 0 0 0 ]
        [0 0 0 0 0 0 0 0 0 0 0 0 0 0 0 0 ]
        [0 0 0 0 0 0 0 0 0 0 0 0 0 0 0 0 ]
        [0 0 0 0 0 0 0 0 0 0 0 0 0 0 0 0 ]
        [0 0 0 0 0 0 0 0 0 0 0 0 0 0 0 0 ]
        [0 0 0 0 0 0 0 0 0 0 0 0 0 0 0 0 ]
        [0 0 0 0 0 0 0 0 0 0 0 0 0 0 0 0 ]
        [0 0 0 0 0 0 0 0 0 0 0 0 0 0 0 0 ]
        [0 0 0 0 0 0 0 0 0 0 0 0 0 0 0 0 ]
        [0 0 0 0 0 0 0 0 0 0 0 0 0 0 0 0 ]
        [0 0 0 0 0 0 0 0 0 0 0 0 0 0 0 0 ]
        [0 0 0 0 0 0 0 0 0 0 0 0 0 0 0 0 ]
        [0 0 0 0 0 0 0 0 0 0 0 0 0 0 0 0 ]
        [0 0 0 0 0 0 0 0 0 0 0 0 0 0 0 0 ]
        [0 0 0 0 0 0 0 0 0 0 0 0 0 0 0 0 ]
        [0 0 0 0 0 0 0 0 0 0 0 0 0 0 0 0 ]
        [0 0 0 0 0 0 0 0 0 0 0 0 0 0 0 0 ]
        [0 0 0 0 0 0 0 0 0 0 0 0 0 0 0 0 ]
        [0 0 0 0 0 0 0 0 0 0 0 0 0 0 0 0 ]
        [0 0 0 0 0 0 0 0 0 0 0 0 0 0 0 0 ]
        [0 0 0 0 0 0 0 0 0 0 0 0 0 0 0 0 ]
        [0 0 0 0 0 0 0 0 0 0 0 0 0 0 0 0 ]
        [0 0 0 0 0 0 0 0 0 0 0 0 0 0 0 0 ]
        [0 0 0 0 0 0 0 0 0 0 0 0 0 0 0 0 ]
        [0 0 0 0 0 0 0 0 0 0 0 0 0 0 0 0 ]
        [0 0 0 0 0 0 0 0 0 0 0 0 0 0 0 0 ]
        [0 0 0 0 0 0 0 0 0 0 0 0 0 0 0 0 ]
        [0 0 0 0 0 0 0 0 0 0 0 0 0 0 0 0 ]
        [0 0 0 0 0 0 0 0 0 0 0 0 0 0 0 0 ]
        [0 0 0 0 0 0 0 0 0 0 0 0 0 0 0 0 ]
        [0 0 0 0 0 0 0 0 0 0 0 0 0 0 0 0 ]
        [0 0 0 0 0 0 0 0 0 0 0 0 0 0 0 0 ]
        [0 0 0 0 0 0 0 0 0 0 0 0 0 0 0 0 ]
        [0 0 0 0 0 0 0 0 0 0 0 0 0 0 0 0 ]
        [0 0 0 0 0 0 0 0 0 0 0 0 0 0 0 0 ]
        [0 0 0 0 0 0 0 0 0 0 0 0 0 0 0 0 ]
        [0 0 0 0 0 0 0 0 0 0 0 0 0 0 0 0 ]
        [0 0 0 0 0 0 0 0 0 0 0 0 0 0 0 0 ]
        [0 0 0 0 0 0 0 0 0 0 0 0 0 0 0 0 ]
        [0 0 0 0 0 0 0 0 0 0 0 0 0 0 0 0 ]
        [0 0 0 0 0 0 0 0 0 0 0 0 0 0 0 0 ]
        [0 0 0 0 0 0 0 0 0 0 0 0 0 0 0 0 ]
        [0 0 0 0 0 0 0 0 0 0 0 0 0 0 0 0 ]
        [0 0 0 0 0 0 0 0 0 0 0 0 0 0 0 0 ]
        [0 0 0 0 0 0 0 0 0 0 0 0 0 0 0 0 ]
        [0 0 0 0 0 0 0 0 0 0 0 0 0 0 0 0 ]
        [0 0 0 0 0 0 0 0 0 0 0 0 0 0 0 0 ]
        [0 0 0 0 0 0 0 0 0 0 0 0 0 0 0 0 ]
        [0 0 0 0 0 0 0 0 0 0 0 0 0 0 0 0 ]
        [0 0 0 0 0 0 0 0 0 0 0 0 0 0 0 0 ]
        [0 0 0 0 0 0 0 0 0 0 0 0 0 0 0 0 ]
        [0 0 0 0 0 0 0 0 0 0 0 0 0 0 0 0 ]
        [0 0 0 0 0 0 0 0 0 0 0 0 0 0 0 0 ]
        [0 0 0 0 0 0 0 0 0 0 0 0 0 0 0 0 ]
        [0 0 0 0 0 0 0 0 0 0 0 0 0 0 0 0 ]
        [0 0 0 0 0 0 0 0 0 0 0 0 0 0 0 0 ]
        [0 0 0 0 0 0 0 0 0 0 0 0 0 0 0 0 ]
        [0 0 0 0 0 0 0 0 0 0 0 0 0 0 0 0 ]
        [0 0 0 0 0 0 0 0 0 0 0 0 0 0 0 0 ]
        [0 0 0 0 0 0 0 0 0 0 0 0 0 0 0 0 ]
        [0 0 0 0 0 0 0 0 0 0 0 0 0 0 0 0 ]
        [0 0 0 0 0 0 0 0 0 0 0 0 0 0 0 0 ]
        [0 0 0 0 0 0 0 0 0 0 0 0 0 0 0 0 ]
        [0 0 0 0 0 0 0 0 0 0 0 0 0 0 0 0 ]
        [0 0 0 0 0 0 0 0 0 0 0 0 0 0 0 0 ]
        [0 0 0 0 0 0 0 0 0 0 0 0 0 0 0 0 ]
        [0 0 0 0 0 0 0 0 0 0 0 0 0 0 0 0 ]
        [0 0 0 0 0 0 0 0 0 0 0 0 0 0 0 0 ]
        [0 0 0 0 0 0 0 0 0 0 0 0 0 0 0 0 ]
        [0 0 0 0 0 0 0 0 0 0 0 0 0 0 0 0 ]
        [0 0 0 0 0 0 0 0 0 0 0 0 0 0 0 0 ]
        [0 0 0 0 0 0 0 0 0 0 0 0 0 0 0 0 ]
        [0 0 0 0 0 0 0 0 0 0 0 0 0 0 0 0 ]
        [0 0 0 0 0 0 0 0 0 0 0 0 0 0 0 0 ]
        [0 0 0 0 0 0 0 0 0 0 0 0 0 0 0 0 ]
        [0 0 0 0 0 0 0 0 0 0 0 0 0 0 0 0 ]
        [0 0 0 0 0 0 0 0 0 0 0 0 0 0 0 0 ]
        [0 0 0 0 0 0 0 0 0 0 0 0 0 0 0 0 ]
        [0 0 0 0 0 0 0 0 0 0 0 0 0 0 0 0 ]
        [0 0 0 0 0 0 0 0 0 0 0 0 0 0 0 0 ]
        [0 0 0 0 0 0 0 0 0 0 0 0 0 0 0 0 ]
        [0 0 0 0 0 0 0 0 0 0 0 0 0 0 0 0 ]
        [0 0 0 0 0 0 0 0 0 0 0 0 0 0 0 0 ]
        [0 0 0 0 0 0 0 0 0 0 0 0 0 0 0 0 ]
        [0 0 0 0 0 0 0 0 0 0 0 0 0 0 0 0 ]
        [0 0 0 0 0 0 0 0 0 0 0 0 0 0 0 0 ]
        [0 0 0 0 0 0 0 0 0 0 0 0 0 0 0 0 ]
        [0 0 0 0 0 0 0 0 0 0 0 0 0 0 0 0 ]
        [0 0 0 0 0 0 0 0 0 0 0 0 0 0 0 0 ]
        [0 0 0 0 0 0 0 0 0 0 0 0 0 0 0 0 ]
        [0 0 0 0 0 0 0 0 0 0 0 0 0 0 0 0 ]
        [0 0 0 0 0 0 0 0 0 0 0 0 0 0 0 0 ]
        [0 0 0 0 0 0 0 0 0 0 0 0 0 0 0 0 ]
        [0 0 0 0 0 0 0 0 0 0 0 0 0 0 0 0 ]
        [0 0 0 0 0 0 0 0 0 0 0 0 0 0 0 0 ]
        [0 0 0 0 0 0 0 0 0 0 0 0 0 0 0 0 ]
        [0 0 0 0 0 0 0 0 0 0 0 0 0 0 0 0 ]
        [0 0 0 0 0 0 0 0 0 0 0 0 0 0 0 0 ]
        [0 0 0 0 0 0 0 0 0 0 0 0 0 0 0 0 ]
        [0 0 0 0 0 0 0 0 0 0 0 0 0 0 0 0 ]
        [0 0 0 0 0 0 0 0 0 0 0 0 0 0 0 0 ]
        [0 0 0 0 0 0 0 0 0 0 0 0 0 0 0 0 ]
        [0 0 0 0 0 0 0 0 0 0 0 0 0 0 0 0 ]
        [0 0 0 0 0 0 0 0 0 0 0 0 0 0 0 0 ]
        [0 0 0 0 0 0 0 0 0 0 0 0 0 0 0 0 ]
        [0 0 0 0 0 0 0 0 0 0 0 0 0 0 0 0 ]
        [0 0 0 0 0 0 0 0 0 0 0 0 0 0 0 0 ]
        [0 0 0 0 0 0 0 0 0 0 0 0 0 0 0 0 ]
        [0 0 0 0 0 0 0 0 0 0 0 0 0 0 0 0 ]
        [0 0 0 0 0 0 0 0 0 0 0 0 0 0 0 0 ]
        [0 0 0 0 0 0 0 0 0 0 0 0 0 0 0 0 ]
        [0 0 0 0 0 0 0 0 0 0 0 0 0 0 0 0 ]
        [0 0 0 0 0 0 0 0 0 0 0 0 0 0 0 0 ]
        [0 0 0 0 0 0 0 0 0 0 0 0 0 0 0 0 ]
        [0 0 0 0 0 0 0 0 0 0 0 0 0 0 0 0 ]
        [0 0 0 0 0 0 0 0 0 0 0 0 0 0 0 0 ]
        [0 0 0 0 0 0 0 0 0 0 0 0 0 0 0 0 ]
        [0 0 0 0 0 0 0 0 0 0 0 0 0 0 0 0 ]
        [0 0 0 0 0 0 0 0 0 0 0 0 0 0 0 0 ]
        [0 0 0 0 0 0 0 0 0 0 0 0 0 0 0 0 ]
        [0 0 0 0 0 0 0 0 0 0 0 0 0 0 0 0 ]
        [0 0 0 0 0 0 0 0 0 0 0 0 0 0 0 0 ]
        [0 0 0 0 0 0 0 0 0 0 0 0 0 0 0 0 ]
        [0 0 0 0 0 0 0 0 0 0 0 0 0 0 0 0 ]
        [0 0 0 0 0 0 0 0 0 0 0 0 0 0 0 0 ]
        [0 0 0 0 0 0 0 0 0 0 0 0 0 0 0 0 ]
        [0 0 0 0 0 0 0 0 0 0 0 0 0 0 0 0 ]
        [0 0 0 0 0 0 0 0 0 0 0 0 0 0 0 0 ]
        [0 0 0 0 0 0 0 0 0 0 0 0 0 0 0 0 ]
        [0 0 0 0 0 0 0 0 0 0 0 0 0 0 0 0 ]
        [0 0 0 0 0 0 0 0 0 0 0 0 0 0 0 0 ]
        [0 0 0 0 0 0 0 0 0 0 0 0 0 0 0 0 ]
        [0 0 0 0 0 0 0 0 0 0 0 0 0 0 0 0 ]
        [0 0 0 0 0 0 0 0 0 0 0 0 0 0 0 0 ]
        [0 0 0 0 0 0 0 0 0 0 0 0 0 0 0 0 ]
        [0 0 0 0 0 0 0 0 0 0 0 0 0 0 0 0 ]
        [0 0 0 0 0 0 0 0 0 0 0 0 0 0 0 0 ]
        [0 0 0 0 0 0 0 0 0 0 0 0 0 0 0 0 ]
        [0 0 0 0 0 0 0 0 0 0 0 0 0 0 0 0 ]
        [0 0 0 0 0 0 0 0 0 0 0 0 0 0 0 0 ]
        [0 0 0 0 0 0 0 0 0 0 0 0 0 0 0 0 ]
        [0 0 0 0 0 0 0 0 0 0 0 0 0 0 0 0 ]
        [0 0 0 0 0 0 0 0 0 0 0 0 0 0 0 0 ]
        [0 0 0 0 0 0 0 0 0 0 0 0 0 0 0 0 ]
        [0 0 0 0 0 0 0 0 0 0 0 0 0 0 0 0 ]
        [0 0 0 0 0 0 0 0 0 0 0 0 0 0 0 0 ]
        [0 0 0 0 0 0 0 0 0 0 0 0 0 0 0 0 ]
        [0 0 0 0 0 0 0 0 0 0 0 0 0 0 0 0 ]
        [0 0 0 0 0 0 0 0 0 0 0 0 0 0 0 0 ]
        [0 0 0 0 0 0 0 0 0 0 0 0 0 0 0 0 ]
        [0 0 0 0 0 0 0 0 0 0 0 0 0 0 0 0 ]
        [0 0 0 0 0 0 0 0 0 0 0 0 0 0 0 0 ]
        [0 0 0 0 0 0 0 0 0 0 0 0 0 0 0 0 ]
        [0 0 0 0 0 0 0 0 0 0 0 0 0 0 0 0 ]
        [0 0 0 0 0 0 0 0 0 0 0 0 0 0 0 0 ]
        [0 0 0 0 0 0 0 0 0 0 0 0 0 0 0 0 ]
        [0 0 0 0 0 0 0 0 0 0 0 0 0 0 0 0 ]
        [0 0 0 0 0 0 0 0 0 0 0 0 0 0 0 0 ]
        [0 0 0 0 0 0 0 0 0 0 0 0 0 0 0 0 ]
        [0 0 0 0 0 0 0 0 0 0 0 0 0 0 0 0 ]
        [0 0 0 0 0 0 0 0 0 0 0 0 0 0 0 0 ]
        [0 0 0 0 0 0 0 0 0 0 0 0 0 0 0 0 ]
        [0 0 0 0 0 0 0 0 0 0 0 0 0 0 0 0 ]
        [0 0 0 0 0 0 0 0 0 0 0 0 0 0 0 0 ]
        [0 0 0 0 0 0 0 0 0 0 0 0 0 0 0 0 ]
        [0 0 0 0 0 0 0 0 0 0 0 0 0 0 0 0 ]
        [0 0 0 0 0 0 0 0 0 0 0 0 0 0 0 0 ]
        [0 0 0 0 0 0 0 0 0 0 0 0 0 0 0 0 ]
        [0 0 0 0 0 0 0 0 0 0 0 0 0 0 0 0 ]
        [0 0 0 0 0 0 0 0 0 0 0 0 0 0 0 0 ]
        [0 0 0 0 0 0 0 0 0 0 0 0 0 0 0 0 ]
        [0 0 0 0 0 0 0 0 0 0 0 0 0 0 0 0 ]
        [0 0 0 0 0 0 0 0 0 0 0 0 0 0 0 0 ]
        [0 0 0 0 0 0 0 0 0 0 0 0 0 0 0 0 ]
        [0 0 0 0 0 0 0 0 0 0 0 0 0 0 0 0 ]
        [0 0 0 0 0 0 0 0 0 0 0 0 0 0 0 0 ]
        [0 0 0 0 0 0 0 0 0 0 0 0 0 0 0 0 ]
        [0 0 0 0 0 0 0 0 0 0 0 0 0 0 0 0 ]
        [0 0 0 0 0 0 0 0 0 0 0 0 0 0 0 0 ]
        [0 0 0 0 0 0 0 0 0 0 0 0 0 0 0 0 ]
        [0 0 0 0 0 0 0 0 0 0 0 0 0 0 0 0 ]
        [0 0 0 0 0 0 0 0 0 0 0 0 0 0 0 0 ]
        [0 0 0 0 0 0 0 0 0 0 0 0 0 0 0 0 ]
        [0 0 0 0 0 0 0 0 0 0 0 0 0 0 0 0 ]
        [0 0 0 0 0 0 0 0 0 0 0 0 0 0 0 0 ]
        [0 0 0 0 0 0 0 0 0 0 0 0 0 0 0 0 ]
        [0 0 0 0 0 0 0 0 0 0 0 0 0 0 0 0 ]
        [0 0 0 0 0 0 0 0 0 0 0 0 0 0 0 0 ]
        [0 0 0 0 0 0 0 0 0 0 0 0 0 0 0 0 ]
        [0 0 0 0 0 0 0 0 0 0 0 0 0 0 0 0 ]
        [0 0 0 0 0 0 0 0 0 0 0 0 0 0 0 0 ]
        [0 0 0 0 0 0 0 0 0 0 0 0 0 0 0 0 ]
        [0 0 0 0 0 0 0 0 0 0 0 0 0 0 0 0 ]
        [0 0 0 0 0 0 0 0 0 0 0 0 0 0 0 0 ]
        [0 0 0 0 0 0 0 0 0 0 0 0 0 0 0 0 ]
        [0 0 0 0 0 0 0 0 0 0 0 0 0 0 0 0 ]
        [0 0 0 0 0 0 0 0 0 0 0 0 0 0 0 0 ]
        [0 0 0 0 0 0 0 0 0 0 0 0 0 0 0 0 ]
        [0 0 0 0 0 0 0 0 0 0 0 0 0 0 0 0 ]
        [0 0 0 0 0 0 0 0 0 0 0 0 0 0 0 0 ]
        [0 0 0 0 0 0 0 0 0 0 0 0 0 0 0 0 ]
        [0 0 0 0 0 0 0 0 0 0 0 0 0 0 0 0 ]
        [0 0 0 0 0 0 0 0 0 0 0 0 0 0 0 0 ]
        [0 0 0 0 0 0 0 0 0 0 0 0 0 0 0 0 ]
        [0 0 0 0 0 0 0 0 0 0 0 0 0 0 0 0 ]
        [0 0 0 0 0 0 0 0 0 0 0 0 0 0 0 0 ]
        [0 0 0 0 0 0 0 0 0 0 0 0 0 0 0 0 ]
        [0 0 0 0 0 0 0 0 0 0 0 0 0 0 0 0 ]
        [0 0 0 0 0 0 0 0 0 0 0 0 0 0 0 0 ]
        [0 0 0 0 0 0 0 0 0 0 0 0 0 0 0 0 ]
        [0 0 0 0 0 0 0 0 0 0 0 0 0 0 0 0 ]
        [0 0 0 0 0 0 0 0 0 0 0 0 0 0 0 0 ]
        [0 0 0 0 0 0 0 0 0 0 0 0 0 0 0 0 ]
        [0 0 0 0 0 0 0 0 0 0 0 0 0 0 0 0 ]
        [0 0 0 0 0 0 0 0 0 0 0 0 0 0 0 0 ]
        [0 0 0 0 0 0 0 0 0 0 0 0 0 0 0 0 ]
        [0 0 0 0 0 0 0 0 0 0 0 0 0 0 0 0 ]
        [0 0 0 0 0 0 0 0 0 0 0 0 0 0 0 0 ]
        [0 0 0 0 0 0 0 0 0 0 0 0 0 0 0 0 ]
        [0 0 0 0 0 0 0 0 0 0 0 0 0 0 0 0 ]
        [0 0 0 0 0 0 0 0 0 0 0 0 0 0 0 0 ]
        [0 0 0 0 0 0 0 0 0 0 0 0 0 0 0 0 ]
        [0 0 0 0 0 0 0 0 0 0 0 0 0 0 0 0 ]
        [0 0 0 0 0 0 0 0 0 0 0 0 0 0 0 0 ]
        [0 0 0 0 0 0 0 0 0 0 0 0 0 0 0 0 ]
        [0 0 0 0 0 0 0 0 0 0 0 0 0 0 0 0 ]
        [0 0 0 0 0 0 0 0 0 0 0 0 0 0 0 0 ]
        [0 0 0 0 0 0 0 0 0 0 0 0 0 0 0 0 ]
        [0 0 0 0 0 0 0 0 0 0 0 0 0 0 0 0 ]
        [0 0 0 0 0 0 0 0 0 0 0 0 0 0 0 0 ]
        [0 0 0 0 0 0 0 0 0 0 0 0 0 0 0 0 ]
        [0 0 0 0 0 0 0 0 0 0 0 0 0 0 0 0 ]
        [0 0 0 0 0 0 0 0 0 0 0 0 0 0 0 0 ]
        [0 0 0 0 0 0 0 0 0 0 0 0 0 0 0 0 ]
        [0 0 0 0 0 0 0 0 0 0 0 0 0 0 0 0 ]
        [0 0 0 0 0 0 0 0 0 0 0 0 0 0 0 0 ]
        [0 0 0 0 0 0 0 0 0 0 0 0 0 0 0 0 ]
        [0 0 0 0 0 0 0 0 0 0 0 0 0 0 0 0 ]
        [0 0 0 0 0 0 0 0 0 0 0 0 0 0 0 0 ]
        [0 0 0 0 0 0 0 0 0 0 0 0 0 0 0 0 ]
        [0 0 0 0 0 0 0 0 0 0 0 0 0 0 0 0 ]
        [0 0 0 0 0 0 0 0 0 0 0 0 0 0 0 0 ]
        [0 0 0 0 0 0 0 0 0 0 0 0 0 0 0 0 ]
        [0 0 0 0 0 0 0 0 0 0 0 0 0 0 0 0 ]
        [0 0 0 0 0 0 0 0 0 0 0 0 0 0 0 0 ]
        [0 0 0 0 0 0 0 0 0 0 0 0 0 0 0 0 ]
        [0 0 0 0 0 0 0 0 0 0 0 0 0 0 0 0 ]
        [0 0 0 0 0 0 0 0 0 0 0 0 0 0 0 0 ]
        [0 0 0 0 0 0 0 0 0 0 0 0 0 0 0 0 ]
        [0 0 0 0 0 0 0 0 0 0 0 0 0 0 0 0 ]
        [0 0 0 0 0 0 0 0 0 0 0 0 0 0 0 0 ]
        [0 0 0 0 0 0 0 0 0 0 0 0 0 0 0 0 ]
        [0 0 0 0 0 0 0 0 0 0 0 0 0 0 0 0 ]
        [0 0 0 0 0 0 0 0 0 0 0 0 0 0 0 0 ]
        [0 0 0 0 0 0 0 0 0 0 0 0 0 0 0 0 ]
        [0 0 0 0 0 0 0 0 0 0 0 0 0 0 0 0 ]
        [0 0 0 0 0 0 0 0 0 0 0 0 0 0 0 0 ]
        [0 0 0 0 0 0 0 0 0 0 0 0 0 0 0 0 ]
        [0 0 0 0 0 0 0 0 0 0 0 0 0 0 0 0 ]
        [0 0 0 0 0 0 0 0 0 0 0 0 0 0 0 0 ]
        [0 0 0 0 0 0 0 0 0 0 0 0 0 0 0 0 ]
        [0 0 0 0 0 0 0 0 0 0 0 0 0 0 0 0 ]
        [0 0 0 0 0 0 0 0 0 0 0 0 0 0 0 0 ]
        [0 0 0 0 0 0 0 0 0 0 0 0 0 0 0 0 ]
        [0 0 0 0 0 0 0 0 0 0 0 0 0 0 0 0 ]
        [0 0 0 0 0 0 0 0 0 0 0 0 0 0 0 0 ]
        [0 0 0 0 0 0 0 0 0 0 0 0 0 0 0 0 ]
        [0 0 0 0 0 0 0 0 0 0 0 0 0 0 0 0 ]
        [0 0 0 0 0 0 0 0 0 0 0 0 0 0 0 0 ]
        [0 0 0 0 0 0 0 0 0 0 0 0 0 0 0 0 ]
        [0 0 0 0 0 0 0 0 0 0 0 0 0 0 0 0 ]
        [0 0 0 0 0 0 0 0 0 0 0 0 0 0 0 0 ]
        [0 0 0 0 0 0 0 0 0 0 0 0 0 0 0 0 ]
        [0 0 0 0 0 0 0 0 0 0 0 0 0 0 0 0 ]
        [0 0 0 0 0 0 0 0 0 0 0 0 0 0 0 0 ]
        [0 0 0 0 0 0 0 0 0 0 0 0 0 0 0 0 ]
        [0 0 0 0 0 0 0 0 0 0 0 0 0 0 0 0 ]
        [0 0 0 0 0 0 0 0 0 0 0 0 0 0 0 0 ]
        [0 0 0 0 0 0 0 0 0 0 0 0 0 0 0 0 ]
        [0 0 0 0 0 0 0 0 0 0 0 0 0 0 0 0 ]
        [0 0 0 0 0 0 0 0 0 0 0 0 0 0 0 0 ]
        [0 0 0 0 0 0 0 0 0 0 0 0 0 0 0 0 ]
        [0 0 0 0 0 0 0 0 0 0 0 0 0 0 0 0 ]
        [0 0 0 0 0 0 0 0 0 0 0 0 0 0 0 0 ]
        [0 0 0 0 0 0 0 0 0 0 0 0 0 0 0 0 ]
        [0 0 0 0 0 0 0 0 0 0 0 0 0 0 0 0 ]
        [0 0 0 0 0 0 0 0 0 0 0 0 0 0 0 0 ]
        [0 0 0 0 0 0 0 0 0 0 0 0 0 0 0 0 ]
        [0 0 0 0 0 0 0 0 0 0 0 0 0 0 0 0 ]
        [0 0 0 0 0 0 0 0 0 0 0 0 0 0 0 0 ]
        [0 0 0 0 0 0 0 0 0 0 0 0 0 0 0 0 ]
        [0 0 0 0 0 0 0 0 0 0 0 0 0 0 0 0 ]
        [0 0 0 0 0 0 0 0 0 0 0 0 0 0 0 0 ]
        [0 0 0 0 0 0 0 0 0 0 0 0 0 0 0 0 ]
        [0 0 0 0 0 0 0 0 0 0 0 0 0 0 0 0 ]
        [0 0 0 0 0 0 0 0 0 0 0 0 0 0 0 0 ]
        [0 0 0 0 0 0 0 0 0 0 0 0 0 0 0 0 ]
        [0 0 0 0 0 0 0 0 0 0 0 0 0 0 0 0 ]
        [0 0 0 0 0 0 0 0 0 0 0 0 0 0 0 0 ]
        [0 0 0 0 0 0 0 0 0 0 0 0 0 0 0 0 ]
        [0 0 0 0 0 0 0 0 0 0 0 0 0 0 0 0 ]
        [0 0 0 0 0 0 0 0 0 0 0 0 0 0 0 0 ]
        [0 0 0 0 0 0 0 0 0 0 0 0 0 0 0 0 ]
        [0 0 0 0 0 0 0 0 0 0 0 0 0 0 0 0 ]
        [0 0 0 0 0 0 0 0 0 0 0 0 0 0 0 0 ]
        [0 0 0 0 0 0 0 0 0 0 0 0 0 0 0 0 ]
        [0 0 0 0 0 0 0 0 0 0 0 0 0 0 0 0 ]
        [0 0 0 0 0 0 0 0 0 0 0 0 0 0 0 0 ]
        [0 0 0 0 0 0 0 0 0 0 0 0 0 0 0 0 ]
        [0 0 0 0 0 0 0 0 0 0 0 0 0 0 0 0 ]
        [0 0 0 0 0 0 0 0 0 0 0 0 0 0 0 0 ]
        [0 0 0 0 0 0 0 0 0 0 0 0 0 0 0 0 ]
        [0 0 0 0 0 0 0 0 0 0 0 0 0 0 0 0 ]
        [0 0 0 0 0 0 0 0 0 0 0 0 0 0 0 0 ]
        [0 0 0 0 0 0 0 0 0 0 0 0 0 0 0 0 ]
        [0 0 0 0 0 0 0 0 0 0 0 0 0 0 0 0 ]
        [0 0 0 0 0 0 0 0 0 0 0 0 0 0 0 0 ]
        [0 0 0 0 0 0 0 0 0 0 0 0 0 0 0 0 ]
        [0 0 0 0 0 0 0 0 0 0 0 0 0 0 0 0 ]
        [0 0 0 0 0 0 0 0 0 0 0 0 0 0 0 0 ]
        [0 0 0 0 0 0 0 0 0 0 0 0 0 0 0 0 ]
        [0 0 0 0 0 0 0 0 0 0 0 0 0 0 0 0 ]
        [0 0 0 0 0 0 0 0 0 0 0 0 0 0 0 0 ]
        [0 0 0 0 0 0 0 0 0 0 0 0 0 0 0 0 ]
        [0 0 0 0 0 0 0 0 0 0 0 0 0 0 0 0 ]
        [0 0 0 0 0 0 0 0 0 0 0 0 0 0 0 0 ]
        [0 0 0 0 0 0 0 0 0 0 0 0 0 0 0 0 ]
        [0 0 0 0 0 0 0 0 0 0 0 0 0 0 0 0 ]
        [0 0 0 0 0 0 0 0 0 0 0 0 0 0 0 0 ]
        [0 0 0 0 0 0 0 0 0 0 0 0 0 0 0 0 ]
        [0 0 0 0 0 0 0 0 0 0 0 0 0 0 0 0 ]
        [0 0 0 0 0 0 0 0 0 0 0 0 0 0 0 0 ]
        [0 0 0 0 0 0 0 0 0 0 0 0 0 0 0 0 ]
        [0 0 0 0 0 0 0 0 0 0 0 0 0 0 0 0 ]
        [0 0 0 0 0 0 0 0 0 0 0 0 0 0 0 0 ]
        [0 0 0 0 0 0 0 0 0 0 0 0 0 0 0 0 ]
        [0 0 0 0 0 0 0 0 0 0 0 0 0 0 0 0 ]
        [0 0 0 0 0 0 0 0 0 0 0 0 0 0 0 0 ]
        [0 0 0 0 0 0 0 0 0 0 0 0 0 0 0 0 ]
        [0 0 0 0 0 0 0 0 0 0 0 0 0 0 0 0 ]
        [0 0 0 0 0 0 0 0 0 0 0 0 0 0 0 0 ]
        [0 0 0 0 0 0 0 0 0 0 0 0 0 0 0 0 ]
        [0 0 0 0 0 0 0 0 0 0 0 0 0 0 0 0 ]
        [0 0 0 0 0 0 0 0 0 0 0 0 0 0 0 0 ]
        [0 0 0 0 0 0 0 0 0 0 0 0 0 0 0 0 ]
        [0 0 0 0 0 0 0 0 0 0 0 0 0 0 0 0 ]
        [0 0 0 0 0 0 0 0 0 0 0 0 0 0 0 0 ]
        [0 0 0 0 0 0 0 0 0 0 0 0 0 0 0 0 ]
        [0 0 0 0 0 0 0 0 0 0 0 0 0 0 0 0 ]
        [0 0 0 0 0 0 0 0 0 0 0 0 0 0 0 0 ]
        [0 0 0 0 0 0 0 0 0 0 0 0 0 0 0 0 ]
        [0 0 0 0 0 0 0 0 0 0 0 0 0 0 0 0 ]
        [0 0 0 0 0 0 0 0 0 0 0 0 0 0 0 0 ]
        [0 0 0 0 0 0 0 0 0 0 0 0 0 0 0 0 ]
        [0 0 0 0 0 0 0 0 0 0 0 0 0 0 0 0 ]
        [0 0 0 0 0 0 0 0 0 0 0 0 0 0 0 0 ]
        [0 0 0 0 0 0 0 0 0 0 0 0 0 0 0 0 ]
        [0 0 0 0 0 0 0 0 0 0 0 0 0 0 0 0 ]
        [0 0 0 0 0 0 0 0 0 0 0 0 0 0 0 0 ]
        [0 0 0 0 0 0 0 0 0 0 0 0 0 0 0 0 ]
        [0 0 0 0 0 0 0 0 0 0 0 0 0 0 0 0 ]
        [0 0 0 0 0 0 0 0 0 0 0 0 0 0 0 0 ]
        [0 0 0 0 0 0 0 0 0 0 0 0 0 0 0 0 ]
        [0 0 0 0 0 0 0 0 0 0 0 0 0 0 0 0 ]
        [0 0 0 0 0 0 0 0 0 0 0 0 0 0 0 0 ]
        [0 0 0 0 0 0 0 0 0 0 0 0 0 0 0 0 ]
        [0 0 0 0 0 0 0 0 0 0 0 0 0 0 0 0 ]
        [0 0 0 0 0 0 0 0 0 0 0 0 0 0 0 0 ]
        [0 0 0 0 0 0 0 0 0 0 0 0 0 0 0 0 ]
        [0 0 0 0 0 0 0 0 0 0 0 0 0 0 0 0 ]
        [0 0 0 0 0 0 0 0 0 0 0 0 0 0 0 0 ]
        [0 0 0 0 0 0 0 0 0 0 0 0 0 0 0 0 ]
        [0 0 0 0 0 0 0 0 0 0 0 0 0 0 0 0 ]
        [0 0 0 0 0 0 0 0 0 0 0 0 0 0 0 0 ]
        [0 0 0 0 0 0 0 0 0 0 0 0 0 0 0 0 ]
        [0 0 0 0 0 0 0 0 0 0 0 0 0 0 0 0 ]
        [0 0 0 0 0 0 0 0 0 0 0 0 0 0 0 0 ]
        [0 0 0 0 0 0 0 0 0 0 0 0 0 0 0 0 ]
        [0 0 0 0 0 0 0 0 0 0 0 0 0 0 0 0 ]
        [0 0 0 0 0 0 0 0 0 0 0 0 0 0 0 0 ]
        [0 0 0 0 0 0 0 0 0 0 0 0 0 0 0 0 ]
        [0 0 0 0 0 0 0 0 0 0 0 0 0 0 0 0 ]
        [0 0 0 0 0 0 0 0 0 0 0 0 0 0 0 0 ]
        [0 0 0 0 0 0 0 0 0 0 0 0 0 0 0 0 ]
        [0 0 0 0 0 0 0 0 0 0 0 0 0 0 0 0 ]
        [0 0 0 0 0 0 0 0 0 0 0 0 0 0 0 0 ]
        [0 0 0 0 0 0 0 0 0 0 0 0 0 0 0 0 ]
        [0 0 0 0 0 0 0 0 0 0 0 0 0 0 0 0 ]
        [0 0 0 0 0 0 0 0 0 0 0 0 0 0 0 0 ]
        [0 0 0 0 0 0 0 0 0 0 0 0 0 0 0 0 ]
        [0 0 0 0 0 0 0 0 0 0 0 0 0 0 0 0 ]
        [0 0 0 0 0 0 0 0 0 0 0 0 0 0 0 0 ]
        [0 0 0 0 0 0 0 0 0 0 0 0 0 0 0 0 ]
        [0 0 0 0 0 0 0 0 0 0 0 0 0 0 0 0 ]
        [0 0 0 0 0 0 0 0 0 0 0 0 0 0 0 0 ]
        [0 0 0 0 0 0 0 0 0 0 0 0 0 0 0 0 ]
        [0 0 0 0 0 0 0 0 0 0 0 0 0 0 0 0 ]
        [0 0 0 0 0 0 0 0 0 0 0 0 0 0 0 0 ]
        [0 0 0 0 0 0 0 0 0 0 0 0 0 0 0 0 ]
        [0 0 0 0 0 0 0 0 0 0 0 0 0 0 0 0 ]
        [0 0 0 0 0 0 0 0 0 0 0 0 0 0 0 0 ]
        [0 0 0 0 0 0 0 0 0 0 0 0 0 0 0 0 ]
        [0 0 0 0 0 0 0 0 0 0 0 0 0 0 0 0 ]
        [0 0 0 0 0 0 0 0 0 0 0 0 0 0 0 0 ]
        [0 0 0 0 0 0 0 0 0 0 0 0 0 0 0 0 ]
        [0 0 0 0 0 0 0 0 0 0 0 0 0 0 0 0 ]
        [0 0 0 0 0 0 0 0 0 0 0 0 0 0 0 0 ]
        [0 0 0 0 0 0 0 0 0 0 0 0 0 0 0 0 ]
        [0 0 0 0 0 0 0 0 0 0 0 0 0 0 0 0 ]
        [0 0 0 0 0 0 0 0 0 0 0 0 0 0 0 0 ]
        [0 0 0 0 0 0 0 0 0 0 0 0 0 0 0 0 ]
        [0 0 0 0 0 0 0 0 0 0 0 0 0 0 0 0 ]
        [0 0 0 0 0 0 0 0 0 0 0 0 0 0 0 0 ]
        [0 0 0 0 0 0 0 0 0 0 0 0 0 0 0 0 ]
        [0 0 0 0 0 0 0 0 0 0 0 0 0 0 0 0 ]
        [0 0 0 0 0 0 0 0 0 0 0 0 0 0 0 0 ]
        [0 0 0 0 0 0 0 0 0 0 0 0 0 0 0 0 ]
        [0 0 0 0 0 0 0 0 0 0 0 0 0 0 0 0 ]
        [0 0 0 0 0 0 0 0 0 0 0 0 0 0 0 0 ]
        [0 0 0 0 0 0 0 0 0 0 0 0 0 0 0 0 ]
        [0 0 0 0 0 0 0 0 0 0 0 0 0 0 0 0 ]
        [0 0 0 0 0 0 0 0 0 0 0 0 0 0 0 0 ]
        [0 0 0 0 0 0 0 0 0 0 0 0 0 0 0 0 ]
        [0 0 0 0 0 0 0 0 0 0 0 0 0 0 0 0 ]
        [0 0 0 0 0 0 0 0 0 0 0 0 0 0 0 0 ]
        [0 0 0 0 0 0 0 0 0 0 0 0 0 0 0 0 ]
        [0 0 0 0 0 0 0 0 0 0 0 0 0 0 0 0 ]
        [0 0 0 0 0 0 0 0 0 0 0 0 0 0 0 0 ]
        [0 0 0 0 0 0 0 0 0 0 0 0 0 0 0 0 ]
        [0 0 0 0 0 0 0 0 0 0 0 0 0 0 0 0 ]
        [0 0 0 0 0 0 0 0 0 0 0 0 0 0 0 0 ]
        [0 0 0 0 0 0 0 0 0 0 0 0 0 0 0 0 ]
        [0 0 0 0 0 0 0 0 0 0 0 0 0 0 0 0 ]
        [0 0 0 0 0 0 0 0 0 0 0 0 0 0 0 0 ]
        [0 0 0 0 0 0 0 0 0 0 0 0 0 0 0 0 ]
        [0 0 0 0 0 0 0 0 0 0 0 0 0 0 0 0 ]
        [0 0 0 0 0 0 0 0 0 0 0 0 0 0 0 0 ]
        [0 0 0 0 0 0 0 0 0 0 0 0 0 0 0 0 ]
        [0 0 0 0 0 0 0 0 0 0 0 0 0 0 0 0 ]
        [0 0 0 0 0 0 0 0 0 0 0 0 0 0 0 0 ]
        [0 0 0 0 0 0 0 0 0 0 0 0 0 0 0 0 ]
        [0 0 0 0 0 0 0 0 0 0 0 0 0 0 0 0 ]
        [0 0 0 0 0 0 0 0 0 0 0 0 0 0 0 0 ]
        [0 0 0 0 0 0 0 0 0 0 0 0 0 0 0 0 ]
        [0 0 0 0 0 0 0 0 0 0 0 0 0 0 0 0 ]
        [0 0 0 0 0 0 0 0 0 0 0 0 0 0 0 0 ]
        [0 0 0 0 0 0 0 0 0 0 0 0 0 0 0 0 ]
        [0 0 0 0 0 0 0 0 0 0 0 0 0 0 0 0 ]
        [0 0 0 0 0 0 0 0 0 0 0 0 0 0 0 0 ]
        [0 0 0 0 0 0 0 0 0 0 0 0 0 0 0 0 ]
        [0 0 0 0 0 0 0 0 0 0 0 0 0 0 0 0 ]
        [0 0 0 0 0 0 0 0 0 0 0 0 0 0 0 0 ]
        [0 0 0 0 0 0 0 0 0 0 0 0 0 0 0 0 ]
        [0 0 0 0 0 0 0 0 0 0 0 0 0 0 0 0 ]
        [0 0 0 0 0 0 0 0 0 0 0 0 0 0 0 0 ]
        [0 0 0 0 0 0 0 0 0 0 0 0 0 0 0 0 ]
        [0 0 0 0 0 0 0 0 0 0 0 0 0 0 0 0 ]
        [0 0 0 0 0 0 0 0 0 0 0 0 0 0 0 0 ]
        [0 0 0 0 0 0 0 0 0 0 0 0 0 0 0 0 ]
        [0 0 0 0 0 0 0 0 0 0 0 0 0 0 0 0 ]
        [0 0 0 0 0 0 0 0 0 0 0 0 0 0 0 0 ]
        [0 0 0 0 0 0 0 0 0 0 0 0 0 0 0 0 ]
        [0 0 0 0 0 0 0 0 0 0 0 0 0 0 0 0 ]
        [0 0 0 0 0 0 0 0 0 0 0 0 0 0 0 0 ]
        [0 0 0 0 0 0 0 0 0 0 0 0 0 0 0 0 ]
        [0 0 0 0 0 0 0 0 0 0 0 0 0 0 0 0 ]
        [0 0 0 0 0 0 0 0 0 0 0 0 0 0 0 0 ]
        [0 0 0 0 0 0 0 0 0 0 0 0 0 0 0 0 ]
        [0 0 0 0 0 0 0 0 0 0 0 0 0 0 0 0 ]
        [0 0 0 0 0 0 0 0 0 0 0 0 0 0 0 0 ]
        [0 0 0 0 0 0 0 0 0 0 0 0 0 0 0 0 ]
        [0 0 0 0 0 0 0 0 0 0 0 0 0 0 0 0 ]
        [0 0 0 0 0 0 0 0 0 0 0 0 0 0 0 0 ]
        [0 0 0 0 0 0 0 0 0 0 0 0 0 0 0 0 ]
        [0 0 0 0 0 0 0 0 0 0 0 0 0 0 0 0 ]
        [0 0 0 0 0 0 0 0 0 0 0 0 0 0 0 0 ]
        [0 0 0 0 0 0 0 0 0 0 0 0 0 0 0 0 ]
        [0 0 0 0 0 0 0 0 0 0 0 0 0 0 0 0 ]
        [0 0 0 0 0 0 0 0 0 0 0 0 0 0 0 0 ]
        [0 0 0 0 0 0 0 0 0 0 0 0 0 0 0 0 ]
        [0 0 0 0 0 0 0 0 0 0 0 0 0 0 0 0 ]
        [0 0 0 0 0 0 0 0 0 0 0 0 0 0 0 0 ]
        [0 0 0 0 0 0 0 0 0 0 0 0 0 0 0 0 ]
        [0 0 0 0 0 0 0 0 0 0 0 0 0 0 0 0 ]
        [0 0 0 0 0 0 0 0 0 0 0 0 0 0 0 0 ]
        [0 0 0 0 0 0 0 0 0 0 0 0 0 0 0 0 ]
        [0 0 0 0 0 0 0 0 0 0 0 0 0 0 0 0 ]
        [0 0 0 0 0 0 0 0 0 0 0 0 0 0 0 0 ]
        [0 0 0 0 0 0 0 0 0 0 0 0 0 0 0 0 ]
        [0 0 0 0 0 0 0 0 0 0 0 0 0 0 0 0 ]
        [0 0 0 0 0 0 0 0 0 0 0 0 0 0 0 0 ]
        [0 0 0 0 0 0 0 0 0 0 0 0 0 0 0 0 ]
        [0 0 0 0 0 0 0 0 0 0 0 0 0 0 0 0 ]
        [0 0 0 0 0 0 0 0 0 0 0 0 0 0 0 0 ]
        [0 0 0 0 0 0 0 0 0 0 0 0 0 0 0 0 ]
        [0 0 0 0 0 0 0 0 0 0 0 0 0 0 0 0 ]
        [0 0 0 0 0 0 0 0 0 0 0 0 0 0 0 0 ]
        [0 0 0 0 0 0 0 0 0 0 0 0 0 0 0 0 ]
        [0 0 0 0 0 0 0 0 0 0 0 0 0 0 0 0 ]
        [0 0 0 0 0 0 0 0 0 0 0 0 0 0 0 0 ]
        [0 0 0 0 0 0 0 0 0 0 0 0 0 0 0 0 ]
        [0 0 0 0 0 0 0 0 0 0 0 0 0 0 0 0 ]
        [0 0 0 0 0 0 0 0 0 0 0 0 0 0 0 0 ]
        [0 0 0 0 0 0 0 0 0 0 0 0 0 0 0 0 ]
        [0 0 0 0 0 0 0 0 0 0 0 0 0 0 0 0 ]
        [0 0 0 0 0 0 0 0 0 0 0 0 0 0 0 0 ]
        [0 0 0 0 0 0 0 0 0 0 0 0 0 0 0 0 ]
        [0 0 0 0 0 0 0 0 0 0 0 0 0 0 0 0 ]
        [0 0 0 0 0 0 0 0 0 0 0 0 0 0 0 0 ]
        [0 0 0 0 0 0 0 0 0 0 0 0 0 0 0 0 ]
        [0 0 0 0 0 0 0 0 0 0 0 0 0 0 0 0 ]
        [0 0 0 0 0 0 0 0 0 0 0 0 0 0 0 0 ]
        [0 0 0 0 0 0 0 0 0 0 0 0 0 0 0 0 ]
        [0 0 0 0 0 0 0 0 0 0 0 0 0 0 0 0 ]
        [0 0 0 0 0 0 0 0 0 0 0 0 0 0 0 0 ]
        [0 0 0 0 0 0 0 0 0 0 0 0 0 0 0 0 ]
        [0 0 0 0 0 0 0 0 0 0 0 0 0 0 0 0 ]
        [0 0 0 0 0 0 0 0 0 0 0 0 0 0 0 0 ]
        [0 0 0 0 0 0 0 0 0 0 0 0 0 0 0 0 ]
        [0 0 0 0 0 0 0 0 0 0 0 0 0 0 0 0 ]
        [0 0 0 0 0 0 0 0 0 0 0 0 0 0 0 0 ]
        [0 0 0 0 0 0 0 0 0 0 0 0 0 0 0 0 ]
        [0 0 0 0 0 0 0 0 0 0 0 0 0 0 0 0 ]
        [0 0 0 0 0 0 0 0 0 0 0 0 0 0 0 0 ]
        [0 0 0 0 0 0 0 0 0 0 0 0 0 0 0 0 ]
        [0 0 0 0 0 0 0 0 0 0 0 0 0 0 0 0 ]
        [0 0 0 0 0 0 0 0 0 0 0 0 0 0 0 0 ]
        [0 0 0 0 0 0 0 0 0 0 0 0 0 0 0 0 ]
        [0 0 0 0 0 0 0 0 0 0 0 0 0 0 0 0 ]
        [0 0 0 0 0 0 0 0 0 0 0 0 0 0 0 0 ]
        [0 0 0 0 0 0 0 0 0 0 0 0 0 0 0 0 ]
        [0 0 0 0 0 0 0 0 0 0 0 0 0 0 0 0 ]
        [0 0 0 0 0 0 0 0 0 0 0 0 0 0 0 0 ]
        [0 0 0 0 0 0 0 0 0 0 0 0 0 0 0 0 ]
        [0 0 0 0 0 0 0 0 0 0 0 0 0 0 0 0 ]
        [0 0 0 0 0 0 0 0 0 0 0 0 0 0 0 0 ]
        [0 0 0 0 0 0 0 0 0 0 0 0 0 0 0 0 ]
        [0 0 0 0 0 0 0 0 0 0 0 0 0 0 0 0 ]
        [0 0 0 0 0 0 0 0 0 0 0 0 0 0 0 0 ]
        [0 0 0 0 0 0 0 0 0 0 0 0 0 0 0 0 ]
        [0 0 0 0 0 0 0 0 0 0 0 0 0 0 0 0 ]
        [0 0 0 0 0 0 0 0 0 0 0 0 0 0 0 0 ]
        [0 0 0 0 0 0 0 0 0 0 0 0 0 0 0 0 ]
        [0 0 0 0 0 0 0 0 0 0 0 0 0 0 0 0 ]
        [0 0 0 0 0 0 0 0 0 0 0 0 0 0 0 0 ]
        [0 0 0 0 0 0 0 0 0 0 0 0 0 0 0 0 ]
        [0 0 0 0 0 0 0 0 0 0 0 0 0 0 0 0 ]
        [0 0 0 0 0 0 0 0 0 0 0 0 0 0 0 0 ]
        [0 0 0 0 0 0 0 0 0 0 0 0 0 0 0 0 ]
        [0 0 0 0 0 0 0 0 0 0 0 0 0 0 0 0 ]
        [0 0 0 0 0 0 0 0 0 0 0 0 0 0 0 0 ]
        [0 0 0 0 0 0 0 0 0 0 0 0 0 0 0 0 ]
        [0 0 0 0 0 0 0 0 0 0 0 0 0 0 0 0 ]
        [0 0 0 0 0 0 0 0 0 0 0 0 0 0 0 0 ]
        [0 0 0 0 0 0 0 0 0 0 0 0 0 0 0 0 ]
        [0 0 0 0 0 0 0 0 0 0 0 0 0 0 0 0 ]
        [0 0 0 0 0 0 0 0 0 0 0 0 0 0 0 0 ]
        [0 0 0 0 0 0 0 0 0 0 0 0 0 0 0 0 ]
        [0 0 0 0 0 0 0 0 0 0 0 0 0 0 0 0 ]
        [0 0 0 0 0 0 0 0 0 0 0 0 0 0 0 0 ]
        [0 0 0 0 0 0 0 0 0 0 0 0 0 0 0 0 ]
        [0 0 0 0 0 0 0 0 0 0 0 0 0 0 0 0 ]
        [0 0 0 0 0 0 0 0 0 0 0 0 0 0 0 0 ]
        [0 0 0 0 0 0 0 0 0 0 0 0 0 0 0 0 ]
        [0 0 0 0 0 0 0 0 0 0 0 0 0 0 0 0 ]
        [0 0 0 0 0 0 0 0 0 0 0 0 0 0 0 0 ]
        [0 0 0 0 0 0 0 0 0 0 0 0 0 0 0 0 ]
        [0 0 0 0 0 0 0 0 0 0 0 0 0 0 0 0 ]
        [0 0 0 0 0 0 0 0 0 0 0 0 0 0 0 0 ]
        [0 0 0 0 0 0 0 0 0 0 0 0 0 0 0 0 ]
        [0 0 0 0 0 0 0 0 0 0 0 0 0 0 0 0 ]
        [0 0 0 0 0 0 0 0 0 0 0 0 0 0 0 0 ]
        [0 0 0 0 0 0 0 0 0 0 0 0 0 0 0 0 ]
        [0 0 0 0 0 0 0 0 0 0 0 0 0 0 0 0 ]
        [0 0 0 0 0 0 0 0 0 0 0 0 0 0 0 0 ]
        [0 0 0 0 0 0 0 0 0 0 0 0 0 0 0 0 ]
        [0 0 0 0 0 0 0 0 0 0 0 0 0 0 0 0 ]
        [0 0 0 0 0 0 0 0 0 0 0 0 0 0 0 0 ]
        [0 0 0 0 0 0 0 0 0 0 0 0 0 0 0 0 ]
        [0 0 0 0 0 0 0 0 0 0 0 0 0 0 0 0 ]
        [0 0 0 0 0 0 0 0 0 0 0 0 0 0 0 0 ]
        [0 0 0 0 0 0 0 0 0 0 0 0 0 0 0 0 ]
        [0 0 0 0 0 0 0 0 0 0 0 0 0 0 0 0 ]
        [0 0 0 0 0 0 0 0 0 0 0 0 0 0 0 0 ]
        [0 0 0 0 0 0 0 0 0 0 0 0 0 0 0 0 ]
        [0 0 0 0 0 0 0 0 0 0 0 0 0 0 0 0 ]
        [0 0 0 0 0 0 0 0 0 0 0 0 0 0 0 0 ]
        [0 0 0 0 0 0 0 0 0 0 0 0 0 0 0 0 ]
        [0 0 0 0 0 0 0 0 0 0 0 0 0 0 0 0 ]
        [0 0 0 0 0 0 0 0 0 0 0 0 0 0 0 0 ]
        [0 0 0 0 0 0 0 0 0 0 0 0 0 0 0 0 ]
        [0 0 0 0 0 0 0 0 0 0 0 0 0 0 0 0 ]
        [0 0 0 0 0 0 0 0 0 0 0 0 0 0 0 0 ]
        [0 0 0 0 0 0 0 0 0 0 0 0 0 0 0 0 ]
        [0 0 0 0 0 0 0 0 0 0 0 0 0 0 0 0 ]
        [0 0 0 0 0 0 0 0 0 0 0 0 0 0 0 0 ]
        [0 0 0 0 0 0 0 0 0 0 0 0 0 0 0 0 ]
        [0 0 0 0 0 0 0 0 0 0 0 0 0 0 0 0 ]
        [0 0 0 0 0 0 0 0 0 0 0 0 0 0 0 0 ]
        [0 0 0 0 0 0 0 0 0 0 0 0 0 0 0 0 ]
        [0 0 0 0 0 0 0 0 0 0 0 0 0 0 0 0 ]
        [0 0 0 0 0 0 0 0 0 0 0 0 0 0 0 0 ]
        [0 0 0 0 0 0 0 0 0 0 0 0 0 0 0 0 ]
        [0 0 0 0 0 0 0 0 0 0 0 0 0 0 0 0 ]
        [0 0 0 0 0 0 0 0 0 0 0 0 0 0 0 0 ]
        [0 0 0 0 0 0 0 0 0 0 0 0 0 0 0 0 ]
        [0 0 0 0 0 0 0 0 0 0 0 0 0 0 0 0 ]
        [0 0 0 0 0 0 0 0 0 0 0 0 0 0 0 0 ]
        [0 0 0 0 0 0 0 0 0 0 0 0 0 0 0 0 ]
        [0 0 0 0 0 0 0 0 0 0 0 0 0 0 0 0 ]
        [0 0 0 0 0 0 0 0 0 0 0 0 0 0 0 0 ]
        [0 0 0 0 0 0 0 0 0 0 0 0 0 0 0 0 ]
        [0 0 0 0 0 0 0 0 0 0 0 0 0 0 0 0 ]
        [0 0 0 0 0 0 0 0 0 0 0 0 0 0 0 0 ]
        [0 0 0 0 0 0 0 0 0 0 0 0 0 0 0 0 ]
        [0 0 0 0 0 0 0 0 0 0 0 0 0 0 0 0 ]
        [0 0 0 0 0 0 0 0 0 0 0 0 0 0 0 0 ]
        [0 0 0 0 0 0 0 0 0 0 0 0 0 0 0 0 ]
        [0 0 0 0 0 0 0 0 0 0 0 0 0 0 0 0 ]
        [0 0 0 0 0 0 0 0 0 0 0 0 0 0 0 0 ]
        [0 0 0 0 0 0 0 0 0 0 0 0 0 0 0 0 ]
        [0 0 0 0 0 0 0 0 0 0 0 0 0 0 0 0 ]
        [0 0 0 0 0 0 0 0 0 0 0 0 0 0 0 0 ]
        [0 0 0 0 0 0 0 0 0 0 0 0 0 0 0 0 ]
        [0 0 0 0 0 0 0 0 0 0 0 0 0 0 0 0 ]
        [0 0 0 0 0 0 0 0 0 0 0 0 0 0 0 0 ]
        [0 0 0 0 0 0 0 0 0 0 0 0 0 0 0 0 ]
        [0 0 0 0 0 0 0 0 0 0 0 0 0 0 0 0 ]
        [0 0 0 0 0 0 0 0 0 0 0 0 0 0 0 0 ]
        [0 0 0 0 0 0 0 0 0 0 0 0 0 0 0 0 ]
        [0 0 0 0 0 0 0 0 0 0 0 0 0 0 0 0 ]
        [0 0 0 0 0 0 0 0 0 0 0 0 0 0 0 0 ]
        [0 0 0 0 0 0 0 0 0 0 0 0 0 0 0 0 ]
        [0 0 0 0 0 0 0 0 0 0 0 0 0 0 0 0 ]
        [0 0 0 0 0 0 0 0 0 0 0 0 0 0 0 0 ]
        [0 0 0 0 0 0 0 0 0 0 0 0 0 0 0 0 ]
        [0 0 0 0 0 0 0 0 0 0 0 0 0 0 0 0 ]
        [0 0 0 0 0 0 0 0 0 0 0 0 0 0 0 0 ]
        [0 0 0 0 0 0 0 0 0 0 0 0 0 0 0 0 ]
        [0 0 0 0 0 0 0 0 0 0 0 0 0 0 0 0 ]
        [0 0 0 0 0 0 0 0 0 0 0 0 0 0 0 0 ]
        [0 0 0 0 0 0 0 0 0 0 0 0 0 0 0 0 ]
        [0 0 0 0 0 0 0 0 0 0 0 0 0 0 0 0 ]
        [0 0 0 0 0 0 0 0 0 0 0 0 0 0 0 0 ]
        [0 0 0 0 0 0 0 0 0 0 0 0 0 0 0 0 ]
        [0 0 0 0 0 0 0 0 0 0 0 0 0 0 0 0 ]
        [0 0 0 0 0 0 0 0 0 0 0 0 0 0 0 0 ]
        [0 0 0 0 0 0 0 0 0 0 0 0 0 0 0 0 ]
        [0 0 0 0 0 0 0 0 0 0 0 0 0 0 0 0 ]
        [0 0 0 0 0 0 0 0 0 0 0 0 0 0 0 0 ]
        [0 0 0 0 0 0 0 0 0 0 0 0 0 0 0 0 ]
        [0 0 0 0 0 0 0 0 0 0 0 0 0 0 0 0 ]
        [0 0 0 0 0 0 0 0 0 0 0 0 0 0 0 0 ]
        [0 0 0 0 0 0 0 0 0 0 0 0 0 0 0 0 ]
        [0 0 0 0 0 0 0 0 0 0 0 0 0 0 0 0 ]
        [0 0 0 0 0 0 0 0 0 0 0 0 0 0 0 0 ]
        [0 0 0 0 0 0 0 0 0 0 0 0 0 0 0 0 ]
        [0 0 0 0 0 0 0 0 0 0 0 0 0 0 0 0 ]
        [0 0 0 0 0 0 0 0 0 0 0 0 0 0 0 0 ]
        [0 0 0 0 0 0 0 0 0 0 0 0 0 0 0 0 ]
        [0 0 0 0 0 0 0 0 0 0 0 0 0 0 0 0 ]
        [0 0 0 0 0 0 0 0 0 0 0 0 0 0 0 0 ]
        [0 0 0 0 0 0 0 0 0 0 0 0 0 0 0 0 ]
        [0 0 0 0 0 0 0 0 0 0 0 0 0 0 0 0 ]
        [0 0 0 0 0 0 0 0 0 0 0 0 0 0 0 0 ]
        [0 0 0 0 0 0 0 0 0 0 0 0 0 0 0 0 ]
        [0 0 0 0 0 0 0 0 0 0 0 0 0 0 0 0 ]
        [0 0 0 0 0 0 0 0 0 0 0 0 0 0 0 0 ]
        [0 0 0 0 0 0 0 0 0 0 0 0 0 0 0 0 ]
        [0 0 0 0 0 0 0 0 0 0 0 0 0 0 0 0 ]
        [0 0 0 0 0 0 0 0 0 0 0 0 0 0 0 0 ]
        [0 0 0 0 0 0 0 0 0 0 0 0 0 0 0 0 ]
        [0 0 0 0 0 0 0 0 0 0 0 0 0 0 0 0 ]
        [0 0 0 0 0 0 0 0 0 0 0 0 0 0 0 0 ]
        [0 0 0 0 0 0 0 0 0 0 0 0 0 0 0 0 ]
        [0 0 0 0 0 0 0 0 0 0 0 0 0 0 0 0 ]
        [0 0 0 0 0 0 0 0 0 0 0 0 0 0 0 0 ]
        [0 0 0 0 0 0 0 0 0 0 0 0 0 0 0 0 ]
        [0 0 0 0 0 0 0 0 0 0 0 0 0 0 0 0 ]
        [0 0 0 0 0 0 0 0 0 0 0 0 0 0 0 0 ]
        [0 0 0 0 0 0 0 0 0 0 0 0 0 0 0 0 ]
        [0 0 0 0 0 0 0 0 0 0 0 0 0 0 0 0 ]
        [0 0 0 0 0 0 0 0 0 0 0 0 0 0 0 0 ]
        [0 0 0 0 0 0 0 0 0 0 0 0 0 0 0 0 ]
        [0 0 0 0 0 0 0 0 0 0 0 0 0 0 0 0 ]
        [0 0 0 0 0 0 0 0 0 0 0 0 0 0 0 0 ]
        [0 0 0 0 0 0 0 0 0 0 0 0 0 0 0 0 ]
        [0 0 0 0 0 0 0 0 0 0 0 0 0 0 0 0 ]
        [0 0 0 0 0 0 0 0 0 0 0 0 0 0 0 0 ]
        [0 0 0 0 0 0 0 0 0 0 0 0 0 0 0 0 ]
        [0 0 0 0 0 0 0 0 0 0 0 0 0 0 0 0 ]
        [0 0 0 0 0 0 0 0 0 0 0 0 0 0 0 0 ]
        [0 0 0 0 0 0 0 0 0 0 0 0 0 0 0 0 ]
        [0 0 0 0 0 0 0 0 0 0 0 0 0 0 0 0 ]
        [0 0 0 0 0 0 0 0 0 0 0 0 0 0 0 0 ]
        [0 0 0 0 0 0 0 0 0 0 0 0 0 0 0 0 ]
        [0 0 0 0 0 0 0 0 0 0 0 0 0 0 0 0 ]
        [0 0 0 0 0 0 0 0 0 0 0 0 0 0 0 0 ]
        [0 0 0 0 0 0 0 0 0 0 0 0 0 0 0 0 ]
        [0 0 0 0 0 0 0 0 0 0 0 0 0 0 0 0 ]
        [0 0 0 0 0 0 0 0 0 0 0 0 0 0 0 0 ]
        [0 0 0 0 0 0 0 0 0 0 0 0 0 0 0 0 ]
        [0 0 0 0 0 0 0 0 0 0 0 0 0 0 0 0 ]
        [0 0 0 0 0 0 0 0 0 0 0 0 0 0 0 0 ]
        [0 0 0 0 0 0 0 0 0 0 0 0 0 0 0 0 ]
        [0 0 0 0 0 0 0 0 0 0 0 0 0 0 0 0 ]
        [0 0 0 0 0 0 0 0 0 0 0 0 0 0 0 0 ]
        [0 0 0 0 0 0 0 0 0 0 0 0 0 0 0 0 ]
        [0 0 0 0 0 0 0 0 0 0 0 0 0 0 0 0 ]
        [0 0 0 0 0 0 0 0 0 0 0 0 0 0 0 0 ]
        [0 0 0 0 0 0 0 0 0 0 0 0 0 0 0 0 ]
        [0 0 0 0 0 0 0 0 0 0 0 0 0 0 0 0 ]
        [0 0 0 0 0 0 0 0 0 0 0 0 0 0 0 0 ]
        [0 0 0 0 0 0 0 0 0 0 0 0 0 0 0 0 ]
        [0 0 0 0 0 0 0 0 0 0 0 0 0 0 0 0 ]
        [0 0 0 0 0 0 0 0 0 0 0 0 0 0 0 0 ]
        [0 0 0 0 0 0 0 0 0 0 0 0 0 0 0 0 ]
        [0 0 0 0 0 0 0 0 0 0 0 0 0 0 0 0 ]
        [0 0 0 0 0 0 0 0 0 0 0 0 0 0 0 0 ]
        [0 0 0 0 0 0 0 0 0 0 0 0 0 0 0 0 ]
        [0 0 0 0 0 0 0 0 0 0 0 0 0 0 0 0 ]
        [0 0 0 0 0 0 0 0 0 0 0 0 0 0 0 0 ]
        [0 0 0 0 0 0 0 0 0 0 0 0 0 0 0 0 ]
        [0 0 0 0 0 0 0 0 0 0 0 0 0 0 0 0 ]
        [0 0 0 0 0 0 0 0 0 0 0 0 0 0 0 0 ]
        [0 0 0 0 0 0 0 0 0 0 0 0 0 0 0 0 ]
        [0 0 0 0 0 0 0 0 0 0 0 0 0 0 0 0 ]
        [0 0 0 0 0 0 0 0 0 0 0 0 0 0 0 0 ]
        [0 0 0 0 0 0 0 0 0 0 0 0 0 0 0 0 ]
        [0 0 0 0 0 0 0 0 0 0 0 0 0 0 0 0 ]
        [0 0 0 0 0 0 0 0 0 0 0 0 0 0 0 0 ]
        [0 0 0 0 0 0 0 0 0 0 0 0 0 0 0 0 ]
        [0 0 0 0 0 0 0 0 0 0 0 0 0 0 0 0 ]
        [0 0 0 0 0 0 0 0 0 0 0 0 0 0 0 0 ]
        [0 0 0 0 0 0 0 0 0 0 0 0 0 0 0 0 ]
        [0 0 0 0 0 0 0 0 0 0 0 0 0 0 0 0 ]
        [0 0 0 0 0 0 0 0 0 0 0 0 0 0 0 0 ]
        [0 0 0 0 0 0 0 0 0 0 0 0 0 0 0 0 ]
        [0 0 0 0 0 0 0 0 0 0 0 0 0 0 0 0 ]
        [0 0 0 0 0 0 0 0 0 0 0 0 0 0 0 0 ]
        [0 0 0 0 0 0 0 0 0 0 0 0 0 0 0 0 ]
        [0 0 0 0 0 0 0 0 0 0 0 0 0 0 0 0 ]
        [0 0 0 0 0 0 0 0 0 0 0 0 0 0 0 0 ]
        [0 0 0 0 0 0 0 0 0 0 0 0 0 0 0 0 ]
        [0 0 0 0 0 0 0 0 0 0 0 0 0 0 0 0 ]
        [0 0 0 0 0 0 0 0 0 0 0 0 0 0 0 0 ]
        [0 0 0 0 0 0 0 0 0 0 0 0 0 0 0 0 ]
        [0 0 0 0 0 0 0 0 0 0 0 0 0 0 0 0 ]
        [0 0 0 0 0 0 0 0 0 0 0 0 0 0 0 0 ]
        [0 0 0 0 0 0 0 0 0 0 0 0 0 0 0 0 ]
        [0 0 0 0 0 0 0 0 0 0 0 0 0 0 0 0 ]
        [0 0 0 0 0 0 0 0 0 0 0 0 0 0 0 0 ]
        [0 0 0 0 0 0 0 0 0 0 0 0 0 0 0 0 ]
        [0 0 0 0 0 0 0 0 0 0 0 0 0 0 0 0 ]
        [0 0 0 0 0 0 0 0 0 0 0 0 0 0 0 0 ]
        [0 0 0 0 0 0 0 0 0 0 0 0 0 0 0 0 ]
        [0 0 0 0 0 0 0 0 0 0 0 0 0 0 0 0 ]
        [0 0 0 0 0 0 0 0 0 0 0 0 0 0 0 0 ]
        [0 0 0 0 0 0 0 0 0 0 0 0 0 0 0 0 ]
        [0 0 0 0 0 0 0 0 0 0 0 0 0 0 0 0 ]
        [0 0 0 0 0 0 0 0 0 0 0 0 0 0 0 0 ]
        [0 0 0 0 0 0 0 0 0 0 0 0 0 0 0 0 ]
        [0 0 0 0 0 0 0 0 0 0 0 0 0 0 0 0 ]
        [0 0 0 0 0 0 0 0 0 0 0 0 0 0 0 0 ]
        [0 0 0 0 0 0 0 0 0 0 0 0 0 0 0 0 ]
        [0 0 0 0 0 0 0 0 0 0 0 0 0 0 0 0 ]
        [0 0 0 0 0 0 0 0 0 0 0 0 0 0 0 0 ]
        [0 0 0 0 0 0 0 0 0 0 0 0 0 0 0 0 ]
        [0 0 0 0 0 0 0 0 0 0 0 0 0 0 0 0 ]
        [0 0 0 0 0 0 0 0 0 0 0 0 0 0 0 0 ]
        [0 0 0 0 0 0 0 0 0 0 0 0 0 0 0 0 ]
        [0 0 0 0 0 0 0 0 0 0 0 0 0 0 0 0 ]
        [0 0 0 0 0 0 0 0 0 0 0 0 0 0 0 0 ]
        [0 0 0 0 0 0 0 0 0 0 0 0 0 0 0 0 ]
        [0 0 0 0 0 0 0 0 0 0 0 0 0 0 0 0 ]
        [0 0 0 0 0 0 0 0 0 0 0 0 0 0 0 0 ]
        [0 0 0 0 0 0 0 0 0 0 0 0 0 0 0 0 ]
        [0 0 0 0 0 0 0 0 0 0 0 0 0 0 0 0 ]
        [0 0 0 0 0 0 0 0 0 0 0 0 0 0 0 0 ]
        [0 0 0 0 0 0 0 0 0 0 0 0 0 0 0 0 ]
        [0 0 0 0 0 0 0 0 0 0 0 0 0 0 0 0 ]
        [0 0 0 0 0 0 0 0 0 0 0 0 0 0 0 0 ]
        [0 0 0 0 0 0 0 0 0 0 0 0 0 0 0 0 ]
        [0 0 0 0 0 0 0 0 0 0 0 0 0 0 0 0 ]
        [0 0 0 0 0 0 0 0 0 0 0 0 0 0 0 0 ]
        [0 0 0 0 0 0 0 0 0 0 0 0 0 0 0 0 ]
        [0 0 0 0 0 0 0 0 0 0 0 0 0 0 0 0 ]
        [0 0 0 0 0 0 0 0 0 0 0 0 0 0 0 0 ]
        [0 0 0 0 0 0 0 0 0 0 0 0 0 0 0 0 ]
        [0 0 0 0 0 0 0 0 0 0 0 0 0 0 0 0 ]
        [0 0 0 0 0 0 0 0 0 0 0 0 0 0 0 0 ]
        [0 0 0 0 0 0 0 0 0 0 0 0 0 0 0 0 ]
        [0 0 0 0 0 0 0 0 0 0 0 0 0 0 0 0 ]
        [0 0 0 0 0 0 0 0 0 0 0 0 0 0 0 0 ]
        [0 0 0 0 0 0 0 0 0 0 0 0 0 0 0 0 ]
        [0 0 0 0 0 0 0 0 0 0 0 0 0 0 0 0 ]
        [0 0 0 0 0 0 0 0 0 0 0 0 0 0 0 0 ]
        [0 0 0 0 0 0 0 0 0 0 0 0 0 0 0 0 ]
        [0 0 0 0 0 0 0 0 0 0 0 0 0 0 0 0 ]
        [0 0 0 0 0 0 0 0 0 0 0 0 0 0 0 0 ]
        [0 0 0 0 0 0 0 0 0 0 0 0 0 0 0 0 ]
        [0 0 0 0 0 0 0 0 0 0 0 0 0 0 0 0 ]
        [0 0 0 0 0 0 0 0 0 0 0 0 0 0 0 0 ]
        [0 0 0 0 0 0 0 0 0 0 0 0 0 0 0 0 ]
        [0 0 0 0 0 0 0 0 0 0 0 0 0 0 0 0 ]
        [0 0 0 0 0 0 0 0 0 0 0 0 0 0 0 0 ]
        [0 0 0 0 0 0 0 0 0 0 0 0 0 0 0 0 ]
        [0 0 0 0 0 0 0 0 0 0 0 0 0 0 0 0 ]
        [0 0 0 0 0 0 0 0 0 0 0 0 0 0 0 0 ]
        [0 0 0 0 0 0 0 0 0 0 0 0 0 0 0 0 ]
        [0 0 0 0 0 0 0 0 0 0 0 0 0 0 0 0 ]
        [0 0 0 0 0 0 0 0 0 0 0 0 0 0 0 0 ]
        [0 0 0 0 0 0 0 0 0 0 0 0 0 0 0 0 ]
        [0 0 0 0 0 0 0 0 0 0 0 0 0 0 0 0 ]
        [0 0 0 0 0 0 0 0 0 0 0 0 0 0 0 0 ]
        [0 0 0 0 0 0 0 0 0 0 0 0 0 0 0 0 ]
        [0 0 0 0 0 0 0 0 0 0 0 0 0 0 0 0 ]
        [0 0 0 0 0 0 0 0 0 0 0 0 0 0 0 0 ]
        [0 0 0 0 0 0 0 0 0 0 0 0 0 0 0 0 ]
        [0 0 0 0 0 0 0 0 0 0 0 0 0 0 0 0 ]
        [0 0 0 0 0 0 0 0 0 0 0 0 0 0 0 0 ]
        [0 0 0 0 0 0 0 0 0 0 0 0 0 0 0 0 ]
        [0 0 0 0 0 0 0 0 0 0 0 0 0 0 0 0 ]
        [0 0 0 0 0 0 0 0 0 0 0 0 0 0 0 0 ]
        [0 0 0 0 0 0 0 0 0 0 0 0 0 0 0 0 ]
        [0 0 0 0 0 0 0 0 0 0 0 0 0 0 0 0 ]
        [0 0 0 0 0 0 0 0 0 0 0 0 0 0 0 0 ]
        [0 0 0 0 0 0 0 0 0 0 0 0 0 0 0 0 ]
        [0 0 0 0 0 0 0 0 0 0 0 0 0 0 0 0 ]
        [0 0 0 0 0 0 0 0 0 0 0 0 0 0 0 0 ]
        [0 0 0 0 0 0 0 0 0 0 0 0 0 0 0 0 ]
        [0 0 0 0 0 0 0 0 0 0 0 0 0 0 0 0 ]
        [0 0 0 0 0 0 0 0 0 0 0 0 0 0 0 0 ]
        [0 0 0 0 0 0 0 0 0 0 0 0 0 0 0 0 ]
        [0 0 0 0 0 0 0 0 0 0 0 0 0 0 0 0 ]
        [0 0 0 0 0 0 0 0 0 0 0 0 0 0 0 0 ]
        [0 0 0 0 0 0 0 0 0 0 0 0 0 0 0 0 ]
        [0 0 0 0 0 0 0 0 0 0 0 0 0 0 0 0 ]
        [0 0 0 0 0 0 0 0 0 0 0 0 0 0 0 0 ]
        [0 0 0 0 0 0 0 0 0 0 0 0 0 0 0 0 ]
        [0 0 0 0 0 0 0 0 0 0 0 0 0 0 0 0 ]
        [0 0 0 0 0 0 0 0 0 0 0 0 0 0 0 0 ]
        [0 0 0 0 0 0 0 0 0 0 0 0 0 0 0 0 ]
        [0 0 0 0 0 0 0 0 0 0 0 0 0 0 0 0 ]
        [0 0 0 0 0 0 0 0 0 0 0 0 0 0 0 0 ]
        [0 0 0 0 0 0 0 0 0 0 0 0 0 0 0 0 ]
        [0 0 0 0 0 0 0 0 0 0 0 0 0 0 0 0 ]
        [0 0 0 0 0 0 0 0 0 0 0 0 0 0 0 0 ]
        [0 0 0 0 0 0 0 0 0 0 0 0 0 0 0 0 ]
        [0 0 0 0 0 0 0 0 0 0 0 0 0 0 0 0 ]
        [0 0 0 0 0 0 0 0 0 0 0 0 0 0 0 0 ]
        [0 0 0 0 0 0 0 0 0 0 0 0 0 0 0 0 ]
        [0 0 0 0 0 0 0 0 0 0 0 0 0 0 0 0 ]
        [0 0 0 0 0 0 0 0 0 0 0 0 0 0 0 0 ]
        [0 0 0 0 0 0 0 0 0 0 0 0 0 0 0 0 ]
        [0 0 0 0 0 0 0 0 0 0 0 0 0 0 0 0 ]
        [0 0 0 0 0 0 0 0 0 0 0 0 0 0 0 0 ]
        [0 0 0 0 0 0 0 0 0 0 0 0 0 0 0 0 ]
        [0 0 0 0 0 0 0 0 0 0 0 0 0 0 0 0 ]
        [0 0 0 0 0 0 0 0 0 0 0 0 0 0 0 0 ]
        [0 0 0 0 0 0 0 0 0 0 0 0 0 0 0 0 ]
        [0 0 0 0 0 0 0 0 0 0 0 0 0 0 0 0 ]
        [0 0 0 0 0 0 0 0 0 0 0 0 0 0 0 0 ]
        [0 0 0 0 0 0 0 0 0 0 0 0 0 0 0 0 ]
        [0 0 0 0 0 0 0 0 0 0 0 0 0 0 0 0 ]
        [0 0 0 0 0 0 0 0 0 0 0 0 0 0 0 0 ]
        [0 0 0 0 0 0 0 0 0 0 0 0 0 0 0 0 ]
        [0 0 0 0 0 0 0 0 0 0 0 0 0 0 0 0 ]
        [0 0 0 0 0 0 0 0 0 0 0 0 0 0 0 0 ]
        [0 0 0 0 0 0 0 0 0 0 0 0 0 0 0 0 ]
        [0 0 0 0 0 0 0 0 0 0 0 0 0 0 0 0 ]
        [0 0 0 0 0 0 0 0 0 0 0 0 0 0 0 0 ]
        [0 0 0 0 0 0 0 0 0 0 0 0 0 0 0 0 ]
        [0 0 0 0 0 0 0 0 0 0 0 0 0 0 0 0 ]
        [0 0 0 0 0 0 0 0 0 0 0 0 0 0 0 0 ]
        [0 0 0 0 0 0 0 0 0 0 0 0 0 0 0 0 ]
        [0 0 0 0 0 0 0 0 0 0 0 0 0 0 0 0 ]
        [0 0 0 0 0 0 0 0 0 0 0 0 0 0 0 0 ]
        [0 0 0 0 0 0 0 0 0 0 0 0 0 0 0 0 ]
        [0 0 0 0 0 0 0 0 0 0 0 0 0 0 0 0 ]
        [0 0 0 0 0 0 0 0 0 0 0 0 0 0 0 0 ]
        [0 0 0 0 0 0 0 0 0 0 0 0 0 0 0 0 ]
        [0 0 0 0 0 0 0 0 0 0 0 0 0 0 0 0 ]
        [0 0 0 0 0 0 0 0 0 0 0 0 0 0 0 0 ]
        [0 0 0 0 0 0 0 0 0 0 0 0 0 0 0 0 ]
        [0 0 0 0 0 0 0 0 0 0 0 0 0 0 0 0 ]
        [0 0 0 0 0 0 0 0 0 0 0 0 0 0 0 0 ]
        [0 0 0 0 0 0 0 0 0 0 0 0 0 0 0 0 ]
        [0 0 0 0 0 0 0 0 0 0 0 0 0 0 0 0 ]
        [0 0 0 0 0 0 0 0 0 0 0 0 0 0 0 0 ]
        [0 0 0 0 0 0 0 0 0 0 0 0 0 0 0 0 ]
        [0 0 0 0 0 0 0 0 0 0 0 0 0 0 0 0 ]
        [0 0 0 0 0 0 0 0 0 0 0 0 0 0 0 0 ]
        [0 0 0 0 0 0 0 0 0 0 0 0 0 0 0 0 ]
        [0 0 0 0 0 0 0 0 0 0 0 0 0 0 0 0 ]
        [0 0 0 0 0 0 0 0 0 0 0 0 0 0 0 0 ]
        [0 0 0 0 0 0 0 0 0 0 0 0 0 0 0 0 ]
        [0 0 0 0 0 0 0 0 0 0 0 0 0 0 0 0 ]
        [0 0 0 0 0 0 0 0 0 0 0 0 0 0 0 0 ]
        [0 0 0 0 0 0 0 0 0 0 0 0 0 0 0 0 ]
        [0 0 0 0 0 0 0 0 0 0 0 0 0 0 0 0 ]
        [0 0 0 0 0 0 0 0 0 0 0 0 0 0 0 0 ]
        [0 0 0 0 0 0 0 0 0 0 0 0 0 0 0 0 ]
        [0 0 0 0 0 0 0 0 0 0 0 0 0 0 0 0 ]
        [0 0 0 0 0 0 0 0 0 0 0 0 0 0 0 0 ]
        [0 0 0 0 0 0 0 0 0 0 0 0 0 0 0 0 ]
        [0 0 0 0 0 0 0 0 0 0 0 0 0 0 0 0 ]
        [0 0 0 0 0 0 0 0 0 0 0 0 0 0 0 0 ]
        [0 0 0 0 0 0 0 0 0 0 0 0 0 0 0 0 ]
        [0 0 0 0 0 0 0 0 0 0 0 0 0 0 0 0 ]
        [0 0 0 0 0 0 0 0 0 0 0 0 0 0 0 0 ]
        [0 0 0 0 0 0 0 0 0 0 0 0 0 0 0 0 ]
        [0 0 0 0 0 0 0 0 0 0 0 0 0 0 0 0 ]
        [0 0 0 0 0 0 0 0 0 0 0 0 0 0 0 0 ]
        [0 0 0 0 0 0 0 0 0 0 0 0 0 0 0 0 ]
        [0 0 0 0 0 0 0 0 0 0 0 0 0 0 0 0 ]
        [0 0 0 0 0 0 0 0 0 0 0 0 0 0 0 0 ]
        [0 0 0 0 0 0 0 0 0 0 0 0 0 0 0 0 ]
        [0 0 0 0 0 0 0 0 0 0 0 0 0 0 0 0 ]
        [0 0 0 0 0 0 0 0 0 0 0 0 0 0 0 0 ]
        [0 0 0 0 0 0 0 0 0 0 0 0 0 0 0 0 ]
        [0 0 0 0 0 0 0 0 0 0 0 0 0 0 0 0 ]
        [0 0 0 0 0 0 0 0 0 0 0 0 0 0 0 0 ]
        [0 0 0 0 0 0 0 0 0 0 0 0 0 0 0 0 ]
        [0 0 0 0 0 0 0 0 0 0 0 0 0 0 0 0 ]
        [0 0 0 0 0 0 0 0 0 0 0 0 0 0 0 0 ]
        [0 0 0 0 0 0 0 0 0 0 0 0 0 0 0 0 ]
        [0 0 0 0 0 0 0 0 0 0 0 0 0 0 0 0 ]
        [0 0 0 0 0 0 0 0 0 0 0 0 0 0 0 0 ]
        [0 0 0 0 0 0 0 0 0 0 0 0 0 0 0 0 ]
        [0 0 0 0 0 0 0 0 0 0 0 0 0 0 0 0 ]
        [0 0 0 0 0 0 0 0 0 0 0 0 0 0 0 0 ]
        [0 0 0 0 0 0 0 0 0 0 0 0 0 0 0 0 ]
        [0 0 0 0 0 0 0 0 0 0 0 0 0 0 0 0 ]
        [0 0 0 0 0 0 0 0 0 0 0 0 0 0 0 0 ]
        [0 0 0 0 0 0 0 0 0 0 0 0 0 0 0 0 ]
        [0 0 0 0 0 0 0 0 0 0 0 0 0 0 0 0 ]
        [0 0 0 0 0 0 0 0 0 0 0 0 0 0 0 0 ]
        [0 0 0 0 0 0 0 0 0 0 0 0 0 0 0 0 ]
        [0 0 0 0 0 0 0 0 0 0 0 0 0 0 0 0 ]
        [0 0 0 0 0 0 0 0 0 0 0 0 0 0 0 0 ]
        [0 0 0 0 0 0 0 0 0 0 0 0 0 0 0 0 ]
        [0 0 0 0 0 0 0 0 0 0 0 0 0 0 0 0 ]
        [0 0 0 0 0 0 0 0 0 0 0 0 0 0 0 0 ]
        [0 0 0 0 0 0 0 0 0 0 0 0 0 0 0 0 ]
        [0 0 0 0 0 0 0 0 0 0 0 0 0 0 0 0 ]
        [0 0 0 0 0 0 0 0 0 0 0 0 0 0 0 0 ]
        [0 0 0 0 0 0 0 0 0 0 0 0 0 0 0 0 ]
        [0 0 0 0 0 0 0 0 0 0 0 0 0 0 0 0 ]
        [0 0 0 0 0 0 0 0 0 0 0 0 0 0 0 0 ]
        [0 0 0 0 0 0 0 0 0 0 0 0 0 0 0 0 ]
        [0 0 0 0 0 0 0 0 0 0 0 0 0 0 0 0 ]
        [0 0 0 0 0 0 0 0 0 0 0 0 0 0 0 0 ]
        [0 0 0 0 0 0 0 0 0 0 0 0 0 0 0 0 ]
        [0 0 0 0 0 0 0 0 0 0 0 0 0 0 0 0 ]
        [0 0 0 0 0 0 0 0 0 0 0 0 0 0 0 0 ]
        [0 0 0 0 0 0 0 0 0 0 0 0 0 0 0 0 ]
        [0 0 0 0 0 0 0 0 0 0 0 0 0 0 0 0 ]
        [0 0 0 0 0 0 0 0 0 0 0 0 0 0 0 0 ]
        [0 0 0 0 0 0 0 0 0 0 0 0 0 0 0 0 ]
        [0 0 0 0 0 0 0 0 0 0 0 0 0 0 0 0 ]
        [0 0 0 0 0 0 0 0 0 0 0 0 0 0 0 0 ]
        [0 0 0 0 0 0 0 0 0 0 0 0 0 0 0 0 ]
        [0 0 0 0 0 0 0 0 0 0 0 0 0 0 0 0 ]
        [0 0 0 0 0 0 0 0 0 0 0 0 0 0 0 0 ]
        [0 0 0 0 0 0 0 0 0 0 0 0 0 0 0 0 ]
        [0 0 0 0 0 0 0 0 0 0 0 0 0 0 0 0 ]
        [0 0 0 0 0 0 0 0 0 0 0 0 0 0 0 0 ]
        [0 0 0 0 0 0 0 0 0 0 0 0 0 0 0 0 ]
        [0 0 0 0 0 0 0 0 0 0 0 0 0 0 0 0 ]
        [0 0 0 0 0 0 0 0 0 0 0 0 0 0 0 0 ]
        [0 0 0 0 0 0 0 0 0 0 0 0 0 0 0 0 ]
        [0 0 0 0 0 0 0 0 0 0 0 0 0 0 0 0 ]
        [0 0 0 0 0 0 0 0 0 0 0 0 0 0 0 0 ]
        [0 0 0 0 0 0 0 0 0 0 0 0 0 0 0 0 ]
        [0 0 0 0 0 0 0 0 0 0 0 0 0 0 0 0 ]
        [0 0 0 0 0 0 0 0 0 0 0 0 0 0 0 0 ]
        [0 0 0 0 0 0 0 0 0 0 0 0 0 0 0 0 ]
        [0 0 0 0 0 0 0 0 0 0 0 0 0 0 0 0 ]
        [0 0 0 0 0 0 0 0 0 0 0 0 0 0 0 0 ]
        [0 0 0 0 0 0 0 0 0 0 0 0 0 0 0 0 ]
        [0 0 0 0 0 0 0 0 0 0 0 0 0 0 0 0 ]
        [0 0 0 0 0 0 0 0 0 0 0 0 0 0 0 0 ]
        [0 0 0 0 0 0 0 0 0 0 0 0 0 0 0 0 ]
        [0 0 0 0 0 0 0 0 0 0 0 0 0 0 0 0 ]
        [0 0 0 0 0 0 0 0 0 0 0 0 0 0 0 0 ]
        [0 0 0 0 0 0 0 0 0 0 0 0 0 0 0 0 ]
        [0 0 0 0 0 0 0 0 0 0 0 0 0 0 0 0 ]
        [0 0 0 0 0 0 0 0 0 0 0 0 0 0 0 0 ]
        [0 0 0 0 0 0 0 0 0 0 0 0 0 0 0 0 ]
        [0 0 0 0 0 0 0 0 0 0 0 0 0 0 0 0 ]
        [0 0 0 0 0 0 0 0 0 0 0 0 0 0 0 0 ]
        [0 0 0 0 0 0 0 0 0 0 0 0 0 0 0 0 ]
        [0 0 0 0 0 0 0 0 0 0 0 0 0 0 0 0 ]
        [0 0 0 0 0 0 0 0 0 0 0 0 0 0 0 0 ]
        [0 0 0 0 0 0 0 0 0 0 0 0 0 0 0 0 ]
        [0 0 0 0 0 0 0 0 0 0 0 0 0 0 0 0 ]
        [0 0 0 0 0 0 0 0 0 0 0 0 0 0 0 0 ]
        [0 0 0 0 0 0 0 0 0 0 0 0 0 0 0 0 ]
        [0 0 0 0 0 0 0 0 0 0 0 0 0 0 0 0 ]
        [0 0 0 0 0 0 0 0 0 0 0 0 0 0 0 0 ]
        [0 0 0 0 0 0 0 0 0 0 0 0 0 0 0 0 ]
        [0 0 0 0 0 0 0 0 0 0 0 0 0 0 0 0 ]
        [0 0 0 0 0 0 0 0 0 0 0 0 0 0 0 0 ]
        [0 0 0 0 0 0 0 0 0 0 0 0 0 0 0 0 ]
        [0 0 0 0 0 0 0 0 0 0 0 0 0 0 0 0 ]
        [0 0 0 0 0 0 0 0 0 0 0 0 0 0 0 0 ]
        [0 0 0 0 0 0 0 0 0 0 0 0 0 0 0 0 ]
        [0 0 0 0 0 0 0 0 0 0 0 0 0 0 0 0 ]
        [0 0 0 0 0 0 0 0 0 0 0 0 0 0 0 0 ]
        [0 0 0 0 0 0 0 0 0 0 0 0 0 0 0 0 ]
        [0 0 0 0 0 0 0 0 0 0 0 0 0 0 0 0 ]
        [0 0 0 0 0 0 0 0 0 0 0 0 0 0 0 0 ]
        [0 0 0 0 0 0 0 0 0 0 0 0 0 0 0 0 ]
        [0 0 0 0 0 0 0 0 0 0 0 0 0 0 0 0 ]
        [0 0 0 0 0 0 0 0 0 0 0 0 0 0 0 0 ]
        [0 0 0 0 0 0 0 0 0 0 0 0 0 0 0 0 ]
        [0 0 0 0 0 0 0 0 0 0 0 0 0 0 0 0 ]
        [0 0 0 0 0 0 0 0 0 0 0 0 0 0 0 0 ]
        [0 0 0 0 0 0 0 0 0 0 0 0 0 0 0 0 ]
        [0 0 0 0 0 0 0 0 0 0 0 0 0 0 0 0 ]
        [0 0 0 0 0 0 0 0 0 0 0 0 0 0 0 0 ]
        [0 0 0 0 0 0 0 0 0 0 0 0 0 0 0 0 ]
        [0 0 0 0 0 0 0 0 0 0 0 0 0 0 0 0 ]
        [0 0 0 0 0 0 0 0 0 0 0 0 0 0 0 0 ]
        [0 0 0 0 0 0 0 0 0 0 0 0 0 0 0 0 ]
        [0 0 0 0 0 0 0 0 0 0 0 0 0 0 0 0 ]
        [0 0 0 0 0 0 0 0 0 0 0 0 0 0 0 0 ]
        [0 0 0 0 0 0 0 0 0 0 0 0 0 0 0 0 ]
        [0 0 0 0 0 0 0 0 0 0 0 0 0 0 0 0 ]
        [0 0 0 0 0 0 0 0 0 0 0 0 0 0 0 0 ]
        [0 0 0 0 0 0 0 0 0 0 0 0 0 0 0 0 ]
        [0 0 0 0 0 0 0 0 0 0 0 0 0 0 0 0 ]
        [0 0 0 0 0 0 0 0 0 0 0 0 0 0 0 0 ]
        [0 0 0 0 0 0 0 0 0 0 0 0 0 0 0 0 ]
        [0 0 0 0 0 0 0 0 0 0 0 0 0 0 0 0 ]
        [0 0 0 0 0 0 0 0 0 0 0 0 0 0 0 0 ]
        [0 0 0 0 0 0 0 0 0 0 0 0 0 0 0 0 ]
        [0 0 0 0 0 0 0 0 0 0 0 0 0 0 0 0 ]
        [0 0 0 0 0 0 0 0 0 0 0 0 0 0 0 0 ]
        [0 0 0 0 0 0 0 0 0 0 0 0 0 0 0 0 ]
        [0 0 0 0 0 0 0 0 0 0 0 0 0 0 0 0 ]
        [0 0 0 0 0 0 0 0 0 0 0 0 0 0 0 0 ]
        [0 0 0 0 0 0 0 0 0 0 0 0 0 0 0 0 ]
        [0 0 0 0 0 0 0 0 0 0 0 0 0 0 0 0 ]
        [0 0 0 0 0 0 0 0 0 0 0 0 0 0 0 0 ]
        [0 0 0 0 0 0 0 0 0 0 0 0 0 0 0 0 ]
        [0 0 0 0 0 0 0 0 0 0 0 0 0 0 0 0 ]
        [0 0 0 0 0 0 0 0 0 0 0 0 0 0 0 0 ]
        [0 0 0 0 0 0 0 0 0 0 0 0 0 0 0 0 ]
        [0 0 0 0 0 0 0 0 0 0 0 0 0 0 0 0 ]
        [0 0 0 0 0 0 0 0 0 0 0 0 0 0 0 0 ]
        [0 0 0 0 0 0 0 0 0 0 0 0 0 0 0 0 ]
        [0 0 0 0 0 0 0 0 0 0 0 0 0 0 0 0 ]
        [0 0 0 0 0 0 0 0 0 0 0 0 0 0 0 0 ]
        [0 0 0 0 0 0 0 0 0 0 0 0 0 0 0 0 ]
        [0 0 0 0 0 0 0 0 0 0 0 0 0 0 0 0 ]
        [0 0 0 0 0 0 0 0 0 0 0 0 0 0 0 0 ]
        [0 0 0 0 0 0 0 0 0 0 0 0 0 0 0 0 ]
        [0 0 0 0 0 0 0 0 0 0 0 0 0 0 0 0 ]
        [0 0 0 0 0 0 0 0 0 0 0 0 0 0 0 0 ]
        [0 0 0 0 0 0 0 0 0 0 0 0 0 0 0 0 ]
        [0 0 0 0 0 0 0 0 0 0 0 0 0 0 0 0 ]
        [0 0 0 0 0 0 0 0 0 0 0 0 0 0 0 0 ]
        [0 0 0 0 0 0 0 0 0 0 0 0 0 0 0 0 ]
        [0 0 0 0 0 0 0 0 0 0 0 0 0 0 0 0 ]
        [0 0 0 0 0 0 0 0 0 0 0 0 0 0 0 0 ]
        [0 0 0 0 0 0 0 0 0 0 0 0 0 0 0 0 ]
        [0 0 0 0 0 0 0 0 0 0 0 0 0 0 0 0 ]
        [0 0 0 0 0 0 0 0 0 0 0 0 0 0 0 0 ]
        [0 0 0 0 0 0 0 0 0 0 0 0 0 0 0 0 ]
        [0 0 0 0 0 0 0 0 0 0 0 0 0 0 0 0 ]
        [0 0 0 0 0 0 0 0 0 0 0 0 0 0 0 0 ]
        [0 0 0 0 0 0 0 0 0 0 0 0 0 0 0 0 ]
        [0 0 0 0 0 0 0 0 0 0 0 0 0 0 0 0 ]
        [0 0 0 0 0 0 0 0 0 0 0 0 0 0 0 0 ]
        [0 0 0 0 0 0 0 0 0 0 0 0 0 0 0 0 ]
        [0 0 0 0 0 0 0 0 0 0 0 0 0 0 0 0 ]
        [0 0 0 0 0 0 0 0 0 0 0 0 0 0 0 0 ]
        [0 0 0 0 0 0 0 0 0 0 0 0 0 0 0 0 ]
        [0 0 0 0 0 0 0 0 0 0 0 0 0 0 0 0 ]
        [0 0 0 0 0 0 0 0 0 0 0 0 0 0 0 0 ]
        [0 0 0 0 0 0 0 0 0 0 0 0 0 0 0 0 ]
        [0 0 0 0 0 0 0 0 0 0 0 0 0 0 0 0 ]
        [0 0 0 0 0 0 0 0 0 0 0 0 0 0 0 0 ]
        [0 0 0 0 0 0 0 0 0 0 0 0 0 0 0 0 ]
        [0 0 0 0 0 0 0 0 0 0 0 0 0 0 0 0 ]
        [0 0 0 0 0 0 0 0 0 0 0 0 0 0 0 0 ]
        [0 0 0 0 0 0 0 0 0 0 0 0 0 0 0 0 ]
        [0 0 0 0 0 0 0 0 0 0 0 0 0 0 0 0 ]
        [0 0 0 0 0 0 0 0 0 0 0 0 0 0 0 0 ]
        [0 0 0 0 0 0 0 0 0 0 0 0 0 0 0 0 ]
        [0 0 0 0 0 0 0 0 0 0 0 0 0 0 0 0 ]
        [0 0 0 0 0 0 0 0 0 0 0 0 0 0 0 0 ]
        [0 0 0 0 0 0 0 0 0 0 0 0 0 0 0 0 ]
        [0 0 0 0 0 0 0 0 0 0 0 0 0 0 0 0 ]
        [0 0 0 0 0 0 0 0 0 0 0 0 0 0 0 0 ]
        [0 0 0 0 0 0 0 0 0 0 0 0 0 0 0 0 ]
        [0 0 0 0 0 0 0 0 0 0 0 0 0 0 0 0 ]
        [0 0 0 0 0 0 0 0 0 0 0 0 0 0 0 0 ]
        [0 0 0 0 0 0 0 0 0 0 0 0 0 0 0 0 ]
        [0 0 0 0 0 0 0 0 0 0 0 0 0 0 0 0 ]
        [0 0 0 0 0 0 0 0 0 0 0 0 0 0 0 0 ]
        [0 0 0 0 0 0 0 0 0 0 0 0 0 0 0 0 ]
        [0 0 0 0 0 0 0 0 0 0 0 0 0 0 0 0 ]
        [0 0 0 0 0 0 0 0 0 0 0 0 0 0 0 0 ]
        [0 0 0 0 0 0 0 0 0 0 0 0 0 0 0 0 ]
        [0 0 0 0 0 0 0 0 0 0 0 0 0 0 0 0 ]
        [0 0 0 0 0 0 0 0 0 0 0 0 0 0 0 0 ]
        [0 0 0 0 0 0 0 0 0 0 0 0 0 0 0 0 ]
        [0 0 0 0 0 0 0 0 0 0 0 0 0 0 0 0 ]
        [0 0 0 0 0 0 0 0 0 0 0 0 0 0 0 0 ]
        [0 0 0 0 0 0 0 0 0 0 0 0 0 0 0 0 ]
        [0 0 0 0 0 0 0 0 0 0 0 0 0 0 0 0 ]
        [0 0 0 0 0 0 0 0 0 0 0 0 0 0 0 0 ]
        [0 0 0 0 0 0 0 0 0 0 0 0 0 0 0 0 ]
        [0 0 0 0 0 0 0 0 0 0 0 0 0 0 0 0 ]
        [0 0 0 0 0 0 0 0 0 0 0 0 0 0 0 0 ]
        [0 0 0 0 0 0 0 0 0 0 0 0 0 0 0 0 ]
        [0 0 0 0 0 0 0 0 0 0 0 0 0 0 0 0 ]
        [0 0 0 0 0 0 0 0 0 0 0 0 0 0 0 0 ]
        [0 0 0 0 0 0 0 0 0 0 0 0 0 0 0 0 ]
        [0 0 0 0 0 0 0 0 0 0 0 0 0 0 0 0 ]
        [0 0 0 0 0 0 0 0 0 0 0 0 0 0 0 0 ]
        [0 0 0 0 0 0 0 0 0 0 0 0 0 0 0 0 ]
        [0 0 0 0 0 0 0 0 0 0 0 0 0 0 0 0 ]
        [0 0 0 0 0 0 0 0 0 0 0 0 0 0 0 0 ]
        [0 0 0 0 0 0 0 0 0 0 0 0 0 0 0 0 ]
        [0 0 0 0 0 0 0 0 0 0 0 0 0 0 0 0 ]
        [0 0 0 0 0 0 0 0 0 0 0 0 0 0 0 0 ]
        [0 0 0 0 0 0 0 0 0 0 0 0 0 0 0 0 ]
        [0 0 0 0 0 0 0 0 0 0 0 0 0 0 0 0 ]
        [0 0 0 0 0 0 0 0 0 0 0 0 0 0 0 0 ]
        [0 0 0 0 0 0 0 0 0 0 0 0 0 0 0 0 ]
        [0 0 0 0 0 0 0 0 0 0 0 0 0 0 0 0 ]
        [0 0 0 0 0 0 0 0 0 0 0 0 0 0 0 0 ]
        [0 0 0 0 0 0 0 0 0 0 0 0 0 0 0 0 ]
        [0 0 0 0 0 0 0 0 0 0 0 0 0 0 0 0 ]
        [0 0 0 0 0 0 0 0 0 0 0 0 0 0 0 0 ]
        [0 0 0 0 0 0 0 0 0 0 0 0 0 0 0 0 ]
        [0 0 0 0 0 0 0 0 0 0 0 0 0 0 0 0 ]
        [0 0 0 0 0 0 0 0 0 0 0 0 0 0 0 0 ]
        [0 0 0 0 0 0 0 0 0 0 0 0 0 0 0 0 ]
        [0 0 0 0 0 0 0 0 0 0 0 0 0 0 0 0 ]
        [0 0 0 0 0 0 0 0 0 0 0 0 0 0 0 0 ]
        [0 0 0 0 0 0 0 0 0 0 0 0 0 0 0 0 ]
        [0 0 0 0 0 0 0 0 0 0 0 0 0 0 0 0 ]
        [0 0 0 0 0 0 0 0 0 0 0 0 0 0 0 0 ]
        [0 0 0 0 0 0 0 0 0 0 0 0 0 0 0 0 ]
        [0 0 0 0 0 0 0 0 0 0 0 0 0 0 0 0 ]
        [0 0 0 0 0 0 0 0 0 0 0 0 0 0 0 0 ]
        [0 0 0 0 0 0 0 0 0 0 0 0 0 0 0 0 ]
        [0 0 0 0 0 0 0 0 0 0 0 0 0 0 0 0 ]
        [0 0 0 0 0 0 0 0 0 0 0 0 0 0 0 0 ]
        [0 0 0 0 0 0 0 0 0 0 0 0 0 0 0 0 ]
        [0 0 0 0 0 0 0 0 0 0 0 0 0 0 0 0 ]
        [0 0 0 0 0 0 0 0 0 0 0 0 0 0 0 0 ]
        [0 0 0 0 0 0 0 0 0 0 0 0 0 0 0 0 ]
        [0 0 0 0 0 0 0 0 0 0 0 0 0 0 0 0 ]
        [0 0 0 0 0 0 0 0 0 0 0 0 0 0 0 0 ]
        [0 0 0 0 0 0 0 0 0 0 0 0 0 0 0 0 ]
        [0 0 0 0 0 0 0 0 0 0 0 0 0 0 0 0 ]
        [0 0 0 0 0 0 0 0 0 0 0 0 0 0 0 0 ]
        [0 0 0 0 0 0 0 0 0 0 0 0 0 0 0 0 ]
        [0 0 0 0 0 0 0 0 0 0 0 0 0 0 0 0 ]
        [0 0 0 0 0 0 0 0 0 0 0 0 0 0 0 0 ]
        [0 0 0 0 0 0 0 0 0 0 0 0 0 0 0 0 ]
        [0 0 0 0 0 0 0 0 0 0 0 0 0 0 0 0 ]
        [0 0 0 0 0 0 0 0 0 0 0 0 0 0 0 0 ]
        [0 0 0 0 0 0 0 0 0 0 0 0 0 0 0 0 ]
        [0 0 0 0 0 0 0 0 0 0 0 0 0 0 0 0 ]
        [0 0 0 0 0 0 0 0 0 0 0 0 0 0 0 0 ]
        [0 0 0 0 0 0 0 0 0 0 0 0 0 0 0 0 ]
        [0 0 0 0 0 0 0 0 0 0 0 0 0 0 0 0 ]
        [0 0 0 0 0 0 0 0 0 0 0 0 0 0 0 0 ]
        [0 0 0 0 0 0 0 0 0 0 0 0 0 0 0 0 ]
        [0 0 0 0 0 0 0 0 0 0 0 0 0 0 0 0 ]
        [0 0 0 0 0 0 0 0 0 0 0 0 0 0 0 0 ]
        [0 0 0 0 0 0 0 0 0 0 0 0 0 0 0 0 ]
        [0 0 0 0 0 0 0 0 0 0 0 0 0 0 0 0 ]
        [0 0 0 0 0 0 0 0 0 0 0 0 0 0 0 0 ]
        [0 0 0 0 0 0 0 0 0 0 0 0 0 0 0 0 ]
        [0 0 0 0 0 0 0 0 0 0 0 0 0 0 0 0 ]
        [0 0 0 0 0 0 0 0 0 0 0 0 0 0 0 0 ]
        [0 0 0 0 0 0 0 0 0 0 0 0 0 0 0 0 ]
        [0 0 0 0 0 0 0 0 0 0 0 0 0 0 0 0 ]
        [0 0 0 0 0 0 0 0 0 0 0 0 0 0 0 0 ]
        [0 0 0 0 0 0 0 0 0 0 0 0 0 0 0 0 ]
        [0 0 0 0 0 0 0 0 0 0 0 0 0 0 0 0 ]
        [0 0 0 0 0 0 0 0 0 0 0 0 0 0 0 0 ]
        [0 0 0 0 0 0 0 0 0 0 0 0 0 0 0 0 ]
        [0 0 0 0 0 0 0 0 0 0 0 0 0 0 0 0 ]
        [0 0 0 0 0 0 0 0 0 0 0 0 0 0 0 0 ]
        [0 0 0 0 0 0 0 0 0 0 0 0 0 0 0 0 ]
        [0 0 0 0 0 0 0 0 0 0 0 0 0 0 0 0 ]
        [0 0 0 0 0 0 0 0 0 0 0 0 0 0 0 0 ]
        [0 0 0 0 0 0 0 0 0 0 0 0 0 0 0 0 ]
        [0 0 0 0 0 0 0 0 0 0 0 0 0 0 0 0 ]
        [0 0 0 0 0 0 0 0 0 0 0 0 0 0 0 0 ]
        [0 0 0 0 0 0 0 0 0 0 0 0 0 0 0 0 ]
        [0 0 0 0 0 0 0 0 0 0 0 0 0 0 0 0 ]
        [0 0 0 0 0 0 0 0 0 0 0 0 0 0 0 0 ]
        [0 0 0 0 0 0 0 0 0 0 0 0 0 0 0 0 ]
        [0 0 0 0 0 0 0 0 0 0 0 0 0 0 0 0 ]
        [0 0 0 0 0 0 0 0 0 0 0 0 0 0 0 0 ]
        [0 0 0 0 0 0 0 0 0 0 0 0 0 0 0 0 ]
        [0 0 0 0 0 0 0 0 0 0 0 0 0 0 0 0 ]
        [0 0 0 0 0 0 0 0 0 0 0 0 0 0 0 0 ]
        [0 0 0 0 0 0 0 0 0 0 0 0 0 0 0 0 ]
        [0 0 0 0 0 0 0 0 0 0 0 0 0 0 0 0 ]
        [0 0 0 0 0 0 0 0 0 0 0 0 0 0 0 0 ]
        [0 0 0 0 0 0 0 0 0 0 0 0 0 0 0 0 ]
        [0 0 0 0 0 0 0 0 0 0 0 0 0 0 0 0 ]
        [0 0 0 0 0 0 0 0 0 0 0 0 0 0 0 0 ]
        [0 0 0 0 0 0 0 0 0 0 0 0 0 0 0 0 ]
        [0 0 0 0 0 0 0 0 0 0 0 0 0 0 0 0 ]
        [0 0 0 0 0 0 0 0 0 0 0 0 0 0 0 0 ]
        [0 0 0 0 0 0 0 0 0 0 0 0 0 0 0 0 ]
        [0 0 0 0 0 0 0 0 0 0 0 0 0 0 0 0 ]
        [0 0 0 0 0 0 0 0 0 0 0 0 0 0 0 0 ]
        [0 0 0 0 0 0 0 0 0 0 0 0 0 0 0 0 ]
        [0 0 0 0 0 0 0 0 0 0 0 0 0 0 0 0 ]
        [0 0 0 0 0 0 0 0 0 0 0 0 0 0 0 0 ]
        [0 0 0 0 0 0 0 0 0 0 0 0 0 0 0 0 ]
        [0 0 0 0 0 0 0 0 0 0 0 0 0 0 0 0 ]
        [0 0 0 0 0 0 0 0 0 0 0 0 0 0 0 0 ]
        [0 0 0 0 0 0 0 0 0 0 0 0 0 0 0 0 ]
        [0 0 0 0 0 0 0 0 0 0 0 0 0 0 0 0 ]
        [0 0 0 0 0 0 0 0 0 0 0 0 0 0 0 0 ]
        [0 0 0 0 0 0 0 0 0 0 0 0 0 0 0 0 ]
        [0 0 0 0 0 0 0 0 0 0 0 0 0 0 0 0 ]
        [0 0 0 0 0 0 0 0 0 0 0 0 0 0 0 0 ]
        [0 0 0 0 0 0 0 0 0 0 0 0 0 0 0 0 ]
        [0 0 0 0 0 0 0 0 0 0 0 0 0 0 0 0 ]
        [0 0 0 0 0 0 0 0 0 0 0 0 0 0 0 0 ]
        [0 0 0 0 0 0 0 0 0 0 0 0 0 0 0 0 ]
        [0 0 0 0 0 0 0 0 0 0 0 0 0 0 0 0 ]
        [0 0 0 0 0 0 0 0 0 0 0 0 0 0 0 0 ]
        [0 0 0 0 0 0 0 0 0 0 0 0 0 0 0 0 ]
        [0 0 0 0 0 0 0 0 0 0 0 0 0 0 0 0 ]
        [0 0 0 0 0 0 0 0 0 0 0 0 0 0 0 0 ]
        [0 0 0 0 0 0 0 0 0 0 0 0 0 0 0 0 ]
        [0 0 0 0 0 0 0 0 0 0 0 0 0 0 0 0 ]
        [0 0 0 0 0 0 0 0 0 0 0 0 0 0 0 0 ]
        [0 0 0 0 0 0 0 0 0 0 0 0 0 0 0 0 ]
        [0 0 0 0 0 0 0 0 0 0 0 0 0 0 0 0 ]
        [0 0 0 0 0 0 0 0 0 0 0 0 0 0 0 0 ]
        [0 0 0 0 0 0 0 0 0 0 0 0 0 0 0 0 ]
        [0 0 0 0 0 0 0 0 0 0 0 0 0 0 0 0 ]
        [0 0 0 0 0 0 0 0 0 0 0 0 0 0 0 0 ]
        [0 0 0 0 0 0 0 0 0 0 0 0 0 0 0 0 ]
        [0 0 0 0 0 0 0 0 0 0 0 0 0 0 0 0 ]
        [0 0 0 0 0 0 0 0 0 0 0 0 0 0 0 0 ]
        [0 0 0 0 0 0 0 0 0 0 0 0 0 0 0 0 ]
        [0 0 0 0 0 0 0 0 0 0 0 0 0 0 0 0 ]
        [0 0 0 0 0 0 0 0 0 0 0 0 0 0 0 0 ]
        [0 0 0 0 0 0 0 0 0 0 0 0 0 0 0 0 ]
        [0 0 0 0 0 0 0 0 0 0 0 0 0 0 0 0 ]
        [0 0 0 0 0 0 0 0 0 0 0 0 0 0 0 0 ]
        [0 0 0 0 0 0 0 0 0 0 0 0 0 0 0 0 ]
        [0 0 0 0 0 0 0 0 0 0 0 0 0 0 0 0 ]
        [0 0 0 0 0 0 0 0 0 0 0 0 0 0 0 0 ]
        [0 0 0 0 0 0 0 0 0 0 0 0 0 0 0 0 ]
        [0 0 0 0 0 0 0 0 0 0 0 0 0 0 0 0 ]
        [0 0 0 0 0 0 0 0 0 0 0 0 0 0 0 0 ]
        [0 0 0 0 0 0 0 0 0 0 0 0 0 0 0 0 ]
        [0 0 0 0 0 0 0 0 0 0 0 0 0 0 0 0 ]
        [0 0 0 0 0 0 0 0 0 0 0 0 0 0 0 0 ]
        [0 0 0 0 0 0 0 0 0 0 0 0 0 0 0 0 ]
        [0 0 0 0 0 0 0 0 0 0 0 0 0 0 0 0 ]
        [0 0 0 0 0 0 0 0 0 0 0 0 0 0 0 0 ]
        [0 0 0 0 0 0 0 0 0 0 0 0 0 0 0 0 ]
        [0 0 0 0 0 0 0 0 0 0 0 0 0 0 0 0 ]
        [0 0 0 0 0 0 0 0 0 0 0 0 0 0 0 0 ]
        [0 0 0 0 0 0 0 0 0 0 0 0 0 0 0 0 ]
        [0 0 0 0 0 0 0 0 0 0 0 0 0 0 0 0 ]
        [0 0 0 0 0 0 0 0 0 0 0 0 0 0 0 0 ]
        [0 0 0 0 0 0 0 0 0 0 0 0 0 0 0 0 ]
        [0 0 0 0 0 0 0 0 0 0 0 0 0 0 0 0 ]
        [0 0 0 0 0 0 0 0 0 0 0 0 0 0 0 0 ]
        [0 0 0 0 0 0 0 0 0 0 0 0 0 0 0 0 ]
        [0 0 0 0 0 0 0 0 0 0 0 0 0 0 0 0 ]
        [0 0 0 0 0 0 0 0 0 0 0 0 0 0 0 0 ]
        [0 0 0 0 0 0 0 0 0 0 0 0 0 0 0 0 ]
        [0 0 0 0 0 0 0 0 0 0 0 0 0 0 0 0 ]
        [0 0 0 0 0 0 0 0 0 0 0 0 0 0 0 0 ]
        [0 0 0 0 0 0 0 0 0 0 0 0 0 0 0 0 ]
        [0 0 0 0 0 0 0 0 0 0 0 0 0 0 0 0 ]
        [0 0 0 0 0 0 0 0 0 0 0 0 0 0 0 0 ]
        [0 0 0 0 0 0 0 0 0 0 0 0 0 0 0 0 ]
        [0 0 0 0 0 0 0 0 0 0 0 0 0 0 0 0 ]
        [0 0 0 0 0 0 0 0 0 0 0 0 0 0 0 0 ]
        [0 0 0 0 0 0 0 0 0 0 0 0 0 0 0 0 ]
        [0 0 0 0 0 0 0 0 0 0 0 0 0 0 0 0 ]
        [0 0 0 0 0 0 0 0 0 0 0 0 0 0 0 0 ]
        [0 0 0 0 0 0 0 0 0 0 0 0 0 0 0 0 ]
        [0 0 0 0 0 0 0 0 0 0 0 0 0 0 0 0 ]
        [0 0 0 0 0 0 0 0 0 0 0 0 0 0 0 0 ]
        [0 0 0 0 0 0 0 0 0 0 0 0 0 0 0 0 ]
        [0 0 0 0 0 0 0 0 0 0 0 0 0 0 0 0 ]
        [0 0 0 0 0 0 0 0 0 0 0 0 0 0 0 0 ]
        [0 0 0 0 0 0 0 0 0 0 0 0 0 0 0 0 ]
        [0 0 0 0 0 0 0 0 0 0 0 0 0 0 0 0 ]
        [0 0 0 0 0 0 0 0 0 0 0 0 0 0 0 0 ]
        [0 0 0 0 0 0 0 0 0 0 0 0 0 0 0 0 ]
        [0 0 0 0 0 0 0 0 0 0 0 0 0 0 0 0 ]
        [0 0 0 0 0 0 0 0 0 0 0 0 0 0 0 0 ]
        [0 0 0 0 0 0 0 0 0 0 0 0 0 0 0 0 ]
        [0 0 0 0 0 0 0 0 0 0 0 0 0 0 0 0 ]
        [0 0 0 0 0 0 0 0 0 0 0 0 0 0 0 0 ]
        [0 0 0 0 0 0 0 0 0 0 0 0 0 0 0 0 ]
        [0 0 0 0 0 0 0 0 0 0 0 0 0 0 0 0 ]
        [0 0 0 0 0 0 0 0 0 0 0 0 0 0 0 0 ]
        [0 0 0 0 0 0 0 0 0 0 0 0 0 0 0 0 ]
        [0 0 0 0 0 0 0 0 0 0 0 0 0 0 0 0 ]
        [0 0 0 0 0 0 0 0 0 0 0 0 0 0 0 0 ]
        [0 0 0 0 0 0 0 0 0 0 0 0 0 0 0 0 ]
        [0 0 0 0 0 0 0 0 0 0 0 0 0 0 0 0 ]
        [0 0 0 0 0 0 0 0 0 0 0 0 0 0 0 0 ]
        [0 0 0 0 0 0 0 0 0 0 0 0 0 0 0 0 ]
        [0 0 0 0 0 0 0 0 0 0 0 0 0 0 0 0 ]
        [0 0 0 0 0 0 0 0 0 0 0 0 0 0 0 0 ]
        [0 0 0 0 0 0 0 0 0 0 0 0 0 0 0 0 ]
        [0 0 0 0 0 0 0 0 0 0 0 0 0 0 0 0 ]
        [0 0 0 0 0 0 0 0 0 0 0 0 0 0 0 0 ]
        [0 0 0 0 0 0 0 0 0 0 0 0 0 0 0 0 ]
        [0 0 0 0 0 0 0 0 0 0 0 0 0 0 0 0 ]
        [0 0 0 0 0 0 0 0 0 0 0 0 0 0 0 0 ]
        [0 0 0 0 0 0 0 0 0 0 0 0 0 0 0 0 ]
        [0 0 0 0 0 0 0 0 0 0 0 0 0 0 0 0 ]
        [0 0 0 0 0 0 0 0 0 0 0 0 0 0 0 0 ]
        [0 0 0 0 0 0 0 0 0 0 0 0 0 0 0 0 ]
        [0 0 0 0 0 0 0 0 0 0 0 0 0 0 0 0 ]
        [0 0 0 0 0 0 0 0 0 0 0 0 0 0 0 0 ]
        [0 0 0 0 0 0 0 0 0 0 0 0 0 0 0 0 ]
        [0 0 0 0 0 0 0 0 0 0 0 0 0 0 0 0 ]
        [0 0 0 0 0 0 0 0 0 0 0 0 0 0 0 0 ]
        [0 0 0 0 0 0 0 0 0 0 0 0 0 0 0 0 ]
        [0 0 0 0 0 0 0 0 0 0 0 0 0 0 0 0 ]
        [0 0 0 0 0 0 0 0 0 0 0 0 0 0 0 0 ]
        [0 0 0 0 0 0 0 0 0 0 0 0 0 0 0 0 ]
        [0 0 0 0 0 0 0 0 0 0 0 0 0 0 0 0 ]
        [0 0 0 0 0 0 0 0 0 0 0 0 0 0 0 0 ]
        [0 0 0 0 0 0 0 0 0 0 0 0 0 0 0 0 ]
        [0 0 0 0 0 0 0 0 0 0 0 0 0 0 0 0 ]
        [0 0 0 0 0 0 0 0 0 0 0 0 0 0 0 0 ]
        [0 0 0 0 0 0 0 0 0 0 0 0 0 0 0 0 ]
        [0 0 0 0 0 0 0 0 0 0 0 0 0 0 0 0 ]
        [0 0 0 0 0 0 0 0 0 0 0 0 0 0 0 0 ]
        [0 0 0 0 0 0 0 0 0 0 0 0 0 0 0 0 ]
        [0 0 0 0 0 0 0 0 0 0 0 0 0 0 0 0 ]
        [0 0 0 0 0 0 0 0 0 0 0 0 0 0 0 0 ]
        [0 0 0 0 0 0 0 0 0 0 0 0 0 0 0 0 ]
        [0 0 0 0 0 0 0 0 0 0 0 0 0 0 0 0 ]
        [0 0 0 0 0 0 0 0 0 0 0 0 0 0 0 0 ]
        [0 0 0 0 0 0 0 0 0 0 0 0 0 0 0 0 ]
        [0 0 0 0 0 0 0 0 0 0 0 0 0 0 0 0 ]
        [0 0 0 0 0 0 0 0 0 0 0 0 0 0 0 0 ]
        [0 0 0 0 0 0 0 0 0 0 0 0 0 0 0 0 ]
        [0 0 0 0 0 0 0 0 0 0 0 0 0 0 0 0 ]
        [0 0 0 0 0 0 0 0 0 0 0 0 0 0 0 0 ]
        [0 0 0 0 0 0 0 0 0 0 0 0 0 0 0 0 ]
        [0 0 0 0 0 0 0 0 0 0 0 0 0 0 0 0 ]
        [0 0 0 0 0 0 0 0 0 0 0 0 0 0 0 0 ]
        [0 0 0 0 0 0 0 0 0 0 0 0 0 0 0 0 ]
        [0 0 0 0 0 0 0 0 0 0 0 0 0 0 0 0 ]
        [0 0 0 0 0 0 0 0 0 0 0 0 0 0 0 0 ]
        [0 0 0 0 0 0 0 0 0 0 0 0 0 0 0 0 ]
        [0 0 0 0 0 0 0 0 0 0 0 0 0 0 0 0 ]
        [0 0 0 0 0 0 0 0 0 0 0 0 0 0 0 0 ]
        [0 0 0 0 0 0 0 0 0 0 0 0 0 0 0 0 ]
        [0 0 0 0 0 0 0 0 0 0 0 0 0 0 0 0 ]
        [0 0 0 0 0 0 0 0 0 0 0 0 0 0 0 0 ]
        [0 0 0 0 0 0 0 0 0 0 0 0 0 0 0 0 ]
        [0 0 0 0 0 0 0 0 0 0 0 0 0 0 0 0 ]
        [0 0 0 0 0 0 0 0 0 0 0 0 0 0 0 0 ]
        [0 0 0 0 0 0 0 0 0 0 0 0 0 0 0 0 ]
        [0 0 0 0 0 0 0 0 0 0 0 0 0 0 0 0 ]
        [0 0 0 0 0 0 0 0 0 0 0 0 0 0 0 0 ]
        [0 0 0 0 0 0 0 0 0 0 0 0 0 0 0 0 ]
        [0 0 0 0 0 0 0 0 0 0 0 0 0 0 0 0 ]
        [0 0 0 0 0 0 0 0 0 0 0 0 0 0 0 0 ]
        [0 0 0 0 0 0 0 0 0 0 0 0 0 0 0 0 ]
        [0 0 0 0 0 0 0 0 0 0 0 0 0 0 0 0 ]
        [0 0 0 0 0 0 0 0 0 0 0 0 0 0 0 0 ]
        [0 0 0 0 0 0 0 0 0 0 0 0 0 0 0 0 ]
        [0 0 0 0 0 0 0 0 0 0 0 0 0 0 0 0 ]
        [0 0 0 0 0 0 0 0 0 0 0 0 0 0 0 0 ]
        [0 0 0 0 0 0 0 0 0 0 0 0 0 0 0 0 ]
        [0 0 0 0 0 0 0 0 0 0 0 0 0 0 0 0 ]
        [0 0 0 0 0 0 0 0 0 0 0 0 0 0 0 0 ]
        [0 0 0 0 0 0 0 0 0 0 0 0 0 0 0 0 ]
        [0 0 0 0 0 0 0 0 0 0 0 0 0 0 0 0 ]
        [0 0 0 0 0 0 0 0 0 0 0 0 0 0 0 0 ]
        [0 0 0 0 0 0 0 0 0 0 0 0 0 0 0 0 ]
        [0 0 0 0 0 0 0 0 0 0 0 0 0 0 0 0 ]
        [0 0 0 0 0 0 0 0 0 0 0 0 0 0 0 0 ]
        [0 0 0 0 0 0 0 0 0 0 0 0 0 0 0 0 ]
        [0 0 0 0 0 0 0 0 0 0 0 0 0 0 0 0 ]
        [0 0 0 0 0 0 0 0 0 0 0 0 0 0 0 0 ]
        [0 0 0 0 0 0 0 0 0 0 0 0 0 0 0 0 ]
        [0 0 0 0 0 0 0 0 0 0 0 0 0 0 0 0 ]
        [0 0 0 0 0 0 0 0 0 0 0 0 0 0 0 0 ]
        [0 0 0 0 0 0 0 0 0 0 0 0 0 0 0 0 ]
        [0 0 0 0 0 0 0 0 0 0 0 0 0 0 0 0 ]
        [0 0 0 0 0 0 0 0 0 0 0 0 0 0 0 0 ]
        [0 0 0 0 0 0 0 0 0 0 0 0 0 0 0 0 ]
        [0 0 0 0 0 0 0 0 0 0 0 0 0 0 0 0 ]
        [0 0 0 0 0 0 0 0 0 0 0 0 0 0 0 0 ]
        [0 0 0 0 0 0 0 0 0 0 0 0 0 0 0 0 ]
        [0 0 0 0 0 0 0 0 0 0 0 0 0 0 0 0 ]
        [0 0 0 0 0 0 0 0 0 0 0 0 0 0 0 0 ]
        [0 0 0 0 0 0 0 0 0 0 0 0 0 0 0 0 ]
        [0 0 0 0 0 0 0 0 0 0 0 0 0 0 0 0 ]
        [0 0 0 0 0 0 0 0 0 0 0 0 0 0 0 0 ]
        [0 0 0 0 0 0 0 0 0 0 0 0 0 0 0 0 ]
        [0 0 0 0 0 0 0 0 0 0 0 0 0 0 0 0 ]
        [0 0 0 0 0 0 0 0 0 0 0 0 0 0 0 0 ]
        [0 0 0 0 0 0 0 0 0 0 0 0 0 0 0 0 ]
        [0 0 0 0 0 0 0 0 0 0 0 0 0 0 0 0 ]
        [0 0 0 0 0 0 0 0 0 0 0 0 0 0 0 0 ]
        [0 0 0 0 0 0 0 0 0 0 0 0 0 0 0 0 ]
        [0 0 0 0 0 0 0 0 0 0 0 0 0 0 0 0 ]
        [0 0 0 0 0 0 0 0 0 0 0 0 0 0 0 0 ]
        [0 0 0 0 0 0 0 0 0 0 0 0 0 0 0 0 ]
        [0 0 0 0 0 0 0 0 0 0 0 0 0 0 0 0 ]
        [0 0 0 0 0 0 0 0 0 0 0 0 0 0 0 0 ]
        [0 0 0 0 0 0 0 0 0 0 0 0 0 0 0 0 ]
        [0 0 0 0 0 0 0 0 0 0 0 0 0 0 0 0 ]
        [0 0 0 0 0 0 0 0 0 0 0 0 0 0 0 0 ]
        [0 0 0 0 0 0 0 0 0 0 0 0 0 0 0 0 ]
        [0 0 0 0 0 0 0 0 0 0 0 0 0 0 0 0 ]
        [0 0 0 0 0 0 0 0 0 0 0 0 0 0 0 0 ]
        [0 0 0 0 0 0 0 0 0 0 0 0 0 0 0 0 ]
        [0 0 0 0 0 0 0 0 0 0 0 0 0 0 0 0 ]
        [0 0 0 0 0 0 0 0 0 0 0 0 0 0 0 0 ]
        [0 0 0 0 0 0 0 0 0 0 0 0 0 0 0 0 ]
        [0 0 0 0 0 0 0 0 0 0 0 0 0 0 0 0 ]
        [0 0 0 0 0 0 0 0 0 0 0 0 0 0 0 0 ]
        [0 0 0 0 0 0 0 0 0 0 0 0 0 0 0 0 ]
        [0 0 0 0 0 0 0 0 0 0 0 0 0 0 0 0 ]
        [0 0 0 0 0 0 0 0 0 0 0 0 0 0 0 0 ]
        [0 0 0 0 0 0 0 0 0 0 0 0 0 0 0 0 ]
        [0 0 0 0 0 0 0 0 0 0 0 0 0 0 0 0 ]
        [0 0 0 0 0 0 0 0 0 0 0 0 0 0 0 0 ]
        [0 0 0 0 0 0 0 0 0 0 0 0 0 0 0 0 ]
        [0 0 0 0 0 0 0 0 0 0 0 0 0 0 0 0 ]
        [0 0 0 0 0 0 0 0 0 0 0 0 0 0 0 0 ]
        [0 0 0 0 0 0 0 0 0 0 0 0 0 0 0 0 ]
        [0 0 0 0 0 0 0 0 0 0 0 0 0 0 0 0 ]
        [0 0 0 0 0 0 0 0 0 0 0 0 0 0 0 0 ]
        [0 0 0 0 0 0 0 0 0 0 0 0 0 0 0 0 ]
        [0 0 0 0 0 0 0 0 0 0 0 0 0 0 0 0 ]
        [0 0 0 0 0 0 0 0 0 0 0 0 0 0 0 0 ]
        [0 0 0 0 0 0 0 0 0 0 0 0 0 0 0 0 ]
        [0 0 0 0 0 0 0 0 0 0 0 0 0 0 0 0 ]
        [0 0 0 0 0 0 0 0 0 0 0 0 0 0 0 0 ]
        [0 0 0 0 0 0 0 0 0 0 0 0 0 0 0 0 ]
        [0 0 0 0 0 0 0 0 0 0 0 0 0 0 0 0 ]
        [0 0 0 0 0 0 0 0 0 0 0 0 0 0 0 0 ]
        [0 0 0 0 0 0 0 0 0 0 0 0 0 0 0 0 ]
        [0 0 0 0 0 0 0 0 0 0 0 0 0 0 0 0 ]
        [0 0 0 0 0 0 0 0 0 0 0 0 0 0 0 0 ]
        [0 0 0 0 0 0 0 0 0 0 0 0 0 0 0 0 ]
        [0 0 0 0 0 0 0 0 0 0 0 0 0 0 0 0 ]
        [0 0 0 0 0 0 0 0 0 0 0 0 0 0 0 0 ]
        [0 0 0 0 0 0 0 0 0 0 0 0 0 0 0 0 ]
        [0 0 0 0 0 0 0 0 0 0 0 0 0 0 0 0 ]
        [0 0 0 0 0 0 0 0 0 0 0 0 0 0 0 0 ]
        [0 0 0 0 0 0 0 0 0 0 0 0 0 0 0 0 ]
        [0 0 0 0 0 0 0 0 0 0 0 0 0 0 0 0 ]
        [0 0 0 0 0 0 0 0 0 0 0 0 0 0 0 0 ]
        [0 0 0 0 0 0 0 0 0 0 0 0 0 0 0 0 ]
        [0 0 0 0 0 0 0 0 0 0 0 0 0 0 0 0 ]
        [0 0 0 0 0 0 0 0 0 0 0 0 0 0 0 0 ]
        [0 0 0 0 0 0 0 0 0 0 0 0 0 0 0 0 ]
        [0 0 0 0 0 0 0 0 0 0 0 0 0 0 0 0 ]
        [0 0 0 0 0 0 0 0 0 0 0 0 0 0 0 0 ]
        [0 0 0 0 0 0 0 0 0 0 0 0 0 0 0 0 ]
        [0 0 0 0 0 0 0 0 0 0 0 0 0 0 0 0 ]
        [0 0 0 0 0 0 0 0 0 0 0 0 0 0 0 0 ]
        [0 0 0 0 0 0 0 0 0 0 0 0 0 0 0 0 ]
        [0 0 0 0 0 0 0 0 0 0 0 0 0 0 0 0 ]
        [0 0 0 0 0 0 0 0 0 0 0 0 0 0 0 0 ]
        [0 0 0 0 0 0 0 0 0 0 0 0 0 0 0 0 ]
        [0 0 0 0 0 0 0 0 0 0 0 0 0 0 0 0 ]
        [0 0 0 0 0 0 0 0 0 0 0 0 0 0 0 0 ]
        [0 0 0 0 0 0 0 0 0 0 0 0 0 0 0 0 ]
        [0 0 0 0 0 0 0 0 0 0 0 0 0 0 0 0 ]
        [0 0 0 0 0 0 0 0 0 0 0 0 0 0 0 0 ]
        [0 0 0 0 0 0 0 0 0 0 0 0 0 0 0 0 ]
        [0 0 0 0 0 0 0 0 0 0 0 0 0 0 0 0 ]
        [0 0 0 0 0 0 0 0 0 0 0 0 0 0 0 0 ]
        [0 0 0 0 0 0 0 0 0 0 0 0 0 0 0 0 ]
        [0 0 0 0 0 0 0 0 0 0 0 0 0 0 0 0 ]
        [0 0 0 0 0 0 0 0 0 0 0 0 0 0 0 0 ]
        [0 0 0 0 0 0 0 0 0 0 0 0 0 0 0 0 ]
        [0 0 0 0 0 0 0 0 0 0 0 0 0 0 0 0 ]
        [0 0 0 0 0 0 0 0 0 0 0 0 0 0 0 0 ]
        [0 0 0 0 0 0 0 0 0 0 0 0 0 0 0 0 ]
        [0 0 0 0 0 0 0 0 0 0 0 0 0 0 0 0 ]
        [0 0 0 0 0 0 0 0 0 0 0 0 0 0 0 0 ]
        [0 0 0 0 0 0 0 0 0 0 0 0 0 0 0 0 ]
        [0 0 0 0 0 0 0 0 0 0 0 0 0 0 0 0 ]
        [0 0 0 0 0 0 0 0 0 0 0 0 0 0 0 0 ]
        [0 0 0 0 0 0 0 0 0 0 0 0 0 0 0 0 ]
        [0 0 0 0 0 0 0 0 0 0 0 0 0 0 0 0 ]
        [0 0 0 0 0 0 0 0 0 0 0 0 0 0 0 0 ]
        [0 0 0 0 0 0 0 0 0 0 0 0 0 0 0 0 ]
        [0 0 0 0 0 0 0 0 0 0 0 0 0 0 0 0 ]
        [0 0 0 0 0 0 0 0 0 0 0 0 0 0 0 0 ]
        [0 0 0 0 0 0 0 0 0 0 0 0 0 0 0 0 ]
        [0 0 0 0 0 0 0 0 0 0 0 0 0 0 0 0 ]
        [0 0 0 0 0 0 0 0 0 0 0 0 0 0 0 0 ]
        [0 0 0 0 0 0 0 0 0 0 0 0 0 0 0 0 ]
        [0 0 0 0 0 0 0 0 0 0 0 0 0 0 0 0 ]
        [0 0 0 0 0 0 0 0 0 0 0 0 0 0 0 0 ]
        [0 0 0 0 0 0 0 0 0 0 0 0 0 0 0 0 ]
        [0 0 0 0 0 0 0 0 0 0 0 0 0 0 0 0 ]
        [0 0 0 0 0 0 0 0 0 0 0 0 0 0 0 0 ]
        [0 0 0 0 0 0 0 0 0 0 0 0 0 0 0 0 ]
        [0 0 0 0 0 0 0 0 0 0 0 0 0 0 0 0 ]
        [0 0 0 0 0 0 0 0 0 0 0 0 0 0 0 0 ]
        [0 0 0 0 0 0 0 0 0 0 0 0 0 0 0 0 ]
        [0 0 0 0 0 0 0 0 0 0 0 0 0 0 0 0 ]
        [0 0 0 0 0 0 0 0 0 0 0 0 0 0 0 0 ]
        [0 0 0 0 0 0 0 0 0 0 0 0 0 0 0 0 ]
        [0 0 0 0 0 0 0 0 0 0 0 0 0 0 0 0 ]
        [0 0 0 0 0 0 0 0 0 0 0 0 0 0 0 0 ]
        [0 0 0 0 0 0 0 0 0 0 0 0 0 0 0 0 ]
        [0 0 0 0 0 0 0 0 0 0 0 0 0 0 0 0 ]
        [0 0 0 0 0 0 0 0 0 0 0 0 0 0 0 0 ]
        [0 0 0 0 0 0 0 0 0 0 0 0 0 0 0 0 ]
        [0 0 0 0 0 0 0 0 0 0 0 0 0 0 0 0 ]
        [0 0 0 0 0 0 0 0 0 0 0 0 0 0 0 0 ]
        [0 0 0 0 0 0 0 0 0 0 0 0 0 0 0 0 ]
        [0 0 0 0 0 0 0 0 0 0 0 0 0 0 0 0 ]
        [0 0 0 0 0 0 0 0 0 0 0 0 0 0 0 0 ]
        [0 0 0 0 0 0 0 0 0 0 0 0 0 0 0 0 ]
        [0 0 0 0 0 0 0 0 0 0 0 0 0 0 0 0 ]
        [0 0 0 0 0 0 0 0 0 0 0 0 0 0 0 0 ]
        [0 0 0 0 0 0 0 0 0 0 0 0 0 0 0 0 ]
        [0 0 0 0 0 0 0 0 0 0 0 0 0 0 0 0 ]
        [0 0 0 0 0 0 0 0 0 0 0 0 0 0 0 0 ]
        [0 0 0 0 0 0 0 0 0 0 0 0 0 0 0 0 ]
        [0 0 0 0 0 0 0 0 0 0 0 0 0 0 0 0 ]
        [0 0 0 0 0 0 0 0 0 0 0 0 0 0 0 0 ]
        [0 0 0 0 0 0 0 0 0 0 0 0 0 0 0 0 ]
        [0 0 0 0 0 0 0 0 0 0 0 0 0 0 0 0 ]
        [0 0 0 0 0 0 0 0 0 0 0 0 0 0 0 0 ]
        [0 0 0 0 0 0 0 0 0 0 0 0 0 0 0 0 ]
        [0 0 0 0 0 0 0 0 0 0 0 0 0 0 0 0 ]
        [0 0 0 0 0 0 0 0 0 0 0 0 0 0 0 0 ]
        [0 0 0 0 0 0 0 0 0 0 0 0 0 0 0 0 ]
        [0 0 0 0 0 0 0 0 0 0 0 0 0 0 0 0 ]
        [0 0 0 0 0 0 0 0 0 0 0 0 0 0 0 0 ]
        [0 0 0 0 0 0 0 0 0 0 0 0 0 0 0 0 ]
        [0 0 0 0 0 0 0 0 0 0 0 0 0 0 0 0 ]
        [0 0 0 0 0 0 0 0 0 0 0 0 0 0 0 0 ]
        [0 0 0 0 0 0 0 0 0 0 0 0 0 0 0 0 ]
        [0 0 0 0 0 0 0 0 0 0 0 0 0 0 0 0 ]
        [0 0 0 0 0 0 0 0 0 0 0 0 0 0 0 0 ]
        [0 0 0 0 0 0 0 0 0 0 0 0 0 0 0 0 ]
        [0 0 0 0 0 0 0 0 0 0 0 0 0 0 0 0 ]
        [0 0 0 0 0 0 0 0 0 0 0 0 0 0 0 0 ]
        [0 0 0 0 0 0 0 0 0 0 0 0 0 0 0 0 ]
        [0 0 0 0 0 0 0 0 0 0 0 0 0 0 0 0 ]
        [0 0 0 0 0 0 0 0 0 0 0 0 0 0 0 0 ]
        [0 0 0 0 0 0 0 0 0 0 0 0 0 0 0 0 ]
        [0 0 0 0 0 0 0 0 0 0 0 0 0 0 0 0 ]
        [0 0 0 0 0 0 0 0 0 0 0 0 0 0 0 0 ]
        [0 0 0 0 0 0 0 0 0 0 0 0 0 0 0 0 ]
        [0 0 0 0 0 0 0 0 0 0 0 0 0 0 0 0 ]
        [0 0 0 0 0 0 0 0 0 0 0 0 0 0 0 0 ]
        [0 0 0 0 0 0 0 0 0 0 0 0 0 0 0 0 ]
        [0 0 0 0 0 0 0 0 0 0 0 0 0 0 0 0 ]
        [0 0 0 0 0 0 0 0 0 0 0 0 0 0 0 0 ]
        [0 0 0 0 0 0 0 0 0 0 0 0 0 0 0 0 ]
        [0 0 0 0 0 0 0 0 0 0 0 0 0 0 0 0 ]
        [0 0 0 0 0 0 0 0 0 0 0 0 0 0 0 0 ]
        [0 0 0 0 0 0 0 0 0 0 0 0 0 0 0 0 ]
        [0 0 0 0 0 0 0 0 0 0 0 0 0 0 0 0 ]
        [0 0 0 0 0 0 0 0 0 0 0 0 0 0 0 0 ]
        [0 0 0 0 0 0 0 0 0 0 0 0 0 0 0 0 ]
        [0 0 0 0 0 0 0 0 0 0 0 0 0 0 0 0 ]
        [0 0 0 0 0 0 0 0 0 0 0 0 0 0 0 0 ]
        [0 0 0 0 0 0 0 0 0 0 0 0 0 0 0 0 ]
        [0 0 0 0 0 0 0 0 0 0 0 0 0 0 0 0 ]
        [0 0 0 0 0 0 0 0 0 0 0 0 0 0 0 0 ]
        [0 0 0 0 0 0 0 0 0 0 0 0 0 0 0 0 ]
        [0 0 0 0 0 0 0 0 0 0 0 0 0 0 0 0 ]
        [0 0 0 0 0 0 0 0 0 0 0 0 0 0 0 0 ]
        [0 0 0 0 0 0 0 0 0 0 0 0 0 0 0 0 ]
        [0 0 0 0 0 0 0 0 0 0 0 0 0 0 0 0 ]
        [0 0 0 0 0 0 0 0 0 0 0 0 0 0 0 0 ]
        [0 0 0 0 0 0 0 0 0 0 0 0 0 0 0 0 ]
        [0 0 0 0 0 0 0 0 0 0 0 0 0 0 0 0 ]
        [0 0 0 0 0 0 0 0 0 0 0 0 0 0 0 0 ]
        [0 0 0 0 0 0 0 0 0 0 0 0 0 0 0 0 ]
        [0 0 0 0 0 0 0 0 0 0 0 0 0 0 0 0 ]
        [0 0 0 0 0 0 0 0 0 0 0 0 0 0 0 0 ]
        [0 0 0 0 0 0 0 0 0 0 0 0 0 0 0 0 ]
        [0 0 0 0 0 0 0 0 0 0 0 0 0 0 0 0 ]
        [0 0 0 0 0 0 0 0 0 0 0 0 0 0 0 0 ]
        [0 0 0 0 0 0 0 0 0 0 0 0 0 0 0 0 ]
        [0 0 0 0 0 0 0 0 0 0 0 0 0 0 0 0 ]
        [0 0 0 0 0 0 0 0 0 0 0 0 0 0 0 0 ]
        [0 0 0 0 0 0 0 0 0 0 0 0 0 0 0 0 ]
        [0 0 0 0 0 0 0 0 0 0 0 0 0 0 0 0 ]
        [0 0 0 0 0 0 0 0 0 0 0 0 0 0 0 0 ]
        [0 0 0 0 0 0 0 0 0 0 0 0 0 0 0 0 ]
        [0 0 0 0 0 0 0 0 0 0 0 0 0 0 0 0 ]
        [0 0 0 0 0 0 0 0 0 0 0 0 0 0 0 0 ]
        [0 0 0 0 0 0 0 0 0 0 0 0 0 0 0 0 ]
        [0 0 0 0 0 0 0 0 0 0 0 0 0 0 0 0 ]
        [0 0 0 0 0 0 0 0 0 0 0 0 0 0 0 0 ]
        [0 0 0 0 0 0 0 0 0 0 0 0 0 0 0 0 ]
        [0 0 0 0 0 0 0 0 0 0 0 0 0 0 0 0 ]
        [0 0 0 0 0 0 0 0 0 0 0 0 0 0 0 0 ]
        [0 0 0 0 0 0 0 0 0 0 0 0 0 0 0 0 ]
        [0 0 0 0 0 0 0 0 0 0 0 0 0 0 0 0 ]
        [0 0 0 0 0 0 0 0 0 0 0 0 0 0 0 0 ]
        [0 0 0 0 0 0 0 0 0 0 0 0 0 0 0 0 ]
        [0 0 0 0 0 0 0 0 0 0 0 0 0 0 0 0 ]
        [0 0 0 0 0 0 0 0 0 0 0 0 0 0 0 0 ]
        [0 0 0 0 0 0 0 0 0 0 0 0 0 0 0 0 ]
        [0 0 0 0 0 0 0 0 0 0 0 0 0 0 0 0 ]
        [0 0 0 0 0 0 0 0 0 0 0 0 0 0 0 0 ]
        [0 0 0 0 0 0 0 0 0 0 0 0 0 0 0 0 ]
        [0 0 0 0 0 0 0 0 0 0 0 0 0 0 0 0 ]
        [0 0 0 0 0 0 0 0 0 0 0 0 0 0 0 0 ]
        [0 0 0 0 0 0 0 0 0 0 0 0 0 0 0 0 ]
        [0 0 0 0 0 0 0 0 0 0 0 0 0 0 0 0 ]
        [0 0 0 0 0 0 0 0 0 0 0 0 0 0 0 0 ]
        [0 0 0 0 0 0 0 0 0 0 0 0 0 0 0 0 ]
        [0 0 0 0 0 0 0 0 0 0 0 0 0 0 0 0 ]
        [0 0 0 0 0 0 0 0 0 0 0 0 0 0 0 0 ]
        [0 0 0 0 0 0 0 0 0 0 0 0 0 0 0 0 ]
        [0 0 0 0 0 0 0 0 0 0 0 0 0 0 0 0 ]
        [0 0 0 0 0 0 0 0 0 0 0 0 0 0 0 0 ]
        [0 0 0 0 0 0 0 0 0 0 0 0 0 0 0 0 ]
        [0 0 0 0 0 0 0 0 0 0 0 0 0 0 0 0 ]
        [0 0 0 0 0 0 0 0 0 0 0 0 0 0 0 0 ]
        [0 0 0 0 0 0 0 0 0 0 0 0 0 0 0 0 ]
        [0 0 0 0 0 0 0 0 0 0 0 0 0 0 0 0 ]
        [0 0 0 0 0 0 0 0 0 0 0 0 0 0 0 0 ]
        [0 0 0 0 0 0 0 0 0 0 0 0 0 0 0 0 ]
        [0 0 0 0 0 0 0 0 0 0 0 0 0 0 0 0 ]
        [0 0 0 0 0 0 0 0 0 0 0 0 0 0 0 0 ]
        [0 0 0 0 0 0 0 0 0 0 0 0 0 0 0 0 ]
        [0 0 0 0 0 0 0 0 0 0 0 0 0 0 0 0 ]
        [0 0 0 0 0 0 0 0 0 0 0 0 0 0 0 0 ]
        [0 0 0 0 0 0 0 0 0 0 0 0 0 0 0 0 ]
        [0 0 0 0 0 0 0 0 0 0 0 0 0 0 0 0 ]
        [0 0 0 0 0 0 0 0 0 0 0 0 0 0 0 0 ]
        [0 0 0 0 0 0 0 0 0 0 0 0 0 0 0 0 ]
        [0 0 0 0 0 0 0 0 0 0 0 0 0 0 0 0 ]
        [0 0 0 0 0 0 0 0 0 0 0 0 0 0 0 0 ]
        [0 0 0 0 0 0 0 0 0 0 0 0 0 0 0 0 ]
        [0 0 0 0 0 0 0 0 0 0 0 0 0 0 0 0 ]
        [0 0 0 0 0 0 0 0 0 0 0 0 0 0 0 0 ]
        [0 0 0 0 0 0 0 0 0 0 0 0 0 0 0 0 ]
        [0 0 0 0 0 0 0 0 0 0 0 0 0 0 0 0 ]
        [0 0 0 0 0 0 0 0 0 0 0 0 0 0 0 0 ]
        [0 0 0 0 0 0 0 0 0 0 0 0 0 0 0 0 ]
        [0 0 0 0 0 0 0 0 0 0 0 0 0 0 0 0 ]
        [0 0 0 0 0 0 0 0 0 0 0 0 0 0 0 0 ]
        [0 0 0 0 0 0 0 0 0 0 0 0 0 0 0 0 ]
        [0 0 0 0 0 0 0 0 0 0 0 0 0 0 0 0 ]
        [0 0 0 0 0 0 0 0 0 0 0 0 0 0 0 0 ]
        [0 0 0 0 0 0 0 0 0 0 0 0 0 0 0 0 ]
        [0 0 0 0 0 0 0 0 0 0 0 0 0 0 0 0 ]
        [0 0 0 0 0 0 0 0 0 0 0 0 0 0 0 0 ]
        [0 0 0 0 0 0 0 0 0 0 0 0 0 0 0 0 ]
        [0 0 0 0 0 0 0 0 0 0 0 0 0 0 0 0 ]
        [0 0 0 0 0 0 0 0 0 0 0 0 0 0 0 0 ]
        [0 0 0 0 0 0 0 0 0 0 0 0 0 0 0 0 ]
        [0 0 0 0 0 0 0 0 0 0 0 0 0 0 0 0 ]
        [0 0 0 0 0 0 0 0 0 0 0 0 0 0 0 0 ]
        [0 0 0 0 0 0 0 0 0 0 0 0 0 0 0 0 ]
        [0 0 0 0 0 0 0 0 0 0 0 0 0 0 0 0 ]
        [0 0 0 0 0 0 0 0 0 0 0 0 0 0 0 0 ]
        [0 0 0 0 0 0 0 0 0 0 0 0 0 0 0 0 ]
        [0 0 0 0 0 0 0 0 0 0 0 0 0 0 0 0 ]
        [0 0 0 0 0 0 0 0 0 0 0 0 0 0 0 0 ]
        [0 0 0 0 0 0 0 0 0 0 0 0 0 0 0 0 ]
        [0 0 0 0 0 0 0 0 0 0 0 0 0 0 0 0 ]
        [0 0 0 0 0 0 0 0 0 0 0 0 0 0 0 0 ]
        [0 0 0 0 0 0 0 0 0 0 0 0 0 0 0 0 ]
        [0 0 0 0 0 0 0 0 0 0 0 0 0 0 0 0 ]
        [0 0 0 0 0 0 0 0 0 0 0 0 0 0 0 0 ]
        [0 0 0 0 0 0 0 0 0 0 0 0 0 0 0 0 ]
        [0 0 0 0 0 0 0 0 0 0 0 0 0 0 0 0 ]
        [0 0 0 0 0 0 0 0 0 0 0 0 0 0 0 0 ]
        [0 0 0 0 0 0 0 0 0 0 0 0 0 0 0 0 ]
        [0 0 0 0 0 0 0 0 0 0 0 0 0 0 0 0 ]
        [0 0 0 0 0 0 0 0 0 0 0 0 0 0 0 0 ]
        [0 0 0 0 0 0 0 0 0 0 0 0 0 0 0 0 ]
        [0 0 0 0 0 0 0 0 0 0 0 0 0 0 0 0 ]
        [0 0 0 0 0 0 0 0 0 0 0 0 0 0 0 0 ]
        [0 0 0 0 0 0 0 0 0 0 0 0 0 0 0 0 ]
        [0 0 0 0 0 0 0 0 0 0 0 0 0 0 0 0 ]
        [0 0 0 0 0 0 0 0 0 0 0 0 0 0 0 0 ]
        [0 0 0 0 0 0 0 0 0 0 0 0 0 0 0 0 ]
        [0 0 0 0 0 0 0 0 0 0 0 0 0 0 0 0 ]
        [0 0 0 0 0 0 0 0 0 0 0 0 0 0 0 0 ]
        [0 0 0 0 0 0 0 0 0 0 0 0 0 0 0 0 ]
        [0 0 0 0 0 0 0 0 0 0 0 0 0 0 0 0 ]
        [0 0 0 0 0 0 0 0 0 0 0 0 0 0 0 0 ]
        [0 0 0 0 0 0 0 0 0 0 0 0 0 0 0 0 ]
        [0 0 0 0 0 0 0 0 0 0 0 0 0 0 0 0 ]
        [0 0 0 0 0 0 0 0 0 0 0 0 0 0 0 0 ]
        [0 0 0 0 0 0 0 0 0 0 0 0 0 0 0 0 ]
        [0 0 0 0 0 0 0 0 0 0 0 0 0 0 0 0 ]
        [0 0 0 0 0 0 0 0 0 0 0 0 0 0 0 0 ]
        [0 0 0 0 0 0 0 0 0 0 0 0 0 0 0 0 ]
        [0 0 0 0 0 0 0 0 0 0 0 0 0 0 0 0 ]
        [0 0 0 0 0 0 0 0 0 0 0 0 0 0 0 0 ]
        [0 0 0 0 0 0 0 0 0 0 0 0 0 0 0 0 ]
        [0 0 0 0 0 0 0 0 0 0 0 0 0 0 0 0 ]
        [0 0 0 0 0 0 0 0 0 0 0 0 0 0 0 0 ]
        [0 0 0 0 0 0 0 0 0 0 0 0 0 0 0 0 ]
        [0 0 0 0 0 0 0 0 0 0 0 0 0 0 0 0 ]
        [0 0 0 0 0 0 0 0 0 0 0 0 0 0 0 0 ]
        [0 0 0 0 0 0 0 0 0 0 0 0 0 0 0 0 ]
        [0 0 0 0 0 0 0 0 0 0 0 0 0 0 0 0 ]
        [0 0 0 0 0 0 0 0 0 0 0 0 0 0 0 0 ]
        [0 0 0 0 0 0 0 0 0 0 0 0 0 0 0 0 ]
        [0 0 0 0 0 0 0 0 0 0 0 0 0 0 0 0 ]
        [0 0 0 0 0 0 0 0 0 0 0 0 0 0 0 0 ]
        [0 0 0 0 0 0 0 0 0 0 0 0 0 0 0 0 ]
        [0 0 0 0 0 0 0 0 0 0 0 0 0 0 0 0 ]
        [0 0 0 0 0 0 0 0 0 0 0 0 0 0 0 0 ]
        [0 0 0 0 0 0 0 0 0 0 0 0 0 0 0 0 ]
        [0 0 0 0 0 0 0 0 0 0 0 0 0 0 0 0 ]
        [0 0 0 0 0 0 0 0 0 0 0 0 0 0 0 0 ]
        [0 0 0 0 0 0 0 0 0 0 0 0 0 0 0 0 ]
        [0 0 0 0 0 0 0 0 0 0 0 0 0 0 0 0 ]
        [0 0 0 0 0 0 0 0 0 0 0 0 0 0 0 0 ]
        [0 0 0 0 0 0 0 0 0 0 0 0 0 0 0 0 ]
        [0 0 0 0 0 0 0 0 0 0 0 0 0 0 0 0 ]
        [0 0 0 0 0 0 0 0 0 0 0 0 0 0 0 0 ]
        [0 0 0 0 0 0 0 0 0 0 0 0 0 0 0 0 ]
        [0 0 0 0 0 0 0 0 0 0 0 0 0 0 0 0 ]
        [0 0 0 0 0 0 0 0 0 0 0 0 0 0 0 0 ]
        [0 0 0 0 0 0 0 0 0 0 0 0 0 0 0 0 ]
        [0 0 0 0 0 0 0 0 0 0 0 0 0 0 0 0 ]
        [0 0 0 0 0 0 0 0 0 0 0 0 0 0 0 0 ]
        [0 0 0 0 0 0 0 0 0 0 0 0 0 0 0 0 ]
        [0 0 0 0 0 0 0 0 0 0 0 0 0 0 0 0 ]
        [0 0 0 0 0 0 0 0 0 0 0 0 0 0 0 0 ]
        [0 0 0 0 0 0 0 0 0 0 0 0 0 0 0 0 ]
        [0 0 0 0 0 0 0 0 0 0 0 0 0 0 0 0 ]
        [0 0 0 0 0 0 0 0 0 0 0 0 0 0 0 0 ]
        [0 0 0 0 0 0 0 0 0 0 0 0 0 0 0 0 ]
        [0 0 0 0 0 0 0 0 0 0 0 0 0 0 0 0 ]
        [0 0 0 0 0 0 0 0 0 0 0 0 0 0 0 0 ]
        [0 0 0 0 0 0 0 0 0 0 0 0 0 0 0 0 ]
        [0 0 0 0 0 0 0 0 0 0 0 0 0 0 0 0 ]
        [0 0 0 0 0 0 0 0 0 0 0 0 0 0 0 0 ]
        [0 0 0 0 0 0 0 0 0 0 0 0 0 0 0 0 ]
        [0 0 0 0 0 0 0 0 0 0 0 0 0 0 0 0 ]
        [0 0 0 0 0 0 0 0 0 0 0 0 0 0 0 0 ]
        [0 0 0 0 0 0 0 0 0 0 0 0 0 0 0 0 ]
        [0 0 0 0 0 0 0 0 0 0 0 0 0 0 0 0 ]
        [0 0 0 0 0 0 0 0 0 0 0 0 0 0 0 0 ]
        [0 0 0 0 0 0 0 0 0 0 0 0 0 0 0 0 ]
        [0 0 0 0 0 0 0 0 0 0 0 0 0 0 0 0 ]
        [0 0 0 0 0 0 0 0 0 0 0 0 0 0 0 0 ]
        [0 0 0 0 0 0 0 0 0 0 0 0 0 0 0 0 ]
        [0 0 0 0 0 0 0 0 0 0 0 0 0 0 0 0 ]
        [0 0 0 0 0 0 0 0 0 0 0 0 0 0 0 0 ]
        [0 0 0 0 0 0 0 0 0 0 0 0 0 0 0 0 ]
        [0 0 0 0 0 0 0 0 0 0 0 0 0 0 0 0 ]
        [0 0 0 0 0 0 0 0 0 0 0 0 0 0 0 0 ]
        [0 0 0 0 0 0 0 0 0 0 0 0 0 0 0 0 ]
        [0 0 0 0 0 0 0 0 0 0 0 0 0 0 0 0 ]
        [0 0 0 0 0 0 0 0 0 0 0 0 0 0 0 0 ]
        [0 0 0 0 0 0 0 0 0 0 0 0 0 0 0 0 ]
        [0 0 0 0 0 0 0 0 0 0 0 0 0 0 0 0 ]
        [0 0 0 0 0 0 0 0 0 0 0 0 0 0 0 0 ]
        [0 0 0 0 0 0 0 0 0 0 0 0 0 0 0 0 ]
        [0 0 0 0 0 0 0 0 0 0 0 0 0 0 0 0 ]
        [0 0 0 0 0 0 0 0 0 0 0 0 0 0 0 0 ]
        [0 0 0 0 0 0 0 0 0 0 0 0 0 0 0 0 ]
        [0 0 0 0 0 0 0 0 0 0 0 0 0 0 0 0 ]
        [0 0 0 0 0 0 0 0 0 0 0 0 0 0 0 0 ]
        [0 0 0 0 0 0 0 0 0 0 0 0 0 0 0 0 ]
        [0 0 0 0 0 0 0 0 0 0 0 0 0 0 0 0 ]
        [0 0 0 0 0 0 0 0 0 0 0 0 0 0 0 0 ]
        [0 0 0 0 0 0 0 0 0 0 0 0 0 0 0 0 ]
        [0 0 0 0 0 0 0 0 0 0 0 0 0 0 0 0 ]
        [0 0 0 0 0 0 0 0 0 0 0 0 0 0 0 0 ]
        [0 0 0 0 0 0 0 0 0 0 0 0 0 0 0 0 ]
        [0 0 0 0 0 0 0 0 0 0 0 0 0 0 0 0 ]
        [0 0 0 0 0 0 0 0 0 0 0 0 0 0 0 0 ]
        [0 0 0 0 0 0 0 0 0 0 0 0 0 0 0 0 ]
        [0 0 0 0 0 0 0 0 0 0 0 0 0 0 0 0 ]
        [0 0 0 0 0 0 0 0 0 0 0 0 0 0 0 0 ]
        [0 0 0 0 0 0 0 0 0 0 0 0 0 0 0 0 ]
        [0 0 0 0 0 0 0 0 0 0 0 0 0 0 0 0 ]
        [0 0 0 0 0 0 0 0 0 0 0 0 0 0 0 0 ]
        [0 0 0 0 0 0 0 0 0 0 0 0 0 0 0 0 ]
        [0 0 0 0 0 0 0 0 0 0 0 0 0 0 0 0 ]
        [0 0 0 0 0 0 0 0 0 0 0 0 0 0 0 0 ]
        [0 0 0 0 0 0 0 0 0 0 0 0 0 0 0 0 ]
        [0 0 0 0 0 0 0 0 0 0 0 0 0 0 0 0 ]
        [0 0 0 0 0 0 0 0 0 0 0 0 0 0 0 0 ]
        [0 0 0 0 0 0 0 0 0 0 0 0 0 0 0 0 ]
        [0 0 0 0 0 0 0 0 0 0 0 0 0 0 0 0 ]
        [0 0 0 0 0 0 0 0 0 0 0 0 0 0 0 0 ]
        [0 0 0 0 0 0 0 0 0 0 0 0 0 0 0 0 ]
        [0 0 0 0 0 0 0 0 0 0 0 0 0 0 0 0 ]
        [0 0 0 0 0 0 0 0 0 0 0 0 0 0 0 0 ]
        [0 0 0 0 0 0 0 0 0 0 0 0 0 0 0 0 ]
        [0 0 0 0 0 0 0 0 0 0 0 0 0 0 0 0 ]
        [0 0 0 0 0 0 0 0 0 0 0 0 0 0 0 0 ]
        [0 0 0 0 0 0 0 0 0 0 0 0 0 0 0 0 ]
        [0 0 0 0 0 0 0 0 0 0 0 0 0 0 0 0 ]
        [0 0 0 0 0 0 0 0 0 0 0 0 0 0 0 0 ]
        [0 0 0 0 0 0 0 0 0 0 0 0 0 0 0 0 ]
        [0 0 0 0 0 0 0 0 0 0 0 0 0 0 0 0 ]
        [0 0 0 0 0 0 0 0 0 0 0 0 0 0 0 0 ]
        [0 0 0 0 0 0 0 0 0 0 0 0 0 0 0 0 ]
        [0 0 0 0 0 0 0 0 0 0 0 0 0 0 0 0 ]
        [0 0 0 0 0 0 0 0 0 0 0 0 0 0 0 0 ]
        [0 0 0 0 0 0 0 0 0 0 0 0 0 0 0 0 ]
        [0 0 0 0 0 0 0 0 0 0 0 0 0 0 0 0 ]
        [0 0 0 0 0 0 0 0 0 0 0 0 0 0 0 0 ]
        [0 0 0 0 0 0 0 0 0 0 0 0 0 0 0 0 ]
        [0 0 0 0 0 0 0 0 0 0 0 0 0 0 0 0 ]
        [0 0 0 0 0 0 0 0 0 0 0 0 0 0 0 0 ]
        [0 0 0 0 0 0 0 0 0 0 0 0 0 0 0 0 ]
        [0 0 0 0 0 0 0 0 0 0 0 0 0 0 0 0 ]
        [0 0 0 0 0 0 0 0 0 0 0 0 0 0 0 0 ]
        [0 0 0 0 0 0 0 0 0 0 0 0 0 0 0 0 ]
        [0 0 0 0 0 0 0 0 0 0 0 0 0 0 0 0 ]
        [0 0 0 0 0 0 0 0 0 0 0 0 0 0 0 0 ]
        [0 0 0 0 0 0 0 0 0 0 0 0 0 0 0 0 ]
        [0 0 0 0 0 0 0 0 0 0 0 0 0 0 0 0 ]
        [0 0 0 0 0 0 0 0 0 0 0 0 0 0 0 0 ]
        [0 0 0 0 0 0 0 0 0 0 0 0 0 0 0 0 ]
        [0 0 0 0 0 0 0 0 0 0 0 0 0 0 0 0 ]
        [0 0 0 0 0 0 0 0 0 0 0 0 0 0 0 0 ]
        [0 0 0 0 0 0 0 0 0 0 0 0 0 0 0 0 ]
        [0 0 0 0 0 0 0 0 0 0 0 0 0 0 0 0 ]
        [0 0 0 0 0 0 0 0 0 0 0 0 0 0 0 0 ]
        [0 0 0 0 0 0 0 0 0 0 0 0 0 0 0 0 ]
        [0 0 0 0 0 0 0 0 0 0 0 0 0 0 0 0 ]
        [0 0 0 0 0 0 0 0 0 0 0 0 0 0 0 0 ]
        [0 0 0 0 0 0 0 0 0 0 0 0 0 0 0 0 ]
        [0 0 0 0 0 0 0 0 0 0 0 0 0 0 0 0 ]
        [0 0 0 0 0 0 0 0 0 0 0 0 0 0 0 0 ]
        [0 0 0 0 0 0 0 0 0 0 0 0 0 0 0 0 ]
        [0 0 0 0 0 0 0 0 0 0 0 0 0 0 0 0 ]
        [0 0 0 0 0 0 0 0 0 0 0 0 0 0 0 0 ]
        [0 0 0 0 0 0 0 0 0 0 0 0 0 0 0 0 ]
        [0 0 0 0 0 0 0 0 0 0 0 0 0 0 0 0 ]
        [0 0 0 0 0 0 0 0 0 0 0 0 0 0 0 0 ]
        [0 0 0 0 0 0 0 0 0 0 0 0 0 0 0 0 ]
        [0 0 0 0 0 0 0 0 0 0 0 0 0 0 0 0 ]
        [0 0 0 0 0 0 0 0 0 0 0 0 0 0 0 0 ]
        [0 0 0 0 0 0 0 0 0 0 0 0 0 0 0 0 ]
        [0 0 0 0 0 0 0 0 0 0 0 0 0 0 0 0 ]
        [0 0 0 0 0 0 0 0 0 0 0 0 0 0 0 0 ]
        [0 0 0 0 0 0 0 0 0 0 0 0 0 0 0 0 ]
        [0 0 0 0 0 0 0 0 0 0 0 0 0 0 0 0 ]
        [0 0 0 0 0 0 0 0 0 0 0 0 0 0 0 0 ]
        [0 0 0 0 0 0 0 0 0 0 0 0 0 0 0 0 ]
        [0 0 0 0 0 0 0 0 0 0 0 0 0 0 0 0 ]
        [0 0 0 0 0 0 0 0 0 0 0 0 0 0 0 0 ]
        [0 0 0 0 0 0 0 0 0 0 0 0 0 0 0 0 ]
        [0 0 0 0 0 0 0 0 0 0 0 0 0 0 0 0 ]
        [0 0 0 0 0 0 0 0 0 0 0 0 0 0 0 0 ]
        [0 0 0 0 0 0 0 0 0 0 0 0 0 0 0 0 ]
        [0 0 0 0 0 0 0 0 0 0 0 0 0 0 0 0 ]
        [0 0 0 0 0 0 0 0 0 0 0 0 0 0 0 0 ]
        [0 0 0 0 0 0 0 0 0 0 0 0 0 0 0 0 ]
        [0 0 0 0 0 0 0 0 0 0 0 0 0 0 0 0 ]
        [0 0 0 0 0 0 0 0 0 0 0 0 0 0 0 0 ]
        [0 0 0 0 0 0 0 0 0 0 0 0 0 0 0 0 ]
        [0 0 0 0 0 0 0 0 0 0 0 0 0 0 0 0 ]
        [0 0 0 0 0 0 0 0 0 0 0 0 0 0 0 0 ]
        [0 0 0 0 0 0 0 0 0 0 0 0 0 0 0 0 ]
        [0 0 0 0 0 0 0 0 0 0 0 0 0 0 0 0 ]
        [0 0 0 0 0 0 0 0 0 0 0 0 0 0 0 0 ]
        [0 0 0 0 0 0 0 0 0 0 0 0 0 0 0 0 ]
        [0 0 0 0 0 0 0 0 0 0 0 0 0 0 0 0 ]
        [0 0 0 0 0 0 0 0 0 0 0 0 0 0 0 0 ]
        [0 0 0 0 0 0 0 0 0 0 0 0 0 0 0 0 ]
        [0 0 0 0 0 0 0 0 0 0 0 0 0 0 0 0 ]
        [0 0 0 0 0 0 0 0 0 0 0 0 0 0 0 0 ]
        [0 0 0 0 0 0 0 0 0 0 0 0 0 0 0 0 ]
        [0 0 0 0 0 0 0 0 0 0 0 0 0 0 0 0 ]
        [0 0 0 0 0 0 0 0 0 0 0 0 0 0 0 0 ]
        [0 0 0 0 0 0 0 0 0 0 0 0 0 0 0 0 ]
        [0 0 0 0 0 0 0 0 0 0 0 0 0 0 0 0 ]
        [0 0 0 0 0 0 0 0 0 0 0 0 0 0 0 0 ]
        [0 0 0 0 0 0 0 0 0 0 0 0 0 0 0 0 ]
        [0 0 0 0 0 0 0 0 0 0 0 0 0 0 0 0 ]
        [0 0 0 0 0 0 0 0 0 0 0 0 0 0 0 0 ]
        [0 0 0 0 0 0 0 0 0 0 0 0 0 0 0 0 ]
        [0 0 0 0 0 0 0 0 0 0 0 0 0 0 0 0 ]
        [0 0 0 0 0 0 0 0 0 0 0 0 0 0 0 0 ]
        [0 0 0 0 0 0 0 0 0 0 0 0 0 0 0 0 ]
        [0 0 0 0 0 0 0 0 0 0 0 0 0 0 0 0 ]
        [0 0 0 0 0 0 0 0 0 0 0 0 0 0 0 0 ]
        [0 0 0 0 0 0 0 0 0 0 0 0 0 0 0 0 ]
        [0 0 0 0 0 0 0 0 0 0 0 0 0 0 0 0 ]
        [0 0 0 0 0 0 0 0 0 0 0 0 0 0 0 0 ]
        [0 0 0 0 0 0 0 0 0 0 0 0 0 0 0 0 ]
        [0 0 0 0 0 0 0 0 0 0 0 0 0 0 0 0 ]
        [0 0 0 0 0 0 0 0 0 0 0 0 0 0 0 0 ]
        [0 0 0 0 0 0 0 0 0 0 0 0 0 0 0 0 ]
        [0 0 0 0 0 0 0 0 0 0 0 0 0 0 0 0 ]
        [0 0 0 0 0 0 0 0 0 0 0 0 0 0 0 0 ]
        [0 0 0 0 0 0 0 0 0 0 0 0 0 0 0 0 ]
        [0 0 0 0 0 0 0 0 0 0 0 0 0 0 0 0 ]
        [0 0 0 0 0 0 0 0 0 0 0 0 0 0 0 0 ]
        [0 0 0 0 0 0 0 0 0 0 0 0 0 0 0 0 ]
        [0 0 0 0 0 0 0 0 0 0 0 0 0 0 0 0 ]
        [0 0 0 0 0 0 0 0 0 0 0 0 0 0 0 0 ]
        [0 0 0 0 0 0 0 0 0 0 0 0 0 0 0 0 ]
        [0 0 0 0 0 0 0 0 0 0 0 0 0 0 0 0 ]
        [0 0 0 0 0 0 0 0 0 0 0 0 0 0 0 0 ]
        [0 0 0 0 0 0 0 0 0 0 0 0 0 0 0 0 ]
        [0 0 0 0 0 0 0 0 0 0 0 0 0 0 0 0 ]
        [0 0 0 0 0 0 0 0 0 0 0 0 0 0 0 0 ]
        [0 0 0 0 0 0 0 0 0 0 0 0 0 0 0 0 ]
        [0 0 0 0 0 0 0 0 0 0 0 0 0 0 0 0 ]
        [0 0 0 0 0 0 0 0 0 0 0 0 0 0 0 0 ]
        [0 0 0 0 0 0 0 0 0 0 0 0 0 0 0 0 ]
        [0 0 0 0 0 0 0 0 0 0 0 0 0 0 0 0 ]
        [0 0 0 0 0 0 0 0 0 0 0 0 0 0 0 0 ]
        [0 0 0 0 0 0 0 0 0 0 0 0 0 0 0 0 ]
        [0 0 0 0 0 0 0 0 0 0 0 0 0 0 0 0 ]
        [0 0 0 0 0 0 0 0 0 0 0 0 0 0 0 0 ]
        [0 0 0 0 0 0 0 0 0 0 0 0 0 0 0 0 ]
        [0 0 0 0 0 0 0 0 0 0 0 0 0 0 0 0 ]
        [0 0 0 0 0 0 0 0 0 0 0 0 0 0 0 0 ]
        [0 0 0 0 0 0 0 0 0 0 0 0 0 0 0 0 ]
        [0 0 0 0 0 0 0 0 0 0 0 0 0 0 0 0 ]
        [0 0 0 0 0 0 0 0 0 0 0 0 0 0 0 0 ]
        [0 0 0 0 0 0 0 0 0 0 0 0 0 0 0 0 ]
        [0 0 0 0 0 0 0 0 0 0 0 0 0 0 0 0 ]
        [0 0 0 0 0 0 0 0 0 0 0 0 0 0 0 0 ]
        [0 0 0 0 0 0 0 0 0 0 0 0 0 0 0 0 ]
        [0 0 0 0 0 0 0 0 0 0 0 0 0 0 0 0 ]
        [0 0 0 0 0 0 0 0 0 0 0 0 0 0 0 0 ]
        [0 0 0 0 0 0 0 0 0 0 0 0 0 0 0 0 ]
        [0 0 0 0 0 0 0 0 0 0 0 0 0 0 0 0 ]
        [0 0 0 0 0 0 0 0 0 0 0 0 0 0 0 0 ]
        [0 0 0 0 0 0 0 0 0 0 0 0 0 0 0 0 ]
        [0 0 0 0 0 0 0 0 0 0 0 0 0 0 0 0 ]
        [0 0 0 0 0 0 0 0 0 0 0 0 0 0 0 0 ]
        [0 0 0 0 0 0 0 0 0 0 0 0 0 0 0 0 ]
        [0 0 0 0 0 0 0 0 0 0 0 0 0 0 0 0 ]
        [0 0 0 0 0 0 0 0 0 0 0 0 0 0 0 0 ]
        [0 0 0 0 0 0 0 0 0 0 0 0 0 0 0 0 ]
        [0 0 0 0 0 0 0 0 0 0 0 0 0 0 0 0 ]
        [0 0 0 0 0 0 0 0 0 0 0 0 0 0 0 0 ]
        [0 0 0 0 0 0 0 0 0 0 0 0 0 0 0 0 ]
        [0 0 0 0 0 0 0 0 0 0 0 0 0 0 0 0 ]
        [0 0 0 0 0 0 0 0 0 0 0 0 0 0 0 0 ]
        [0 0 0 0 0 0 0 0 0 0 0 0 0 0 0 0 ]
        [0 0 0 0 0 0 0 0 0 0 0 0 0 0 0 0 ]
        [0 0 0 0 0 0 0 0 0 0 0 0 0 0 0 0 ]
        [0 0 0 0 0 0 0 0 0 0 0 0 0 0 0 0 ]
        [0 0 0 0 0 0 0 0 0 0 0 0 0 0 0 0 ]
        [0 0 0 0 0 0 0 0 0 0 0 0 0 0 0 0 ]
        [0 0 0 0 0 0 0 0 0 0 0 0 0 0 0 0 ]
        [0 0 0 0 0 0 0 0 0 0 0 0 0 0 0 0 ]
        [0 0 0 0 0 0 0 0 0 0 0 0 0 0 0 0 ]
        [0 0 0 0 0 0 0 0 0 0 0 0 0 0 0 0 ]
        [0 0 0 0 0 0 0 0 0 0 0 0 0 0 0 0 ]
        [0 0 0 0 0 0 0 0 0 0 0 0 0 0 0 0 ]
        [0 0 0 0 0 0 0 0 0 0 0 0 0 0 0 0 ]
        [0 0 0 0 0 0 0 0 0 0 0 0 0 0 0 0 ]
        [0 0 0 0 0 0 0 0 0 0 0 0 0 0 0 0 ]
        [0 0 0 0 0 0 0 0 0 0 0 0 0 0 0 0 ]
        [0 0 0 0 0 0 0 0 0 0 0 0 0 0 0 0 ]
        [0 0 0 0 0 0 0 0 0 0 0 0 0 0 0 0 ]
        [0 0 0 0 0 0 0 0 0 0 0 0 0 0 0 0 ]
        [0 0 0 0 0 0 0 0 0 0 0 0 0 0 0 0 ]
        [0 0 0 0 0 0 0 0 0 0 0 0 0 0 0 0 ]
        [0 0 0 0 0 0 0 0 0 0 0 0 0 0 0 0 ]
        [0 0 0 0 0 0 0 0 0 0 0 0 0 0 0 0 ]
        [0 0 0 0 0 0 0 0 0 0 0 0 0 0 0 0 ]
        [0 0 0 0 0 0 0 0 0 0 0 0 0 0 0 0 ]
        [0 0 0 0 0 0 0 0 0 0 0 0 0 0 0 0 ]
        [0 0 0 0 0 0 0 0 0 0 0 0 0 0 0 0 ]
        [0 0 0 0 0 0 0 0 0 0 0 0 0 0 0 0 ]
        [0 0 0 0 0 0 0 0 0 0 0 0 0 0 0 0 ]
        [0 0 0 0 0 0 0 0 0 0 0 0 0 0 0 0 ]
        [0 0 0 0 0 0 0 0 0 0 0 0 0 0 0 0 ]
        [0 0 0 0 0 0 0 0 0 0 0 0 0 0 0 0 ]
        [0 0 0 0 0 0 0 0 0 0 0 0 0 0 0 0 ]
        [0 0 0 0 0 0 0 0 0 0 0 0 0 0 0 0 ]
        [0 0 0 0 0 0 0 0 0 0 0 0 0 0 0 0 ]
        [0 0 0 0 0 0 0 0 0 0 0 0 0 0 0 0 ]
        [0 0 0 0 0 0 0 0 0 0 0 0 0 0 0 0 ]
        [0 0 0 0 0 0 0 0 0 0 0 0 0 0 0 0 ]
        [0 0 0 0 0 0 0 0 0 0 0 0 0 0 0 0 ]
        [0 0 0 0 0 0 0 0 0 0 0 0 0 0 0 0 ]
        [0 0 0 0 0 0 0 0 0 0 0 0 0 0 0 0 ]
        [0 0 0 0 0 0 0 0 0 0 0 0 0 0 0 0 ]
        [0 0 0 0 0 0 0 0 0 0 0 0 0 0 0 0 ]
        [0 0 0 0 0 0 0 0 0 0 0 0 0 0 0 0 ]
        [0 0 0 0 0 0 0 0 0 0 0 0 0 0 0 0 ]
        [0 0 0 0 0 0 0 0 0 0 0 0 0 0 0 0 ]
        [0 0 0 0 0 0 0 0 0 0 0 0 0 0 0 0 ]
        [0 0 0 0 0 0 0 0 0 0 0 0 0 0 0 0 ]
        [0 0 0 0 0 0 0 0 0 0 0 0 0 0 0 0 ]
        [0 0 0 0 0 0 0 0 0 0 0 0 0 0 0 0 ]
        [0 0 0 0 0 0 0 0 0 0 0 0 0 0 0 0 ]
        [0 0 0 0 0 0 0 0 0 0 0 0 0 0 0 0 ]
        [0 0 0 0 0 0 0 0 0 0 0 0 0 0 0 0 ]
        [0 0 0 0 0 0 0 0 0 0 0 0 0 0 0 0 ]
        [0 0 0 0 0 0 0 0 0 0 0 0 0 0 0 0 ]
        [0 0 0 0 0 0 0 0 0 0 0 0 0 0 0 0 ]
        [0 0 0 0 0 0 0 0 0 0 0 0 0 0 0 0 ]
        [0 0 0 0 0 0 0 0 0 0 0 0 0 0 0 0 ]
        [0 0 0 0 0 0 0 0 0 0 0 0 0 0 0 0 ]
        [0 0 0 0 0 0 0 0 0 0 0 0 0 0 0 0 ]
        [0 0 0 0 0 0 0 0 0 0 0 0 0 0 0 0 ]
        [0 0 0 0 0 0 0 0 0 0 0 0 0 0 0 0 ]
        [0 0 0 0 0 0 0 0 0 0 0 0 0 0 0 0 ]
        [0 0 0 0 0 0 0 0 0 0 0 0 0 0 0 0 ]
        [0 0 0 0 0 0 0 0 0 0 0 0 0 0 0 0 ]
        [0 0 0 0 0 0 0 0 0 0 0 0 0 0 0 0 ]
        [0 0 0 0 0 0 0 0 0 0 0 0 0 0 0 0 ]
        [0 0 0 0 0 0 0 0 0 0 0 0 0 0 0 0 ]
        [0 0 0 0 0 0 0 0 0 0 0 0 0 0 0 0 ]
        [0 0 0 0 0 0 0 0 0 0 0 0 0 0 0 0 ]
        [0 0 0 0 0 0 0 0 0 0 0 0 0 0 0 0 ]
        [0 0 0 0 0 0 0 0 0 0 0 0 0 0 0 0 ]
        [0 0 0 0 0 0 0 0 0 0 0 0 0 0 0 0 ]
        [0 0 0 0 0 0 0 0 0 0 0 0 0 0 0 0 ]
        [0 0 0 0 0 0 0 0 0 0 0 0 0 0 0 0 ]
        [0 0 0 0 0 0 0 0 0 0 0 0 0 0 0 0 ]
        [0 0 0 0 0 0 0 0 0 0 0 0 0 0 0 0 ]
        [0 0 0 0 0 0 0 0 0 0 0 0 0 0 0 0 ]
        [0 0 0 0 0 0 0 0 0 0 0 0 0 0 0 0 ]
        [0 0 0 0 0 0 0 0 0 0 0 0 0 0 0 0 ]
        [0 0 0 0 0 0 0 0 0 0 0 0 0 0 0 0 ]
        [0 0 0 0 0 0 0 0 0 0 0 0 0 0 0 0 ]
        [0 0 0 0 0 0 0 0 0 0 0 0 0 0 0 0 ]
        [0 0 0 0 0 0 0 0 0 0 0 0 0 0 0 0 ]
        [0 0 0 0 0 0 0 0 0 0 0 0 0 0 0 0 ]
        [0 0 0 0 0 0 0 0 0 0 0 0 0 0 0 0 ]
        [0 0 0 0 0 0 0 0 0 0 0 0 0 0 0 0 ]
        [0 0 0 0 0 0 0 0 0 0 0 0 0 0 0 0 ]
        [0 0 0 0 0 0 0 0 0 0 0 0 0 0 0 0 ]
        [0 0 0 0 0 0 0 0 0 0 0 0 0 0 0 0 ]
        [0 0 0 0 0 0 0 0 0 0 0 0 0 0 0 0 ]
        [0 0 0 0 0 0 0 0 0 0 0 0 0 0 0 0 ]
        [0 0 0 0 0 0 0 0 0 0 0 0 0 0 0 0 ]
        [0 0 0 0 0 0 0 0 0 0 0 0 0 0 0 0 ]
        [0 0 0 0 0 0 0 0 0 0 0 0 0 0 0 0 ]
        [0 0 0 0 0 0 0 0 0 0 0 0 0 0 0 0 ]
        [0 0 0 0 0 0 0 0 0 0 0 0 0 0 0 0 ]
        [0 0 0 0 0 0 0 0 0 0 0 0 0 0 0 0 ]
        [0 0 0 0 0 0 0 0 0 0 0 0 0 0 0 0 ]
        [0 0 0 0 0 0 0 0 0 0 0 0 0 0 0 0 ]
        [0 0 0 0 0 0 0 0 0 0 0 0 0 0 0 0 ]
        [0 0 0 0 0 0 0 0 0 0 0 0 0 0 0 0 ]
        [0 0 0 0 0 0 0 0 0 0 0 0 0 0 0 0 ]
        [0 0 0 0 0 0 0 0 0 0 0 0 0 0 0 0 ]
        [0 0 0 0 0 0 0 0 0 0 0 0 0 0 0 0 ]
        [0 0 0 0 0 0 0 0 0 0 0 0 0 0 0 0 ]
        [0 0 0 0 0 0 0 0 0 0 0 0 0 0 0 0 ]
        [0 0 0 0 0 0 0 0 0 0 0 0 0 0 0 0 ]
        [0 0 0 0 0 0 0 0 0 0 0 0 0 0 0 0 ]
        [0 0 0 0 0 0 0 0 0 0 0 0 0 0 0 0 ]
        [0 0 0 0 0 0 0 0 0 0 0 0 0 0 0 0 ]
        [0 0 0 0 0 0 0 0 0 0 0 0 0 0 0 0 ]
        [0 0 0 0 0 0 0 0 0 0 0 0 0 0 0 0 ]
        [0 0 0 0 0 0 0 0 0 0 0 0 0 0 0 0 ]
        [0 0 0 0 0 0 0 0 0 0 0 0 0 0 0 0 ]
        [0 0 0 0 0 0 0 0 0 0 0 0 0 0 0 0 ]
        [0 0 0 0 0 0 0 0 0 0 0 0 0 0 0 0 ]
        [0 0 0 0 0 0 0 0 0 0 0 0 0 0 0 0 ]
        [0 0 0 0 0 0 0 0 0 0 0 0 0 0 0 0 ]
        [0 0 0 0 0 0 0 0 0 0 0 0 0 0 0 0 ]
        [0 0 0 0 0 0 0 0 0 0 0 0 0 0 0 0 ]
        [0 0 0 0 0 0 0 0 0 0 0 0 0 0 0 0 ]
        [0 0 0 0 0 0 0 0 0 0 0 0 0 0 0 0 ]
        [0 0 0 0 0 0 0 0 0 0 0 0 0 0 0 0 ]
        [0 0 0 0 0 0 0 0 0 0 0 0 0 0 0 0 ]
        [0 0 0 0 0 0 0 0 0 0 0 0 0 0 0 0 ]
        [0 0 0 0 0 0 0 0 0 0 0 0 0 0 0 0 ]
        [0 0 0 0 0 0 0 0 0 0 0 0 0 0 0 0 ]
        [0 0 0 0 0 0 0 0 0 0 0 0 0 0 0 0 ]
        [0 0 0 0 0 0 0 0 0 0 0 0 0 0 0 0 ]
        [0 0 0 0 0 0 0 0 0 0 0 0 0 0 0 0 ]
        [0 0 0 0 0 0 0 0 0 0 0 0 0 0 0 0 ]
        [0 0 0 0 0 0 0 0 0 0 0 0 0 0 0 0 ]
        [0 0 0 0 0 0 0 0 0 0 0 0 0 0 0 0 ]
        [0 0 0 0 0 0 0 0 0 0 0 0 0 0 0 0 ]
        [0 0 0 0 0 0 0 0 0 0 0 0 0 0 0 0 ]
        [0 0 0 0 0 0 0 0 0 0 0 0 0 0 0 0 ]
        [0 0 0 0 0 0 0 0 0 0 0 0 0 0 0 0 ]
        [0 0 0 0 0 0 0 0 0 0 0 0 0 0 0 0 ]
        [0 0 0 0 0 0 0 0 0 0 0 0 0 0 0 0 ]
        [0 0 0 0 0 0 0 0 0 0 0 0 0 0 0 0 ]
        [0 0 0 0 0 0 0 0 0 0 0 0 0 0 0 0 ]
        [0 0 0 0 0 0 0 0 0 0 0 0 0 0 0 0 ]
        [0 0 0 0 0 0 0 0 0 0 0 0 0 0 0 0 ]
        [0 0 0 0 0 0 0 0 0 0 0 0 0 0 0 0 ]
        [0 0 0 0 0 0 0 0 0 0 0 0 0 0 0 0 ]
        [0 0 0 0 0 0 0 0 0 0 0 0 0 0 0 0 ]
        [0 0 0 0 0 0 0 0 0 0 0 0 0 0 0 0 ]
        [0 0 0 0 0 0 0 0 0 0 0 0 0 0 0 0 ]
        [0 0 0 0 0 0 0 0 0 0 0 0 0 0 0 0 ]
        [0 0 0 0 0 0 0 0 0 0 0 0 0 0 0 0 ]
        [0 0 0 0 0 0 0 0 0 0 0 0 0 0 0 0 ]
        [0 0 0 0 0 0 0 0 0 0 0 0 0 0 0 0 ]
        [0 0 0 0 0 0 0 0 0 0 0 0 0 0 0 0 ]
        [0 0 0 0 0 0 0 0 0 0 0 0 0 0 0 0 ]
        [0 0 0 0 0 0 0 0 0 0 0 0 0 0 0 0 ]
        [0 0 0 0 0 0 0 0 0 0 0 0 0 0 0 0 ]
        [0 0 0 0 0 0 0 0 0 0 0 0 0 0 0 0 ]
        [0 0 0 0 0 0 0 0 0 0 0 0 0 0 0 0 ]
        [0 0 0 0 0 0 0 0 0 0 0 0 0 0 0 0 ]
        [0 0 0 0 0 0 0 0 0 0 0 0 0 0 0 0 ]
        [0 0 0 0 0 0 0 0 0 0 0 0 0 0 0 0 ]
        [0 0 0 0 0 0 0 0 0 0 0 0 0 0 0 0 ]
        [0 0 0 0 0 0 0 0 0 0 0 0 0 0 0 0 ]
        [0 0 0 0 0 0 0 0 0 0 0 0 0 0 0 0 ]
        [0 0 0 0 0 0 0 0 0 0 0 0 0 0 0 0 ]
        [0 0 0 0 0 0 0 0 0 0 0 0 0 0 0 0 ]
        [0 0 0 0 0 0 0 0 0 0 0 0 0 0 0 0 ]
        [0 0 0 0 0 0 0 0 0 0 0 0 0 0 0 0 ]
        [0 0 0 0 0 0 0 0 0 0 0 0 0 0 0 0 ]
        [0 0 0 0 0 0 0 0 0 0 0 0 0 0 0 0 ]
        [0 0 0 0 0 0 0 0 0 0 0 0 0 0 0 0 ]
        [0 0 0 0 0 0 0 0 0 0 0 0 0 0 0 0 ]
        [0 0 0 0 0 0 0 0 0 0 0 0 0 0 0 0 ]
        [0 0 0 0 0 0 0 0 0 0 0 0 0 0 0 0 ]
        [0 0 0 0 0 0 0 0 0 0 0 0 0 0 0 0 ]
        [0 0 0 0 0 0 0 0 0 0 0 0 0 0 0 0 ]
        [0 0 0 0 0 0 0 0 0 0 0 0 0 0 0 0 ]
        [0 0 0 0 0 0 0 0 0 0 0 0 0 0 0 0 ]
        [0 0 0 0 0 0 0 0 0 0 0 0 0 0 0 0 ]
        [0 0 0 0 0 0 0 0 0 0 0 0 0 0 0 0 ]
        [0 0 0 0 0 0 0 0 0 0 0 0 0 0 0 0 ]
        [0 0 0 0 0 0 0 0 0 0 0 0 0 0 0 0 ]
        [0 0 0 0 0 0 0 0 0 0 0 0 0 0 0 0 ]
        [0 0 0 0 0 0 0 0 0 0 0 0 0 0 0 0 ]
        [0 0 0 0 0 0 0 0 0 0 0 0 0 0 0 0 ]
        [0 0 0 0 0 0 0 0 0 0 0 0 0 0 0 0 ]
        [0 0 0 0 0 0 0 0 0 0 0 0 0 0 0 0 ]
        [0 0 0 0 0 0 0 0 0 0 0 0 0 0 0 0 ]
        [0 0 0 0 0 0 0 0 0 0 0 0 0 0 0 0 ]
        [0 0 0 0 0 0 0 0 0 0 0 0 0 0 0 0 ]
        [0 0 0 0 0 0 0 0 0 0 0 0 0 0 0 0 ]
        [0 0 0 0 0 0 0 0 0 0 0 0 0 0 0 0 ]
        [0 0 0 0 0 0 0 0 0 0 0 0 0 0 0 0 ]
        [0 0 0 0 0 0 0 0 0 0 0 0 0 0 0 0 ]
        [0 0 0 0 0 0 0 0 0 0 0 0 0 0 0 0 ]
        [0 0 0 0 0 0 0 0 0 0 0 0 0 0 0 0 ]
        [0 0 0 0 0 0 0 0 0 0 0 0 0 0 0 0 ]
        [0 0 0 0 0 0 0 0 0 0 0 0 0 0 0 0 ]
        [0 0 0 0 0 0 0 0 0 0 0 0 0 0 0 0 ]
        [0 0 0 0 0 0 0 0 0 0 0 0 0 0 0 0 ]
        [0 0 0 0 0 0 0 0 0 0 0 0 0 0 0 0 ]
        [0 0 0 0 0 0 0 0 0 0 0 0 0 0 0 0 ]
        [0 0 0 0 0 0 0 0 0 0 0 0 0 0 0 0 ]
        [0 0 0 0 0 0 0 0 0 0 0 0 0 0 0 0 ]
        [0 0 0 0 0 0 0 0 0 0 0 0 0 0 0 0 ]
        [0 0 0 0 0 0 0 0 0 0 0 0 0 0 0 0 ]
        [0 0 0 0 0 0 0 0 0 0 0 0 0 0 0 0 ]
        [0 0 0 0 0 0 0 0 0 0 0 0 0 0 0 0 ]
        [0 0 0 0 0 0 0 0 0 0 0 0 0 0 0 0 ]
        [0 0 0 0 0 0 0 0 0 0 0 0 0 0 0 0 ]
        [0 0 0 0 0 0 0 0 0 0 0 0 0 0 0 0 ]
        [0 0 0 0 0 0 0 0 0 0 0 0 0 0 0 0 ]
        [0 0 0 0 0 0 0 0 0 0 0 0 0 0 0 0 ]
        [0 0 0 0 0 0 0 0 0 0 0 0 0 0 0 0 ]
        [0 0 0 0 0 0 0 0 0 0 0 0 0 0 0 0 ]
        [0 0 0 0 0 0 0 0 0 0 0 0 0 0 0 0 ]
        [0 0 0 0 0 0 0 0 0 0 0 0 0 0 0 0 ]
        [0 0 0 0 0 0 0 0 0 0 0 0 0 0 0 0 ]
        [0 0 0 0 0 0 0 0 0 0 0 0 0 0 0 0 ]
        [0 0 0 0 0 0 0 0 0 0 0 0 0 0 0 0 ]
        [0 0 0 0 0 0 0 0 0 0 0 0 0 0 0 0 ]
        [0 0 0 0 0 0 0 0 0 0 0 0 0 0 0 0 ]
        [0 0 0 0 0 0 0 0 0 0 0 0 0 0 0 0 ]
        [0 0 0 0 0 0 0 0 0 0 0 0 0 0 0 0 ]
        [0 0 0 0 0 0 0 0 0 0 0 0 0 0 0 0 ]
        [0 0 0 0 0 0 0 0 0 0 0 0 0 0 0 0 ]
        [0 0 0 0 0 0 0 0 0 0 0 0 0 0 0 0 ]
        [0 0 0 0 0 0 0 0 0 0 0 0 0 0 0 0 ]
        [0 0 0 0 0 0 0 0 0 0 0 0 0 0 0 0 ]
        [0 0 0 0 0 0 0 0 0 0 0 0 0 0 0 0 ]
        [0 0 0 0 0 0 0 0 0 0 0 0 0 0 0 0 ]
        [0 0 0 0 0 0 0 0 0 0 0 0 0 0 0 0 ]
        [0 0 0 0 0 0 0 0 0 0 0 0 0 0 0 0 ]
        [0 0 0 0 0 0 0 0 0 0 0 0 0 0 0 0 ]
        [0 0 0 0 0 0 0 0 0 0 0 0 0 0 0 0 ]
        [0 0 0 0 0 0 0 0 0 0 0 0 0 0 0 0 ]
        [0 0 0 0 0 0 0 0 0 0 0 0 0 0 0 0 ]
        [0 0 0 0 0 0 0 0 0 0 0 0 0 0 0 0 ]
        [0 0 0 0 0 0 0 0 0 0 0 0 0 0 0 0 ]
        [0 0 0 0 0 0 0 0 0 0 0 0 0 0 0 0 ]
        [0 0 0 0 0 0 0 0 0 0 0 0 0 0 0 0 ]
        [0 0 0 0 0 0 0 0 0 0 0 0 0 0 0 0 ]
        [0 0 0 0 0 0 0 0 0 0 0 0 0 0 0 0 ]
        [0 0 0 0 0 0 0 0 0 0 0 0 0 0 0 0 ]
        [0 0 0 0 0 0 0 0 0 0 0 0 0 0 0 0 ]
        [0 0 0 0 0 0 0 0 0 0 0 0 0 0 0 0 ]
        [0 0 0 0 0 0 0 0 0 0 0 0 0 0 0 0 ]
        [0 0 0 0 0 0 0 0 0 0 0 0 0 0 0 0 ]
        [0 0 0 0 0 0 0 0 0 0 0 0 0 0 0 0 ]
        [0 0 0 0 0 0 0 0 0 0 0 0 0 0 0 0 ]
        [0 0 0 0 0 0 0 0 0 0 0 0 0 0 0 0 ]
        [0 0 0 0 0 0 0 0 0 0 0 0 0 0 0 0 ]
        [0 0 0 0 0 0 0 0 0 0 0 0 0 0 0 0 ]
        [0 0 0 0 0 0 0 0 0 0 0 0 0 0 0 0 ]
        [0 0 0 0 0 0 0 0 0 0 0 0 0 0 0 0 ]
        [0 0 0 0 0 0 0 0 0 0 0 0 0 0 0 0 ]
        [0 0 0 0 0 0 0 0 0 0 0 0 0 0 0 0 ]
        [0 0 0 0 0 0 0 0 0 0 0 0 0 0 0 0 ]
        [0 0 0 0 0 0 0 0 0 0 0 0 0 0 0 0 ]
        [0 0 0 0 0 0 0 0 0 0 0 0 0 0 0 0 ]
        [0 0 0 0 0 0 0 0 0 0 0 0 0 0 0 0 ]
        [0 0 0 0 0 0 0 0 0 0 0 0 0 0 0 0 ]
        [0 0 0 0 0 0 0 0 0 0 0 0 0 0 0 0 ]
        [0 0 0 0 0 0 0 0 0 0 0 0 0 0 0 0 ]
        [0 0 0 0 0 0 0 0 0 0 0 0 0 0 0 0 ]
        [0 0 0 0 0 0 0 0 0 0 0 0 0 0 0 0 ]
        [0 0 0 0 0 0 0 0 0 0 0 0 0 0 0 0 ]
        [0 0 0 0 0 0 0 0 0 0 0 0 0 0 0 0 ]
        [0 0 0 0 0 0 0 0 0 0 0 0 0 0 0 0 ]
        [0 0 0 0 0 0 0 0 0 0 0 0 0 0 0 0 ]
        [0 0 0 0 0 0 0 0 0 0 0 0 0 0 0 0 ]
        [0 0 0 0 0 0 0 0 0 0 0 0 0 0 0 0 ]
        [0 0 0 0 0 0 0 0 0 0 0 0 0 0 0 0 ]
        [0 0 0 0 0 0 0 0 0 0 0 0 0 0 0 0 ]
        [0 0 0 0 0 0 0 0 0 0 0 0 0 0 0 0 ]
        [0 0 0 0 0 0 0 0 0 0 0 0 0 0 0 0 ]
        [0 0 0 0 0 0 0 0 0 0 0 0 0 0 0 0 ]
        [0 0 0 0 0 0 0 0 0 0 0 0 0 0 0 0 ]
        [0 0 0 0 0 0 0 0 0 0 0 0 0 0 0 0 ]
        [0 0 0 0 0 0 0 0 0 0 0 0 0 0 0 0 ]
        [0 0 0 0 0 0 0 0 0 0 0 0 0 0 0 0 ]
        [0 0 0 0 0 0 0 0 0 0 0 0 0 0 0 0 ]
        [0 0 0 0 0 0 0 0 0 0 0 0 0 0 0 0 ]
        [0 0 0 0 0 0 0 0 0 0 0 0 0 0 0 0 ]
        [0 0 0 0 0 0 0 0 0 0 0 0 0 0 0 0 ]
        [0 0 0 0 0 0 0 0 0 0 0 0 0 0 0 0 ]
        [0 0 0 0 0 0 0 0 0 0 0 0 0 0 0 0 ]
        [0 0 0 0 0 0 0 0 0 0 0 0 0 0 0 0 ]
        [0 0 0 0 0 0 0 0 0 0 0 0 0 0 0 0 ]
        [0 0 0 0 0 0 0 0 0 0 0 0 0 0 0 0 ]
        [0 0 0 0 0 0 0 0 0 0 0 0 0 0 0 0 ]
        [0 0 0 0 0 0 0 0 0 0 0 0 0 0 0 0 ]
        [0 0 0 0 0 0 0 0 0 0 0 0 0 0 0 0 ]
        [0 0 0 0 0 0 0 0 0 0 0 0 0 0 0 0 ]
        [0 0 0 0 0 0 0 0 0 0 0 0 0 0 0 0 ]
        [0 0 0 0 0 0 0 0 0 0 0 0 0 0 0 0 ]
        [0 0 0 0 0 0 0 0 0 0 0 0 0 0 0 0 ]
        [0 0 0 0 0 0 0 0 0 0 0 0 0 0 0 0 ]
        [0 0 0 0 0 0 0 0 0 0 0 0 0 0 0 0 ]
        [0 0 0 0 0 0 0 0 0 0 0 0 0 0 0 0 ]
        [0 0 0 0 0 0 0 0 0 0 0 0 0 0 0 0 ]
        [0 0 0 0 0 0 0 0 0 0 0 0 0 0 0 0 ]
        [0 0 0 0 0 0 0 0 0 0 0 0 0 0 0 0 ]
        [0 0 0 0 0 0 0 0 0 0 0 0 0 0 0 0 ]
        [0 0 0 0 0 0 0 0 0 0 0 0 0 0 0 0 ]
        [0 0 0 0 0 0 0 0 0 0 0 0 0 0 0 0 ]
        [0 0 0 0 0 0 0 0 0 0 0 0 0 0 0 0 ]
        [0 0 0 0 0 0 0 0 0 0 0 0 0 0 0 0 ]
        [0 0 0 0 0 0 0 0 0 0 0 0 0 0 0 0 ]
        [0 0 0 0 0 0 0 0 0 0 0 0 0 0 0 0 ]
        [0 0 0 0 0 0 0 0 0 0 0 0 0 0 0 0 ]
        [0 0 0 0 0 0 0 0 0 0 0 0 0 0 0 0 ]
        [0 0 0 0 0 0 0 0 0 0 0 0 0 0 0 0 ]
        [0 0 0 0 0 0 0 0 0 0 0 0 0 0 0 0 ]
        [0 0 0 0 0 0 0 0 0 0 0 0 0 0 0 0 ]
        [0 0 0 0 0 0 0 0 0 0 0 0 0 0 0 0 ]
        [0 0 0 0 0 0 0 0 0 0 0 0 0 0 0 0 ]
        [0 0 0 0 0 0 0 0 0 0 0 0 0 0 0 0 ]
        [0 0 0 0 0 0 0 0 0 0 0 0 0 0 0 0 ]
        [0 0 0 0 0 0 0 0 0 0 0 0 0 0 0 0 ]
        [0 0 0 0 0 0 0 0 0 0 0 0 0 0 0 0 ]
        [0 0 0 0 0 0 0 0 0 0 0 0 0 0 0 0 ]
        [0 0 0 0 0 0 0 0 0 0 0 0 0 0 0 0 ]
        [0 0 0 0 0 0 0 0 0 0 0 0 0 0 0 0 ]
        [0 0 0 0 0 0 0 0 0 0 0 0 0 0 0 0 ]
        [0 0 0 0 0 0 0 0 0 0 0 0 0 0 0 0 ]
        [0 0 0 0 0 0 0 0 0 0 0 0 0 0 0 0 ]
        [0 0 0 0 0 0 0 0 0 0 0 0 0 0 0 0 ]
        [0 0 0 0 0 0 0 0 0 0 0 0 0 0 0 0 ]
        [0 0 0 0 0 0 0 0 0 0 0 0 0 0 0 0 ]
        [0 0 0 0 0 0 0 0 0 0 0 0 0 0 0 0 ]
        [0 0 0 0 0 0 0 0 0 0 0 0 0 0 0 0 ]
        [0 0 0 0 0 0 0 0 0 0 0 0 0 0 0 0 ]
        [0 0 0 0 0 0 0 0 0 0 0 0 0 0 0 0 ]
        [0 0 0 0 0 0 0 0 0 0 0 0 0 0 0 0 ]
        [0 0 0 0 0 0 0 0 0 0 0 0 0 0 0 0 ]
        [0 0 0 0 0 0 0 0 0 0 0 0 0 0 0 0 ]
        [0 0 0 0 0 0 0 0 0 0 0 0 0 0 0 0 ]
        [0 0 0 0 0 0 0 0 0 0 0 0 0 0 0 0 ]
        [0 0 0 0 0 0 0 0 0 0 0 0 0 0 0 0 ]
        [0 0 0 0 0 0 0 0 0 0 0 0 0 0 0 0 ]
        [0 0 0 0 0 0 0 0 0 0 0 0 0 0 0 0 ]
        [0 0 0 0 0 0 0 0 0 0 0 0 0 0 0 0 ]
        [0 0 0 0 0 0 0 0 0 0 0 0 0 0 0 0 ]
        [0 0 0 0 0 0 0 0 0 0 0 0 0 0 0 0 ]
        [0 0 0 0 0 0 0 0 0 0 0 0 0 0 0 0 ]
        [0 0 0 0 0 0 0 0 0 0 0 0 0 0 0 0 ]
        [0 0 0 0 0 0 0 0 0 0 0 0 0 0 0 0 ]
        [0 0 0 0 0 0 0 0 0 0 0 0 0 0 0 0 ]
        [0 0 0 0 0 0 0 0 0 0 0 0 0 0 0 0 ]
        [0 0 0 0 0 0 0 0 0 0 0 0 0 0 0 0 ]
        [0 0 0 0 0 0 0 0 0 0 0 0 0 0 0 0 ]
        [0 0 0 0 0 0 0 0 0 0 0 0 0 0 0 0 ]
        [0 0 0 0 0 0 0 0 0 0 0 0 0 0 0 0 ]
        [0 0 0 0 0 0 0 0 0 0 0 0 0 0 0 0 ]
        [0 0 0 0 0 0 0 0 0 0 0 0 0 0 0 0 ]
        [0 0 0 0 0 0 0 0 0 0 0 0 0 0 0 0 ]
        [0 0 0 0 0 0 0 0 0 0 0 0 0 0 0 0 ]
        [0 0 0 0 0 0 0 0 0 0 0 0 0 0 0 0 ]
        [0 0 0 0 0 0 0 0 0 0 0 0 0 0 0 0 ]
        [0 0 0 0 0 0 0 0 0 0 0 0 0 0 0 0 ]
        [0 0 0 0 0 0 0 0 0 0 0 0 0 0 0 0 ]
        [0 0 0 0 0 0 0 0 0 0 0 0 0 0 0 0 ]
        [0 0 0 0 0 0 0 0 0 0 0 0 0 0 0 0 ]
        [0 0 0 0 0 0 0 0 0 0 0 0 0 0 0 0 ]
        [0 0 0 0 0 0 0 0 0 0 0 0 0 0 0 0 ]
        [0 0 0 0 0 0 0 0 0 0 0 0 0 0 0 0 ]
        [0 0 0 0 0 0 0 0 0 0 0 0 0 0 0 0 ]
        [0 0 0 0 0 0 0 0 0 0 0 0 0 0 0 0 ]
        [0 0 0 0 0 0 0 0 0 0 0 0 0 0 0 0 ]
        [0 0 0 0 0 0 0 0 0 0 0 0 0 0 0 0 ]
        [0 0 0 0 0 0 0 0 0 0 0 0 0 0 0 0 ]
        [0 0 0 0 0 0 0 0 0 0 0 0 0 0 0 0 ]
        [0 0 0 0 0 0 0 0 0 0 0 0 0 0 0 0 ]
        [0 0 0 0 0 0 0 0 0 0 0 0 0 0 0 0 ]
        [0 0 0 0 0 0 0 0 0 0 0 0 0 0 0 0 ]
        [0 0 0 0 0 0 0 0 0 0 0 0 0 0 0 0 ]
        [0 0 0 0 0 0 0 0 0 0 0 0 0 0 0 0 ]
        [0 0 0 0 0 0 0 0 0 0 0 0 0 0 0 0 ]
        [0 0 0 0 0 0 0 0 0 0 0 0 0 0 0 0 ]
        [0 0 0 0 0 0 0 0 0 0 0 0 0 0 0 0 ]
        [0 0 0 0 0 0 0 0 0 0 0 0 0 0 0 0 ]
        [0 0 0 0 0 0 0 0 0 0 0 0 0 0 0 0 ]
        [0 0 0 0 0 0 0 0 0 0 0 0 0 0 0 0 ]
        [0 0 0 0 0 0 0 0 0 0 0 0 0 0 0 0 ]
        [0 0 0 0 0 0 0 0 0 0 0 0 0 0 0 0 ]
        [0 0 0 0 0 0 0 0 0 0 0 0 0 0 0 0 ]
        [0 0 0 0 0 0 0 0 0 0 0 0 0 0 0 0 ]
        [0 0 0 0 0 0 0 0 0 0 0 0 0 0 0 0 ]
        [0 0 0 0 0 0 0 0 0 0 0 0 0 0 0 0 ]
        [0 0 0 0 0 0 0 0 0 0 0 0 0 0 0 0 ]
        [0 0 0 0 0 0 0 0 0 0 0 0 0 0 0 0 ]
        [0 0 0 0 0 0 0 0 0 0 0 0 0 0 0 0 ]
        [0 0 0 0 0 0 0 0 0 0 0 0 0 0 0 0 ]
        [0 0 0 0 0 0 0 0 0 0 0 0 0 0 0 0 ]
        [0 0 0 0 0 0 0 0 0 0 0 0 0 0 0 0 ]
        [0 0 0 0 0 0 0 0 0 0 0 0 0 0 0 0 ]
        [0 0 0 0 0 0 0 0 0 0 0 0 0 0 0 0 ]
        [0 0 0 0 0 0 0 0 0 0 0 0 0 0 0 0 ]
        [0 0 0 0 0 0 0 0 0 0 0 0 0 0 0 0 ]
        [0 0 0 0 0 0 0 0 0 0 0 0 0 0 0 0 ]
        [0 0 0 0 0 0 0 0 0 0 0 0 0 0 0 0 ]
        [0 0 0 0 0 0 0 0 0 0 0 0 0 0 0 0 ]
        [0 0 0 0 0 0 0 0 0 0 0 0 0 0 0 0 ]
        [0 0 0 0 0 0 0 0 0 0 0 0 0 0 0 0 ]
        [0 0 0 0 0 0 0 0 0 0 0 0 0 0 0 0 ]
        [0 0 0 0 0 0 0 0 0 0 0 0 0 0 0 0 ]
        [0 0 0 0 0 0 0 0 0 0 0 0 0 0 0 0 ]
        [0 0 0 0 0 0 0 0 0 0 0 0 0 0 0 0 ]
        [0 0 0 0 0 0 0 0 0 0 0 0 0 0 0 0 ]
        [0 0 0 0 0 0 0 0 0 0 0 0 0 0 0 0 ]
        [0 0 0 0 0 0 0 0 0 0 0 0 0 0 0 0 ]
        [0 0 0 0 0 0 0 0 0 0 0 0 0 0 0 0 ]
        [0 0 0 0 0 0 0 0 0 0 0 0 0 0 0 0 ]
        [0 0 0 0 0 0 0 0 0 0 0 0 0 0 0 0 ]
        [0 0 0 0 0 0 0 0 0 0 0 0 0 0 0 0 ]
        [0 0 0 0 0 0 0 0 0 0 0 0 0 0 0 0 ]
        [0 0 0 0 0 0 0 0 0 0 0 0 0 0 0 0 ]
        [0 0 0 0 0 0 0 0 0 0 0 0 0 0 0 0 ]
        [0 0 0 0 0 0 0 0 0 0 0 0 0 0 0 0 ]
        [0 0 0 0 0 0 0 0 0 0 0 0 0 0 0 0 ]
        [0 0 0 0 0 0 0 0 0 0 0 0 0 0 0 0 ]
        [0 0 0 0 0 0 0 0 0 0 0 0 0 0 0 0 ]
        [0 0 0 0 0 0 0 0 0 0 0 0 0 0 0 0 ]
        [0 0 0 0 0 0 0 0 0 0 0 0 0 0 0 0 ]
        [0 0 0 0 0 0 0 0 0 0 0 0 0 0 0 0 ]
        [0 0 0 0 0 0 0 0 0 0 0 0 0 0 0 0 ]
        [0 0 0 0 0 0 0 0 0 0 0 0 0 0 0 0 ]
        [0 0 0 0 0 0 0 0 0 0 0 0 0 0 0 0 ]
        [0 0 0 0 0 0 0 0 0 0 0 0 0 0 0 0 ]
        [0 0 0 0 0 0 0 0 0 0 0 0 0 0 0 0 ]
        [0 0 0 0 0 0 0 0 0 0 0 0 0 0 0 0 ]
        [0 0 0 0 0 0 0 0 0 0 0 0 0 0 0 0 ]
        [0 0 0 0 0 0 0 0 0 0 0 0 0 0 0 0 ]
        [0 0 0 0 0 0 0 0 0 0 0 0 0 0 0 0 ]
        [0 0 0 0 0 0 0 0 0 0 0 0 0 0 0 0 ]
        [0 0 0 0 0 0 0 0 0 0 0 0 0 0 0 0 ]
        [0 0 0 0 0 0 0 0 0 0 0 0 0 0 0 0 ]
        [0 0 0 0 0 0 0 0 0 0 0 0 0 0 0 0 ]
        [0 0 0 0 0 0 0 0 0 0 0 0 0 0 0 0 ]
        [0 0 0 0 0 0 0 0 0 0 0 0 0 0 0 0 ]
        [0 0 0 0 0 0 0 0 0 0 0 0 0 0 0 0 ]
        [0 0 0 0 0 0 0 0 0 0 0 0 0 0 0 0 ]
        [0 0 0 0 0 0 0 0 0 0 0 0 0 0 0 0 ]
        [0 0 0 0 0 0 0 0 0 0 0 0 0 0 0 0 ]
        [0 0 0 0 0 0 0 0 0 0 0 0 0 0 0 0 ]
        [0 0 0 0 0 0 0 0 0 0 0 0 0 0 0 0 ]
        [0 0 0 0 0 0 0 0 0 0 0 0 0 0 0 0 ]
        [0 0 0 0 0 0 0 0 0 0 0 0 0 0 0 0 ]
        [0 0 0 0 0 0 0 0 0 0 0 0 0 0 0 0 ]
        [0 0 0 0 0 0 0 0 0 0 0 0 0 0 0 0 ]
        [0 0 0 0 0 0 0 0 0 0 0 0 0 0 0 0 ]
        [0 0 0 0 0 0 0 0 0 0 0 0 0 0 0 0 ]
        [0 0 0 0 0 0 0 0 0 0 0 0 0 0 0 0 ]
        [0 0 0 0 0 0 0 0 0 0 0 0 0 0 0 0 ]
        [0 0 0 0 0 0 0 0 0 0 0 0 0 0 0 0 ]
        [0 0 0 0 0 0 0 0 0 0 0 0 0 0 0 0 ]
        [0 0 0 0 0 0 0 0 0 0 0 0 0 0 0 0 ]
        [0 0 0 0 0 0 0 0 0 0 0 0 0 0 0 0 ]
        [0 0 0 0 0 0 0 0 0 0 0 0 0 0 0 0 ]
        [0 0 0 0 0 0 0 0 0 0 0 0 0 0 0 0 ]
        [0 0 0 0 0 0 0 0 0 0 0 0 0 0 0 0 ]
        [0 0 0 0 0 0 0 0 0 0 0 0 0 0 0 0 ]
        [0 0 0 0 0 0 0 0 0 0 0 0 0 0 0 0 ]
        [0 0 0 0 0 0 0 0 0 0 0 0 0 0 0 0 ]
        [0 0 0 0 0 0 0 0 0 0 0 0 0 0 0 0 ]
        [0 0 0 0 0 0 0 0 0 0 0 0 0 0 0 0 ]
        [0 0 0 0 0 0 0 0 0 0 0 0 0 0 0 0 ]
        [0 0 0 0 0 0 0 0 0 0 0 0 0 0 0 0 ]
        [0 0 0 0 0 0 0 0 0 0 0 0 0 0 0 0 ]
        [0 0 0 0 0 0 0 0 0 0 0 0 0 0 0 0 ]
        [0 0 0 0 0 0 0 0 0 0 0 0 0 0 0 0 ]
        [0 0 0 0 0 0 0 0 0 0 0 0 0 0 0 0 ]
        [0 0 0 0 0 0 0 0 0 0 0 0 0 0 0 0 ]
        [0 0 0 0 0 0 0 0 0 0 0 0 0 0 0 0 ]
        [0 0 0 0 0 0 0 0 0 0 0 0 0 0 0 0 ]
        [0 0 0 0 0 0 0 0 0 0 0 0 0 0 0 0 ]
        [0 0 0 0 0 0 0 0 0 0 0 0 0 0 0 0 ]
        [0 0 0 0 0 0 0 0 0 0 0 0 0 0 0 0 ]
        [0 0 0 0 0 0 0 0 0 0 0 0 0 0 0 0 ]
        [0 0 0 0 0 0 0 0 0 0 0 0 0 0 0 0 ]
        [0 0 0 0 0 0 0 0 0 0 0 0 0 0 0 0 ]
        [0 0 0 0 0 0 0 0 0 0 0 0 0 0 0 0 ]
        [0 0 0 0 0 0 0 0 0 0 0 0 0 0 0 0 ]
        [0 0 0 0 0 0 0 0 0 0 0 0 0 0 0 0 ]
        [0 0 0 0 0 0 0 0 0 0 0 0 0 0 0 0 ]
        [0 0 0 0 0 0 0 0 0 0 0 0 0 0 0 0 ]
        [0 0 0 0 0 0 0 0 0 0 0 0 0 0 0 0 ]
        [0 0 0 0 0 0 0 0 0 0 0 0 0 0 0 0 ]
        [0 0 0 0 0 0 0 0 0 0 0 0 0 0 0 0 ]
        [0 0 0 0 0 0 0 0 0 0 0 0 0 0 0 0 ]
        [0 0 0 0 0 0 0 0 0 0 0 0 0 0 0 0 ]
        [0 0 0 0 0 0 0 0 0 0 0 0 0 0 0 0 ]
        [0 0 0 0 0 0 0 0 0 0 0 0 0 0 0 0 ]
        [0 0 0 0 0 0 0 0 0 0 0 0 0 0 0 0 ]
        [0 0 0 0 0 0 0 0 0 0 0 0 0 0 0 0 ]
        [0 0 0 0 0 0 0 0 0 0 0 0 0 0 0 0 ]
        [0 0 0 0 0 0 0 0 0 0 0 0 0 0 0 0 ]
        [0 0 0 0 0 0 0 0 0 0 0 0 0 0 0 0 ]
        [0 0 0 0 0 0 0 0 0 0 0 0 0 0 0 0 ]
        [0 0 0 0 0 0 0 0 0 0 0 0 0 0 0 0 ]
        [0 0 0 0 0 0 0 0 0 0 0 0 0 0 0 0 ]
        [0 0 0 0 0 0 0 0 0 0 0 0 0 0 0 0 ]
        [0 0 0 0 0 0 0 0 0 0 0 0 0 0 0 0 ]
        [0 0 0 0 0 0 0 0 0 0 0 0 0 0 0 0 ]
        [0 0 0 0 0 0 0 0 0 0 0 0 0 0 0 0 ]
        [0 0 0 0 0 0 0 0 0 0 0 0 0 0 0 0 ]
        [0 0 0 0 0 0 0 0 0 0 0 0 0 0 0 0 ]
        [0 0 0 0 0 0 0 0 0 0 0 0 0 0 0 0 ]
        [0 0 0 0 0 0 0 0 0 0 0 0 0 0 0 0 ]
        [0 0 0 0 0 0 0 0 0 0 0 0 0 0 0 0 ]
        [0 0 0 0 0 0 0 0 0 0 0 0 0 0 0 0 ]
        [0 0 0 0 0 0 0 0 0 0 0 0 0 0 0 0 ]
        [0 0 0 0 0 0 0 0 0 0 0 0 0 0 0 0 ]
        [0 0 0 0 0 0 0 0 0 0 0 0 0 0 0 0 ]
        [0 0 0 0 0 0 0 0 0 0 0 0 0 0 0 0 ]
        [0 0 0 0 0 0 0 0 0 0 0 0 0 0 0 0 ]
        [0 0 0 0 0 0 0 0 0 0 0 0 0 0 0 0 ]
        [0 0 0 0 0 0 0 0 0 0 0 0 0 0 0 0 ]
        [0 0 0 0 0 0 0 0 0 0 0 0 0 0 0 0 ]
        [0 0 0 0 0 0 0 0 0 0 0 0 0 0 0 0 ]
        [0 0 0 0 0 0 0 0 0 0 0 0 0 0 0 0 ]
        [0 0 0 0 0 0 0 0 0 0 0 0 0 0 0 0 ]
        [0 0 0 0 0 0 0 0 0 0 0 0 0 0 0 0 ]
        [0 0 0 0 0 0 0 0 0 0 0 0 0 0 0 0 ]
        [0 0 0 0 0 0 0 0 0 0 0 0 0 0 0 0 ]
        [0 0 0 0 0 0 0 0 0 0 0 0 0 0 0 0 ]
        [0 0 0 0 0 0 0 0 0 0 0 0 0 0 0 0 ]
        [0 0 0 0 0 0 0 0 0 0 0 0 0 0 0 0 ]
        [0 0 0 0 0 0 0 0 0 0 0 0 0 0 0 0 ]
        [0 0 0 0 0 0 0 0 0 0 0 0 0 0 0 0 ]
        [0 0 0 0 0 0 0 0 0 0 0 0 0 0 0 0 ]
        [0 0 0 0 0 0 0 0 0 0 0 0 0 0 0 0 ]
        [0 0 0 0 0 0 0 0 0 0 0 0 0 0 0 0 ]
        [0 0 0 0 0 0 0 0 0 0 0 0 0 0 0 0 ]
        [0 0 0 0 0 0 0 0 0 0 0 0 0 0 0 0 ]
        [0 0 0 0 0 0 0 0 0 0 0 0 0 0 0 0 ]
        [0 0 0 0 0 0 0 0 0 0 0 0 0 0 0 0 ]
        [0 0 0 0 0 0 0 0 0 0 0 0 0 0 0 0 ]
        [0 0 0 0 0 0 0 0 0 0 0 0 0 0 0 0 ]
        [0 0 0 0 0 0 0 0 0 0 0 0 0 0 0 0 ]
        [0 0 0 0 0 0 0 0 0 0 0 0 0 0 0 0 ]
        [0 0 0 0 0 0 0 0 0 0 0 0 0 0 0 0 ]
        [0 0 0 0 0 0 0 0 0 0 0 0 0 0 0 0 ]
        [0 0 0 0 0 0 0 0 0 0 0 0 0 0 0 0 ]
        [0 0 0 0 0 0 0 0 0 0 0 0 0 0 0 0 ]
        [0 0 0 0 0 0 0 0 0 0 0 0 0 0 0 0 ]
        [0 0 0 0 0 0 0 0 0 0 0 0 0 0 0 0 ]
        [0 0 0 0 0 0 0 0 0 0 0 0 0 0 0 0 ]
        [0 0 0 0 0 0 0 0 0 0 0 0 0 0 0 0 ]
        [0 0 0 0 0 0 0 0 0 0 0 0 0 0 0 0 ]
        [0 0 0 0 0 0 0 0 0 0 0 0 0 0 0 0 ]
        [0 0 0 0 0 0 0 0 0 0 0 0 0 0 0 0 ]
        [0 0 0 0 0 0 0 0 0 0 0 0 0 0 0 0 ]
        [0 0 0 0 0 0 0 0 0 0 0 0 0 0 0 0 ]
        [0 0 0 0 0 0 0 0 0 0 0 0 0 0 0 0 ]
        [0 0 0 0 0 0 0 0 0 0 0 0 0 0 0 0 ]
        [0 0 0 0 0 0 0 0 0 0 0 0 0 0 0 0 ]
        [0 0 0 0 0 0 0 0 0 0 0 0 0 0 0 0 ]
        [0 0 0 0 0 0 0 0 0 0 0 0 0 0 0 0 ]
        [0 0 0 0 0 0 0 0 0 0 0 0 0 0 0 0 ]
        [0 0 0 0 0 0 0 0 0 0 0 0 0 0 0 0 ]
        [0 0 0 0 0 0 0 0 0 0 0 0 0 0 0 0 ]
        [0 0 0 0 0 0 0 0 0 0 0 0 0 0 0 0 ]
        [0 0 0 0 0 0 0 0 0 0 0 0 0 0 0 0 ]
        [0 0 0 0 0 0 0 0 0 0 0 0 0 0 0 0 ]
        [0 0 0 0 0 0 0 0 0 0 0 0 0 0 0 0 ]
        [0 0 0 0 0 0 0 0 0 0 0 0 0 0 0 0 ]
        [0 0 0 0 0 0 0 0 0 0 0 0 0 0 0 0 ]
        [0 0 0 0 0 0 0 0 0 0 0 0 0 0 0 0 ]
        [0 0 0 0 0 0 0 0 0 0 0 0 0 0 0 0 ]
        [0 0 0 0 0 0 0 0 0 0 0 0 0 0 0 0 ]
        [0 0 0 0 0 0 0 0 0 0 0 0 0 0 0 0 ]
        [0 0 0 0 0 0 0 0 0 0 0 0 0 0 0 0 ]
        [0 0 0 0 0 0 0 0 0 0 0 0 0 0 0 0 ]
        [0 0 0 0 0 0 0 0 0 0 0 0 0 0 0 0 ]
        [0 0 0 0 0 0 0 0 0 0 0 0 0 0 0 0 ]
        [0 0 0 0 0 0 0 0 0 0 0 0 0 0 0 0 ]
        [0 0 0 0 0 0 0 0 0 0 0 0 0 0 0 0 ]
        [0 0 0 0 0 0 0 0 0 0 0 0 0 0 0 0 ]
        [0 0 0 0 0 0 0 0 0 0 0 0 0 0 0 0 ]
        [0 0 0 0 0 0 0 0 0 0 0 0 0 0 0 0 ]
        [0 0 0 0 0 0 0 0 0 0 0 0 0 0 0 0 ]
        [0 0 0 0 0 0 0 0 0 0 0 0 0 0 0 0 ]
        [0 0 0 0 0 0 0 0 0 0 0 0 0 0 0 0 ]
        [0 0 0 0 0 0 0 0 0 0 0 0 0 0 0 0 ]
        [0 0 0 0 0 0 0 0 0 0 0 0 0 0 0 0 ]
        [0 0 0 0 0 0 0 0 0 0 0 0 0 0 0 0 ]
        [0 0 0 0 0 0 0 0 0 0 0 0 0 0 0 0 ]
        [0 0 0 0 0 0 0 0 0 0 0 0 0 0 0 0 ]
        [0 0 0 0 0 0 0 0 0 0 0 0 0 0 0 0 ]
        [0 0 0 0 0 0 0 0 0 0 0 0 0 0 0 0 ]
        [0 0 0 0 0 0 0 0 0 0 0 0 0 0 0 0 ]
        [0 0 0 0 0 0 0 0 0 0 0 0 0 0 0 0 ]
        [0 0 0 0 0 0 0 0 0 0 0 0 0 0 0 0 ]
        [0 0 0 0 0 0 0 0 0 0 0 0 0 0 0 0 ]
        [0 0 0 0 0 0 0 0 0 0 0 0 0 0 0 0 ]
        [0 0 0 0 0 0 0 0 0 0 0 0 0 0 0 0 ]
        [0 0 0 0 0 0 0 0 0 0 0 0 0 0 0 0 ]
        [0 0 0 0 0 0 0 0 0 0 0 0 0 0 0 0 ]
        [0 0 0 0 0 0 0 0 0 0 0 0 0 0 0 0 ]
        [0 0 0 0 0 0 0 0 0 0 0 0 0 0 0 0 ]
        [0 0 0 0 0 0 0 0 0 0 0 0 0 0 0 0 ]
        [0 0 0 0 0 0 0 0 0 0 0 0 0 0 0 0 ]
        [0 0 0 0 0 0 0 0 0 0 0 0 0 0 0 0 ]
        [0 0 0 0 0 0 0 0 0 0 0 0 0 0 0 0 ]
        [0 0 0 0 0 0 0 0 0 0 0 0 0 0 0 0 ]
        [0 0 0 0 0 0 0 0 0 0 0 0 0 0 0 0 ]
        [0 0 0 0 0 0 0 0 0 0 0 0 0 0 0 0 ]
        [0 0 0 0 0 0 0 0 0 0 0 0 0 0 0 0 ]
        [0 0 0 0 0 0 0 0 0 0 0 0 0 0 0 0 ]
        [0 0 0 0 0 0 0 0 0 0 0 0 0 0 0 0 ]
        [0 0 0 0 0 0 0 0 0 0 0 0 0 0 0 0 ]
        [0 0 0 0 0 0 0 0 0 0 0 0 0 0 0 0 ]
        [0 0 0 0 0 0 0 0 0 0 0 0 0 0 0 0 ]
        [0 0 0 0 0 0 0 0 0 0 0 0 0 0 0 0 ]
        [0 0 0 0 0 0 0 0 0 0 0 0 0 0 0 0 ]
        [0 0 0 0 0 0 0 0 0 0 0 0 0 0 0 0 ]
        [0 0 0 0 0 0 0 0 0 0 0 0 0 0 0 0 ]
        [0 0 0 0 0 0 0 0 0 0 0 0 0 0 0 0 ]
        [0 0 0 0 0 0 0 0 0 0 0 0 0 0 0 0 ]
        [0 0 0 0 0 0 0 0 0 0 0 0 0 0 0 0 ]
        [0 0 0 0 0 0 0 0 0 0 0 0 0 0 0 0 ]
        [0 0 0 0 0 0 0 0 0 0 0 0 0 0 0 0 ]
        [0 0 0 0 0 0 0 0 0 0 0 0 0 0 0 0 ]
        [0 0 0 0 0 0 0 0 0 0 0 0 0 0 0 0 ]
        [0 0 0 0 0 0 0 0 0 0 0 0 0 0 0 0 ]
        [0 0 0 0 0 0 0 0 0 0 0 0 0 0 0 0 ]
        [0 0 0 0 0 0 0 0 0 0 0 0 0 0 0 0 ]
        [0 0 0 0 0 0 0 0 0 0 0 0 0 0 0 0 ]
        [0 0 0 0 0 0 0 0 0 0 0 0 0 0 0 0 ]
        [0 0 0 0 0 0 0 0 0 0 0 0 0 0 0 0 ]
        [0 0 0 0 0 0 0 0 0 0 0 0 0 0 0 0 ]
        [0 0 0 0 0 0 0 0 0 0 0 0 0 0 0 0 ]
        [0 0 0 0 0 0 0 0 0 0 0 0 0 0 0 0 ]
        [0 0 0 0 0 0 0 0 0 0 0 0 0 0 0 0 ]
        [0 0 0 0 0 0 0 0 0 0 0 0 0 0 0 0 ]
        [0 0 0 0 0 0 0 0 0 0 0 0 0 0 0 0 ]
        [0 0 0 0 0 0 0 0 0 0 0 0 0 0 0 0 ]
        [0 0 0 0 0 0 0 0 0 0 0 0 0 0 0 0 ]
        [0 0 0 0 0 0 0 0 0 0 0 0 0 0 0 0 ]
        [0 0 0 0 0 0 0 0 0 0 0 0 0 0 0 0 ]
        [0 0 0 0 0 0 0 0 0 0 0 0 0 0 0 0 ]
        [0 0 0 0 0 0 0 0 0 0 0 0 0 0 0 0 ]
        [0 0 0 0 0 0 0 0 0 0 0 0 0 0 0 0 ]
        [0 0 0 0 0 0 0 0 0 0 0 0 0 0 0 0 ]
        [0 0 0 0 0 0 0 0 0 0 0 0 0 0 0 0 ]
        [0 0 0 0 0 0 0 0 0 0 0 0 0 0 0 0 ]
        [0 0 0 0 0 0 0 0 0 0 0 0 0 0 0 0 ]
        [0 0 0 0 0 0 0 0 0 0 0 0 0 0 0 0 ]
        [0 0 0 0 0 0 0 0 0 0 0 0 0 0 0 0 ]
        [0 0 0 0 0 0 0 0 0 0 0 0 0 0 0 0 ]
        [0 0 0 0 0 0 0 0 0 0 0 0 0 0 0 0 ]
        [0 0 0 0 0 0 0 0 0 0 0 0 0 0 0 0 ]
        [0 0 0 0 0 0 0 0 0 0 0 0 0 0 0 0 ]
        [0 0 0 0 0 0 0 0 0 0 0 0 0 0 0 0 ]
        [0 0 0 0 0 0 0 0 0 0 0 0 0 0 0 0 ]
        [0 0 0 0 0 0 0 0 0 0 0 0 0 0 0 0 ]
        [0 0 0 0 0 0 0 0 0 0 0 0 0 0 0 0 ]
        [0 0 0 0 0 0 0 0 0 0 0 0 0 0 0 0 ]
        [0 0 0 0 0 0 0 0 0 0 0 0 0 0 0 0 ]
        [0 0 0 0 0 0 0 0 0 0 0 0 0 0 0 0 ]
        [0 0 0 0 0 0 0 0 0 0 0 0 0 0 0 0 ]
        [0 0 0 0 0 0 0 0 0 0 0 0 0 0 0 0 ]
        [0 0 0 0 0 0 0 0 0 0 0 0 0 0 0 0 ]
        [0 0 0 0 0 0 0 0 0 0 0 0 0 0 0 0 ]
        [0 0 0 0 0 0 0 0 0 0 0 0 0 0 0 0 ]
        [0 0 0 0 0 0 0 0 0 0 0 0 0 0 0 0 ]
        [0 0 0 0 0 0 0 0 0 0 0 0 0 0 0 0 ]
        [0 0 0 0 0 0 0 0 0 0 0 0 0 0 0 0 ]
        [0 0 0 0 0 0 0 0 0 0 0 0 0 0 0 0 ]
        [0 0 0 0 0 0 0 0 0 0 0 0 0 0 0 0 ]
        [0 0 0 0 0 0 0 0 0 0 0 0 0 0 0 0 ]
        [0 0 0 0 0 0 0 0 0 0 0 0 0 0 0 0 ]
        [0 0 0 0 0 0 0 0 0 0 0 0 0 0 0 0 ]
        [0 0 0 0 0 0 0 0 0 0 0 0 0 0 0 0 ]
        [0 0 0 0 0 0 0 0 0 0 0 0 0 0 0 0 ]
        [0 0 0 0 0 0 0 0 0 0 0 0 0 0 0 0 ]
        [0 0 0 0 0 0 0 0 0 0 0 0 0 0 0 0 ]
        [0 0 0 0 0 0 0 0 0 0 0 0 0 0 0 0 ]
        [0 0 0 0 0 0 0 0 0 0 0 0 0 0 0 0 ]
        [0 0 0 0 0 0 0 0 0 0 0 0 0 0 0 0 ]
        [0 0 0 0 0 0 0 0 0 0 0 0 0 0 0 0 ]
        [0 0 0 0 0 0 0 0 0 0 0 0 0 0 0 0 ]
        [0 0 0 0 0 0 0 0 0 0 0 0 0 0 0 0 ]
        [0 0 0 0 0 0 0 0 0 0 0 0 0 0 0 0 ]
        [0 0 0 0 0 0 0 0 0 0 0 0 0 0 0 0 ]
        [0 0 0 0 0 0 0 0 0 0 0 0 0 0 0 0 ]
        [0 0 0 0 0 0 0 0 0 0 0 0 0 0 0 0 ]
        [0 0 0 0 0 0 0 0 0 0 0 0 0 0 0 0 ]
        [0 0 0 0 0 0 0 0 0 0 0 0 0 0 0 0 ]
        [0 0 0 0 0 0 0 0 0 0 0 0 0 0 0 0 ]
        [0 0 0 0 0 0 0 0 0 0 0 0 0 0 0 0 ]
        [0 0 0 0 0 0 0 0 0 0 0 0 0 0 0 0 ]
        [0 0 0 0 0 0 0 0 0 0 0 0 0 0 0 0 ]
        [0 0 0 0 0 0 0 0 0 0 0 0 0 0 0 0 ]
        [0 0 0 0 0 0 0 0 0 0 0 0 0 0 0 0 ]
        [0 0 0 0 0 0 0 0 0 0 0 0 0 0 0 0 ]
        [0 0 0 0 0 0 0 0 0 0 0 0 0 0 0 0 ]
        [0 0 0 0 0 0 0 0 0 0 0 0 0 0 0 0 ]
        [0 0 0 0 0 0 0 0 0 0 0 0 0 0 0 0 ]
        [0 0 0 0 0 0 0 0 0 0 0 0 0 0 0 0 ]
        [0 0 0 0 0 0 0 0 0 0 0 0 0 0 0 0 ]
        [0 0 0 0 0 0 0 0 0 0 0 0 0 0 0 0 ]
        [0 0 0 0 0 0 0 0 0 0 0 0 0 0 0 0 ]
        [0 0 0 0 0 0 0 0 0 0 0 0 0 0 0 0 ]
        [0 0 0 0 0 0 0 0 0 0 0 0 0 0 0 0 ]
        [0 0 0 0 0 0 0 0 0 0 0 0 0 0 0 0 ]
        [0 0 0 0 0 0 0 0 0 0 0 0 0 0 0 0 ]
        [0 0 0 0 0 0 0 0 0 0 0 0 0 0 0 0 ]
        [0 0 0 0 0 0 0 0 0 0 0 0 0 0 0 0 ]
        [0 0 0 0 0 0 0 0 0 0 0 0 0 0 0 0 ]
        [0 0 0 0 0 0 0 0 0 0 0 0 0 0 0 0 ]
        [0 0 0 0 0 0 0 0 0 0 0 0 0 0 0 0 ]
        [0 0 0 0 0 0 0 0 0 0 0 0 0 0 0 0 ]
        [0 0 0 0 0 0 0 0 0 0 0 0 0 0 0 0 ]
        [0 0 0 0 0 0 0 0 0 0 0 0 0 0 0 0 ]
        [0 0 0 0 0 0 0 0 0 0 0 0 0 0 0 0 ]
        [0 0 0 0 0 0 0 0 0 0 0 0 0 0 0 0 ]
        [0 0 0 0 0 0 0 0 0 0 0 0 0 0 0 0 ]
        [0 0 0 0 0 0 0 0 0 0 0 0 0 0 0 0 ]
        [0 0 0 0 0 0 0 0 0 0 0 0 0 0 0 0 ]
        [0 0 0 0 0 0 0 0 0 0 0 0 0 0 0 0 ]
        [0 0 0 0 0 0 0 0 0 0 0 0 0 0 0 0 ]
        [0 0 0 0 0 0 0 0 0 0 0 0 0 0 0 0 ]
        [0 0 0 0 0 0 0 0 0 0 0 0 0 0 0 0 ]
        [0 0 0 0 0 0 0 0 0 0 0 0 0 0 0 0 ]
        [0 0 0 0 0 0 0 0 0 0 0 0 0 0 0 0 ]
        [0 0 0 0 0 0 0 0 0 0 0 0 0 0 0 0 ]
        [0 0 0 0 0 0 0 0 0 0 0 0 0 0 0 0 ]
        [0 0 0 0 0 0 0 0 0 0 0 0 0 0 0 0 ]
        [0 0 0 0 0 0 0 0 0 0 0 0 0 0 0 0 ]
        [0 0 0 0 0 0 0 0 0 0 0 0 0 0 0 0 ]
        [0 0 0 0 0 0 0 0 0 0 0 0 0 0 0 0 ]
        [0 0 0 0 0 0 0 0 0 0 0 0 0 0 0 0 ]
        [0 0 0 0 0 0 0 0 0 0 0 0 0 0 0 0 ]
        [0 0 0 0 0 0 0 0 0 0 0 0 0 0 0 0 ]
        [0 0 0 0 0 0 0 0 0 0 0 0 0 0 0 0 ]
        [0 0 0 0 0 0 0 0 0 0 0 0 0 0 0 0 ]
        [0 0 0 0 0 0 0 0 0 0 0 0 0 0 0 0 ]
        [0 0 0 0 0 0 0 0 0 0 0 0 0 0 0 0 ]
        [0 0 0 0 0 0 0 0 0 0 0 0 0 0 0 0 ]
        [0 0 0 0 0 0 0 0 0 0 0 0 0 0 0 0 ]
        [0 0 0 0 0 0 0 0 0 0 0 0 0 0 0 0 ]
        [0 0 0 0 0 0 0 0 0 0 0 0 0 0 0 0 ]
        [0 0 0 0 0 0 0 0 0 0 0 0 0 0 0 0 ]
        [0 0 0 0 0 0 0 0 0 0 0 0 0 0 0 0 ]
        [0 0 0 0 0 0 0 0 0 0 0 0 0 0 0 0 ]
        [0 0 0 0 0 0 0 0 0 0 0 0 0 0 0 0 ]
        [0 0 0 0 0 0 0 0 0 0 0 0 0 0 0 0 ]
        [0 0 0 0 0 0 0 0 0 0 0 0 0 0 0 0 ]
        [0 0 0 0 0 0 0 0 0 0 0 0 0 0 0 0 ]
        [0 0 0 0 0 0 0 0 0 0 0 0 0 0 0 0 ]
        [0 0 0 0 0 0 0 0 0 0 0 0 0 0 0 0 ]
        [0 0 0 0 0 0 0 0 0 0 0 0 0 0 0 0 ]
        [0 0 0 0 0 0 0 0 0 0 0 0 0 0 0 0 ]
        [0 0 0 0 0 0 0 0 0 0 0 0 0 0 0 0 ]
        [0 0 0 0 0 0 0 0 0 0 0 0 0 0 0 0 ]
        [0 0 0 0 0 0 0 0 0 0 0 0 0 0 0 0 ]
        [0 0 0 0 0 0 0 0 0 0 0 0 0 0 0 0 ]
        [0 0 0 0 0 0 0 0 0 0 0 0 0 0 0 0 ]
        [0 0 0 0 0 0 0 0 0 0 0 0 0 0 0 0 ]
        [0 0 0 0 0 0 0 0 0 0 0 0 0 0 0 0 ]
        [0 0 0 0 0 0 0 0 0 0 0 0 0 0 0 0 ]
        [0 0 0 0 0 0 0 0 0 0 0 0 0 0 0 0 ]
        [0 0 0 0 0 0 0 0 0 0 0 0 0 0 0 0 ]
        [0 0 0 0 0 0 0 0 0 0 0 0 0 0 0 0 ]
        [0 0 0 0 0 0 0 0 0 0 0 0 0 0 0 0 ]
        [0 0 0 0 0 0 0 0 0 0 0 0 0 0 0 0 ]
        [0 0 0 0 0 0 0 0 0 0 0 0 0 0 0 0 ]
        [0 0 0 0 0 0 0 0 0 0 0 0 0 0 0 0 ]
        [0 0 0 0 0 0 0 0 0 0 0 0 0 0 0 0 ]
        [0 0 0 0 0 0 0 0 0 0 0 0 0 0 0 0 ]
        [0 0 0 0 0 0 0 0 0 0 0 0 0 0 0 0 ]
        [0 0 0 0 0 0 0 0 0 0 0 0 0 0 0 0 ]
        [0 0 0 0 0 0 0 0 0 0 0 0 0 0 0 0 ]
        [0 0 0 0 0 0 0 0 0 0 0 0 0 0 0 0 ]
        [0 0 0 0 0 0 0 0 0 0 0 0 0 0 0 0 ]
        [0 0 0 0 0 0 0 0 0 0 0 0 0 0 0 0 ]
        [0 0 0 0 0 0 0 0 0 0 0 0 0 0 0 0 ]
        [0 0 0 0 0 0 0 0 0 0 0 0 0 0 0 0 ]
        [0 0 0 0 0 0 0 0 0 0 0 0 0 0 0 0 ]
        [0 0 0 0 0 0 0 0 0 0 0 0 0 0 0 0 ]
        [0 0 0 0 0 0 0 0 0 0 0 0 0 0 0 0 ]
        [0 0 0 0 0 0 0 0 0 0 0 0 0 0 0 0 ]
        [0 0 0 0 0 0 0 0 0 0 0 0 0 0 0 0 ]
        [0 0 0 0 0 0 0 0 0 0 0 0 0 0 0 0 ]
        [0 0 0 0 0 0 0 0 0 0 0 0 0 0 0 0 ]
        [0 0 0 0 0 0 0 0 0 0 0 0 0 0 0 0 ]
        [0 0 0 0 0 0 0 0 0 0 0 0 0 0 0 0 ]
        [0 0 0 0 0 0 0 0 0 0 0 0 0 0 0 0 ]
        [0 0 0 0 0 0 0 0 0 0 0 0 0 0 0 0 ]
        [0 0 0 0 0 0 0 0 0 0 0 0 0 0 0 0 ]
        [0 0 0 0 0 0 0 0 0 0 0 0 0 0 0 0 ]
        [0 0 0 0 0 0 0 0 0 0 0 0 0 0 0 0 ]
        [0 0 0 0 0 0 0 0 0 0 0 0 0 0 0 0 ]
        [0 0 0 0 0 0 0 0 0 0 0 0 0 0 0 0 ]
        [0 0 0 0 0 0 0 0 0 0 0 0 0 0 0 0 ]
        [0 0 0 0 0 0 0 0 0 0 0 0 0 0 0 0 ]
        [0 0 0 0 0 0 0 0 0 0 0 0 0 0 0 0 ]
        [0 0 0 0 0 0 0 0 0 0 0 0 0 0 0 0 ]
        [0 0 0 0 0 0 0 0 0 0 0 0 0 0 0 0 ]
        [0 0 0 0 0 0 0 0 0 0 0 0 0 0 0 0 ]
        [0 0 0 0 0 0 0 0 0 0 0 0 0 0 0 0 ]
        [0 0 0 0 0 0 0 0 0 0 0 0 0 0 0 0 ]
        [0 0 0 0 0 0 0 0 0 0 0 0 0 0 0 0 ]
        [0 0 0 0 0 0 0 0 0 0 0 0 0 0 0 0 ]
        [0 0 0 0 0 0 0 0 0 0 0 0 0 0 0 0 ]
        [0 0 0 0 0 0 0 0 0 0 0 0 0 0 0 0 ]
        [0 0 0 0 0 0 0 0 0 0 0 0 0 0 0 0 ]
        [0 0 0 0 0 0 0 0 0 0 0 0 0 0 0 0 ]
        [0 0 0 0 0 0 0 0 0 0 0 0 0 0 0 0 ]
        [0 0 0 0 0 0 0 0 0 0 0 0 0 0 0 0 ]
        [0 0 0 0 0 0 0 0 0 0 0 0 0 0 0 0 ]
        [0 0 0 0 0 0 0 0 0 0 0 0 0 0 0 0 ]
        [0 0 0 0 0 0 0 0 0 0 0 0 0 0 0 0 ]
        [0 0 0 0 0 0 0 0 0 0 0 0 0 0 0 0 ]
        [0 0 0 0 0 0 0 0 0 0 0 0 0 0 0 0 ]
        [0 0 0 0 0 0 0 0 0 0 0 0 0 0 0 0 ]
        [0 0 0 0 0 0 0 0 0 0 0 0 0 0 0 0 ]
        [0 0 0 0 0 0 0 0 0 0 0 0 0 0 0 0 ]
        [0 0 0 0 0 0 0 0 0 0 0 0 0 0 0 0 ]
        [0 0 0 0 0 0 0 0 0 0 0 0 0 0 0 0 ]
        [0 0 0 0 0 0 0 0 0 0 0 0 0 0 0 0 ]
        [0 0 0 0 0 0 0 0 0 0 0 0 0 0 0 0 ]
        [0 0 0 0 0 0 0 0 0 0 0 0 0 0 0 0 ]
        [0 0 0 0 0 0 0 0 0 0 0 0 0 0 0 0 ]
        [0 0 0 0 0 0 0 0 0 0 0 0 0 0 0 0 ]
        [0 0 0 0 0 0 0 0 0 0 0 0 0 0 0 0 ]
        [0 0 0 0 0 0 0 0 0 0 0 0 0 0 0 0 ]
        [0 0 0 0 0 0 0 0 0 0 0 0 0 0 0 0 ]
        [0 0 0 0 0 0 0 0 0 0 0 0 0 0 0 0 ]
        [0 0 0 0 0 0 0 0 0 0 0 0 0 0 0 0 ]
        [0 0 0 0 0 0 0 0 0 0 0 0 0 0 0 0 ]
        [0 0 0 0 0 0 0 0 0 0 0 0 0 0 0 0 ]
        [0 0 0 0 0 0 0 0 0 0 0 0 0 0 0 0 ]
        [0 0 0 0 0 0 0 0 0 0 0 0 0 0 0 0 ]
        [0 0 0 0 0 0 0 0 0 0 0 0 0 0 0 0 ]
        [0 0 0 0 0 0 0 0 0 0 0 0 0 0 0 0 ]
        [0 0 0 0 0 0 0 0 0 0 0 0 0 0 0 0 ]
        [0 0 0 0 0 0 0 0 0 0 0 0 0 0 0 0 ]
        [0 0 0 0 0 0 0 0 0 0 0 0 0 0 0 0 ]
        [0 0 0 0 0 0 0 0 0 0 0 0 0 0 0 0 ]
        [0 0 0 0 0 0 0 0 0 0 0 0 0 0 0 0 ]
        [0 0 0 0 0 0 0 0 0 0 0 0 0 0 0 0 ]
        [0 0 0 0 0 0 0 0 0 0 0 0 0 0 0 0 ]
        [0 0 0 0 0 0 0 0 0 0 0 0 0 0 0 0 ]
        [0 0 0 0 0 0 0 0 0 0 0 0 0 0 0 0 ]
        [0 0 0 0 0 0 0 0 0 0 0 0 0 0 0 0 ]
        [0 0 0 0 0 0 0 0 0 0 0 0 0 0 0 0 ]
        [0 0 0 0 0 0 0 0 0 0 0 0 0 0 0 0 ]
        [0 0 0 0 0 0 0 0 0 0 0 0 0 0 0 0 ]
        [0 0 0 0 0 0 0 0 0 0 0 0 0 0 0 0 ]
        [0 0 0 0 0 0 0 0 0 0 0 0 0 0 0 0 ]
        [0 0 0 0 0 0 0 0 0 0 0 0 0 0 0 0 ]
        [0 0 0 0 0 0 0 0 0 0 0 0 0 0 0 0 ]
        [0 0 0 0 0 0 0 0 0 0 0 0 0 0 0 0 ]
        [0 0 0 0 0 0 0 0 0 0 0 0 0 0 0 0 ]
        [0 0 0 0 0 0 0 0 0 0 0 0 0 0 0 0 ]
        [0 0 0 0 0 0 0 0 0 0 0 0 0 0 0 0 ]
        [0 0 0 0 0 0 0 0 0 0 0 0 0 0 0 0 ]
        [0 0 0 0 0 0 0 0 0 0 0 0 0 0 0 0 ]
        [0 0 0 0 0 0 0 0 0 0 0 0 0 0 0 0 ]
        [0 0 0 0 0 0 0 0 0 0 0 0 0 0 0 0 ]
        [0 0 0 0 0 0 0 0 0 0 0 0 0 0 0 0 ]
        [0 0 0 0 0 0 0 0 0 0 0 0 0 0 0 0 ]
        [0 0 0 0 0 0 0 0 0 0 0 0 0 0 0 0 ]
        [0 0 0 0 0 0 0 0 0 0 0 0 0 0 0 0 ]
        [0 0 0 0 0 0 0 0 0 0 0 0 0 0 0 0 ]
        [0 0 0 0 0 0 0 0 0 0 0 0 0 0 0 0 ]
        [0 0 0 0 0 0 0 0 0 0 0 0 0 0 0 0 ]
        [0 0 0 0 0 0 0 0 0 0 0 0 0 0 0 0 ]
        [0 0 0 0 0 0 0 0 0 0 0 0 0 0 0 0 ]
        [0 0 0 0 0 0 0 0 0 0 0 0 0 0 0 0 ]
        [0 0 0 0 0 0 0 0 0 0 0 0 0 0 0 0 ]
        [0 0 0 0 0 0 0 0 0 0 0 0 0 0 0 0 ]
        [0 0 0 0 0 0 0 0 0 0 0 0 0 0 0 0 ]
        [0 0 0 0 0 0 0 0 0 0 0 0 0 0 0 0 ]
        [0 0 0 0 0 0 0 0 0 0 0 0 0 0 0 0 ]
        [0 0 0 0 0 0 0 0 0 0 0 0 0 0 0 0 ]
        [0 0 0 0 0 0 0 0 0 0 0 0 0 0 0 0 ]
        [0 0 0 0 0 0 0 0 0 0 0 0 0 0 0 0 ]
        [0 0 0 0 0 0 0 0 0 0 0 0 0 0 0 0 ]
        [0 0 0 0 0 0 0 0 0 0 0 0 0 0 0 0 ]
        [0 0 0 0 0 0 0 0 0 0 0 0 0 0 0 0 ]
        [0 0 0 0 0 0 0 0 0 0 0 0 0 0 0 0 ]
        [0 0 0 0 0 0 0 0 0 0 0 0 0 0 0 0 ]
        [0 0 0 0 0 0 0 0 0 0 0 0 0 0 0 0 ]
        [0 0 0 0 0 0 0 0 0 0 0 0 0 0 0 0 ]
        [0 0 0 0 0 0 0 0 0 0 0 0 0 0 0 0 ]
        [0 0 0 0 0 0 0 0 0 0 0 0 0 0 0 0 ]
        [0 0 0 0 0 0 0 0 0 0 0 0 0 0 0 0 ]
        [0 0 0 0 0 0 0 0 0 0 0 0 0 0 0 0 ]
        [0 0 0 0 0 0 0 0 0 0 0 0 0 0 0 0 ]
        [0 0 0 0 0 0 0 0 0 0 0 0 0 0 0 0 ]
        [0 0 0 0 0 0 0 0 0 0 0 0 0 0 0 0 ]
        [0 0 0 0 0 0 0 0 0 0 0 0 0 0 0 0 ]
        [0 0 0 0 0 0 0 0 0 0 0 0 0 0 0 0 ]
        [0 0 0 0 0 0 0 0 0 0 0 0 0 0 0 0 ]
        [0 0 0 0 0 0 0 0 0 0 0 0 0 0 0 0 ]
        [0 0 0 0 0 0 0 0 0 0 0 0 0 0 0 0 ]
        [0 0 0 0 0 0 0 0 0 0 0 0 0 0 0 0 ]
        [0 0 0 0 0 0 0 0 0 0 0 0 0 0 0 0 ]
        [0 0 0 0 0 0 0 0 0 0 0 0 0 0 0 0 ]
        [0 0 0 0 0 0 0 0 0 0 0 0 0 0 0 0 ]
        [0 0 0 0 0 0 0 0 0 0 0 0 0 0 0 0 ]
        [0 0 0 0 0 0 0 0 0 0 0 0 0 0 0 0 ]
        [0 0 0 0 0 0 0 0 0 0 0 0 0 0 0 0 ]
        [0 0 0 0 0 0 0 0 0 0 0 0 0 0 0 0 ]
        [0 0 0 0 0 0 0 0 0 0 0 0 0 0 0 0 ]
        [0 0 0 0 0 0 0 0 0 0 0 0 0 0 0 0 ]
        [0 0 0 0 0 0 0 0 0 0 0 0 0 0 0 0 ]
        [0 0 0 0 0 0 0 0 0 0 0 0 0 0 0 0 ]
        [0 0 0 0 0 0 0 0 0 0 0 0 0 0 0 0 ]
        [0 0 0 0 0 0 0 0 0 0 0 0 0 0 0 0 ]
        [0 0 0 0 0 0 0 0 0 0 0 0 0 0 0 0 ]
        [0 0 0 0 0 0 0 0 0 0 0 0 0 0 0 0 ]
        [0 0 0 0 0 0 0 0 0 0 0 0 0 0 0 0 ]
        [0 0 0 0 0 0 0 0 0 0 0 0 0 0 0 0 ]
        [0 0 0 0 0 0 0 0 0 0 0 0 0 0 0 0 ]
        [0 0 0 0 0 0 0 0 0 0 0 0 0 0 0 0 ]
        [0 0 0 0 0 0 0 0 0 0 0 0 0 0 0 0 ]
        [0 0 0 0 0 0 0 0 0 0 0 0 0 0 0 0 ]
        [0 0 0 0 0 0 0 0 0 0 0 0 0 0 0 0 ]
        [0 0 0 0 0 0 0 0 0 0 0 0 0 0 0 0 ]
        [0 0 0 0 0 0 0 0 0 0 0 0 0 0 0 0 ]
        [0 0 0 0 0 0 0 0 0 0 0 0 0 0 0 0 ]
        [0 0 0 0 0 0 0 0 0 0 0 0 0 0 0 0 ]
        [0 0 0 0 0 0 0 0 0 0 0 0 0 0 0 0 ]
        [0 0 0 0 0 0 0 0 0 0 0 0 0 0 0 0 ]
        [0 0 0 0 0 0 0 0 0 0 0 0 0 0 0 0 ]
        [0 0 0 0 0 0 0 0 0 0 0 0 0 0 0 0 ]
        [0 0 0 0 0 0 0 0 0 0 0 0 0 0 0 0 ]
        [0 0 0 0 0 0 0 0 0 0 0 0 0 0 0 0 ]
        [0 0 0 0 0 0 0 0 0 0 0 0 0 0 0 0 ]
        [0 0 0 0 0 0 0 0 0 0 0 0 0 0 0 0 ]
        [0 0 0 0 0 0 0 0 0 0 0 0 0 0 0 0 ]
        [0 0 0 0 0 0 0 0 0 0 0 0 0 0 0 0 ]
        [0 0 0 0 0 0 0 0 0 0 0 0 0 0 0 0 ]
        [0 0 0 0 0 0 0 0 0 0 0 0 0 0 0 0 ]
        [0 0 0 0 0 0 0 0 0 0 0 0 0 0 0 0 ]
        [0 0 0 0 0 0 0 0 0 0 0 0 0 0 0 0 ]
        [0 0 0 0 0 0 0 0 0 0 0 0 0 0 0 0 ]
        [0 0 0 0 0 0 0 0 0 0 0 0 0 0 0 0 ]
        [0 0 0 0 0 0 0 0 0 0 0 0 0 0 0 0 ]
        [0 0 0 0 0 0 0 0 0 0 0 0 0 0 0 0 ]
        [0 0 0 0 0 0 0 0 0 0 0 0 0 0 0 0 ]
        [0 0 0 0 0 0 0 0 0 0 0 0 0 0 0 0 ]
        [0 0 0 0 0 0 0 0 0 0 0 0 0 0 0 0 ]
        [0 0 0 0 0 0 0 0 0 0 0 0 0 0 0 0 ]
        [0 0 0 0 0 0 0 0 0 0 0 0 0 0 0 0 ]
        [0 0 0 0 0 0 0 0 0 0 0 0 0 0 0 0 ]
        [0 0 0 0 0 0 0 0 0 0 0 0 0 0 0 0 ]
        [0 0 0 0 0 0 0 0 0 0 0 0 0 0 0 0 ]
        [0 0 0 0 0 0 0 0 0 0 0 0 0 0 0 0 ]
        [0 0 0 0 0 0 0 0 0 0 0 0 0 0 0 0 ]
        [0 0 0 0 0 0 0 0 0 0 0 0 0 0 0 0 ]
        [0 0 0 0 0 0 0 0 0 0 0 0 0 0 0 0 ]
        [0 0 0 0 0 0 0 0 0 0 0 0 0 0 0 0 ]
        [0 0 0 0 0 0 0 0 0 0 0 0 0 0 0 0 ]
        [0 0 0 0 0 0 0 0 0 0 0 0 0 0 0 0 ]
        [0 0 0 0 0 0 0 0 0 0 0 0 0 0 0 0 ]
        [0 0 0 0 0 0 0 0 0 0 0 0 0 0 0 0 ]
        [0 0 0 0 0 0 0 0 0 0 0 0 0 0 0 0 ]
        [0 0 0 0 0 0 0 0 0 0 0 0 0 0 0 0 ]
        [0 0 0 0 0 0 0 0 0 0 0 0 0 0 0 0 ]
        [0 0 0 0 0 0 0 0 0 0 0 0 0 0 0 0 ]
        [0 0 0 0 0 0 0 0 0 0 0 0 0 0 0 0 ]
        [0 0 0 0 0 0 0 0 0 0 0 0 0 0 0 0 ]
        [0 0 0 0 0 0 0 0 0 0 0 0 0 0 0 0 ]
        [0 0 0 0 0 0 0 0 0 0 0 0 0 0 0 0 ]
        [0 0 0 0 0 0 0 0 0 0 0 0 0 0 0 0 ]
        [0 0 0 0 0 0 0 0 0 0 0 0 0 0 0 0 ]
        [0 0 0 0 0 0 0 0 0 0 0 0 0 0 0 0 ]
        [0 0 0 0 0 0 0 0 0 0 0 0 0 0 0 0 ]
        [0 0 0 0 0 0 0 0 0 0 0 0 0 0 0 0 ]
        [0 0 0 0 0 0 0 0 0 0 0 0 0 0 0 0 ]
        [0 0 0 0 0 0 0 0 0 0 0 0 0 0 0 0 ]
        [0 0 0 0 0 0 0 0 0 0 0 0 0 0 0 0 ]
        [0 0 0 0 0 0 0 0 0 0 0 0 0 0 0 0 ]
        [0 0 0 0 0 0 0 0 0 0 0 0 0 0 0 0 ]
        [0 0 0 0 0 0 0 0 0 0 0 0 0 0 0 0 ]
        [0 0 0 0 0 0 0 0 0 0 0 0 0 0 0 0 ]
        [0 0 0 0 0 0 0 0 0 0 0 0 0 0 0 0 ]
        [0 0 0 0 0 0 0 0 0 0 0 0 0 0 0 0 ]
        [0 0 0 0 0 0 0 0 0 0 0 0 0 0 0 0 ]
        [0 0 0 0 0 0 0 0 0 0 0 0 0 0 0 0 ]
        [0 0 0 0 0 0 0 0 0 0 0 0 0 0 0 0 ]
        [0 0 0 0 0 0 0 0 0 0 0 0 0 0 0 0 ]
        [0 0 0 0 0 0 0 0 0 0 0 0 0 0 0 0 ]
        [0 0 0 0 0 0 0 0 0 0 0 0 0 0 0 0 ]
        [0 0 0 0 0 0 0 0 0 0 0 0 0 0 0 0 ]
        [0 0 0 0 0 0 0 0 0 0 0 0 0 0 0 0 ]
        [0 0 0 0 0 0 0 0 0 0 0 0 0 0 0 0 ]
        [0 0 0 0 0 0 0 0 0 0 0 0 0 0 0 0 ]
        [0 0 0 0 0 0 0 0 0 0 0 0 0 0 0 0 ]
        [0 0 0 0 0 0 0 0 0 0 0 0 0 0 0 0 ]
        [0 0 0 0 0 0 0 0 0 0 0 0 0 0 0 0 ]
        [0 0 0 0 0 0 0 0 0 0 0 0 0 0 0 0 ]
        [0 0 0 0 0 0 0 0 0 0 0 0 0 0 0 0 ]
        [0 0 0 0 0 0 0 0 0 0 0 0 0 0 0 0 ]
        [0 0 0 0 0 0 0 0 0 0 0 0 0 0 0 0 ]
        [0 0 0 0 0 0 0 0 0 0 0 0 0 0 0 0 ]
        [0 0 0 0 0 0 0 0 0 0 0 0 0 0 0 0 ]
        [0 0 0 0 0 0 0 0 0 0 0 0 0 0 0 0 ]
        [0 0 0 0 0 0 0 0 0 0 0 0 0 0 0 0 ]
        [0 0 0 0 0 0 0 0 0 0 0 0 0 0 0 0 ]
        [0 0 0 0 0 0 0 0 0 0 0 0 0 0 0 0 ]
        [0 0 0 0 0 0 0 0 0 0 0 0 0 0 0 0 ]
        [0 0 0 0 0 0 0 0 0 0 0 0 0 0 0 0 ]
        [0 0 0 0 0 0 0 0 0 0 0 0 0 0 0 0 ]
        [0 0 0 0 0 0 0 0 0 0 0 0 0 0 0 0 ]
        [0 0 0 0 0 0 0 0 0 0 0 0 0 0 0 0 ]
        [0 0 0 0 0 0 0 0 0 0 0 0 0 0 0 0 ]
        [0 0 0 0 0 0 0 0 0 0 0 0 0 0 0 0 ]
        [0 0 0 0 0 0 0 0 0 0 0 0 0 0 0 0 ]
        [0 0 0 0 0 0 0 0 0 0 0 0 0 0 0 0 ]
        [0 0 0 0 0 0 0 0 0 0 0 0 0 0 0 0 ]
        [0 0 0 0 0 0 0 0 0 0 0 0 0 0 0 0 ]
        [0 0 0 0 0 0 0 0 0 0 0 0 0 0 0 0 ]
        [0 0 0 0 0 0 0 0 0 0 0 0 0 0 0 0 ]
        [0 0 0 0 0 0 0 0 0 0 0 0 0 0 0 0 ]
        [0 0 0 0 0 0 0 0 0 0 0 0 0 0 0 0 ]
        [0 0 0 0 0 0 0 0 0 0 0 0 0 0 0 0 ]
        [0 0 0 0 0 0 0 0 0 0 0 0 0 0 0 0 ]
        [0 0 0 0 0 0 0 0 0 0 0 0 0 0 0 0 ]
        [0 0 0 0 0 0 0 0 0 0 0 0 0 0 0 0 ]
        [0 0 0 0 0 0 0 0 0 0 0 0 0 0 0 0 ]
        [0 0 0 0 0 0 0 0 0 0 0 0 0 0 0 0 ]
        [0 0 0 0 0 0 0 0 0 0 0 0 0 0 0 0 ]
        [0 0 0 0 0 0 0 0 0 0 0 0 0 0 0 0 ]
        [0 0 0 0 0 0 0 0 0 0 0 0 0 0 0 0 ]
        [0 0 0 0 0 0 0 0 0 0 0 0 0 0 0 0 ]
        [0 0 0 0 0 0 0 0 0 0 0 0 0 0 0 0 ]
        [0 0 0 0 0 0 0 0 0 0 0 0 0 0 0 0 ]
        [0 0 0 0 0 0 0 0 0 0 0 0 0 0 0 0 ]
        [0 0 0 0 0 0 0 0 0 0 0 0 0 0 0 0 ]
        [0 0 0 0 0 0 0 0 0 0 0 0 0 0 0 0 ]
        [0 0 0 0 0 0 0 0 0 0 0 0 0 0 0 0 ]
        [0 0 0 0 0 0 0 0 0 0 0 0 0 0 0 0 ]
        [0 0 0 0 0 0 0 0 0 0 0 0 0 0 0 0 ]
        [0 0 0 0 0 0 0 0 0 0 0 0 0 0 0 0 ]
        [0 0 0 0 0 0 0 0 0 0 0 0 0 0 0 0 ]
        [0 0 0 0 0 0 0 0 0 0 0 0 0 0 0 0 ]
        [0 0 0 0 0 0 0 0 0 0 0 0 0 0 0 0 ]
        [0 0 0 0 0 0 0 0 0 0 0 0 0 0 0 0 ]
        [0 0 0 0 0 0 0 0 0 0 0 0 0 0 0 0 ]
        [0 0 0 0 0 0 0 0 0 0 0 0 0 0 0 0 ]
        [0 0 0 0 0 0 0 0 0 0 0 0 0 0 0 0 ]
        [0 0 0 0 0 0 0 0 0 0 0 0 0 0 0 0 ]
        [0 0 0 0 0 0 0 0 0 0 0 0 0 0 0 0 ]
        [0 0 0 0 0 0 0 0 0 0 0 0 0 0 0 0 ]
        [0 0 0 0 0 0 0 0 0 0 0 0 0 0 0 0 ]
        [0 0 0 0 0 0 0 0 0 0 0 0 0 0 0 0 ]
        [0 0 0 0 0 0 0 0 0 0 0 0 0 0 0 0 ]
        [0 0 0 0 0 0 0 0 0 0 0 0 0 0 0 0 ]
        [0 0 0 0 0 0 0 0 0 0 0 0 0 0 0 0 ]
        [0 0 0 0 0 0 0 0 0 0 0 0 0 0 0 0 ]
        [0 0 0 0 0 0 0 0 0 0 0 0 0 0 0 0 ]
        [0 0 0 0 0 0 0 0 0 0 0 0 0 0 0 0 ]
        [0 0 0 0 0 0 0 0 0 0 0 0 0 0 0 0 ]
        [0 0 0 0 0 0 0 0 0 0 0 0 0 0 0 0 ]
        [0 0 0 0 0 0 0 0 0 0 0 0 0 0 0 0 ]
        [0 0 0 0 0 0 0 0 0 0 0 0 0 0 0 0 ]
        [0 0 0 0 0 0 0 0 0 0 0 0 0 0 0 0 ]
        [0 0 0 0 0 0 0 0 0 0 0 0 0 0 0 0 ]
        [0 0 0 0 0 0 0 0 0 0 0 0 0 0 0 0 ]
        [0 0 0 0 0 0 0 0 0 0 0 0 0 0 0 0 ]
        [0 0 0 0 0 0 0 0 0 0 0 0 0 0 0 0 ]
        [0 0 0 0 0 0 0 0 0 0 0 0 0 0 0 0 ]
        [0 0 0 0 0 0 0 0 0 0 0 0 0 0 0 0 ]
        [0 0 0 0 0 0 0 0 0 0 0 0 0 0 0 0 ]
        [0 0 0 0 0 0 0 0 0 0 0 0 0 0 0 0 ]
        [0 0 0 0 0 0 0 0 0 0 0 0 0 0 0 0 ]
        [0 0 0 0 0 0 0 0 0 0 0 0 0 0 0 0 ]
        [0 0 0 0 0 0 0 0 0 0 0 0 0 0 0 0 ]
        [0 0 0 0 0 0 0 0 0 0 0 0 0 0 0 0 ]
        [0 0 0 0 0 0 0 0 0 0 0 0 0 0 0 0 ]
        [0 0 0 0 0 0 0 0 0 0 0 0 0 0 0 0 ]
        [0 0 0 0 0 0 0 0 0 0 0 0 0 0 0 0 ]
        [0 0 0 0 0 0 0 0 0 0 0 0 0 0 0 0 ]
        [0 0 0 0 0 0 0 0 0 0 0 0 0 0 0 0 ]
        [0 0 0 0 0 0 0 0 0 0 0 0 0 0 0 0 ]
        [0 0 0 0 0 0 0 0 0 0 0 0 0 0 0 0 ]
        [0 0 0 0 0 0 0 0 0 0 0 0 0 0 0 0 ]
        [0 0 0 0 0 0 0 0 0 0 0 0 0 0 0 0 ]
        [0 0 0 0 0 0 0 0 0 0 0 0 0 0 0 0 ]
        [0 0 0 0 0 0 0 0 0 0 0 0 0 0 0 0 ]
        [0 0 0 0 0 0 0 0 0 0 0 0 0 0 0 0 ]
        [0 0 0 0 0 0 0 0 0 0 0 0 0 0 0 0 ]
        [0 0 0 0 0 0 0 0 0 0 0 0 0 0 0 0 ]
        [0 0 0 0 0 0 0 0 0 0 0 0 0 0 0 0 ]
        [0 0 0 0 0 0 0 0 0 0 0 0 0 0 0 0 ]
        [0 0 0 0 0 0 0 0 0 0 0 0 0 0 0 0 ]
        [0 0 0 0 0 0 0 0 0 0 0 0 0 0 0 0 ]
        [0 0 0 0 0 0 0 0 0 0 0 0 0 0 0 0 ]
        [0 0 0 0 0 0 0 0 0 0 0 0 0 0 0 0 ]
        [0 0 0 0 0 0 0 0 0 0 0 0 0 0 0 0 ]
        [0 0 0 0 0 0 0 0 0 0 0 0 0 0 0 0 ]
        [0 0 0 0 0 0 0 0 0 0 0 0 0 0 0 0 ]
        [0 0 0 0 0 0 0 0 0 0 0 0 0 0 0 0 ]
        [0 0 0 0 0 0 0 0 0 0 0 0 0 0 0 0 ]
        [0 0 0 0 0 0 0 0 0 0 0 0 0 0 0 0 ]
        [0 0 0 0 0 0 0 0 0 0 0 0 0 0 0 0 ]
        [0 0 0 0 0 0 0 0 0 0 0 0 0 0 0 0 ]
        [0 0 0 0 0 0 0 0 0 0 0 0 0 0 0 0 ]
        [0 0 0 0 0 0 0 0 0 0 0 0 0 0 0 0 ]
        [0 0 0 0 0 0 0 0 0 0 0 0 0 0 0 0 ]
        [0 0 0 0 0 0 0 0 0 0 0 0 0 0 0 0 ]
        [0 0 0 0 0 0 0 0 0 0 0 0 0 0 0 0 ]
        [0 0 0 0 0 0 0 0 0 0 0 0 0 0 0 0 ]
        [0 0 0 0 0 0 0 0 0 0 0 0 0 0 0 0 ]
        [0 0 0 0 0 0 0 0 0 0 0 0 0 0 0 0 ]
        [0 0 0 0 0 0 0 0 0 0 0 0 0 0 0 0 ]
        [0 0 0 0 0 0 0 0 0 0 0 0 0 0 0 0 ]
        [0 0 0 0 0 0 0 0 0 0 0 0 0 0 0 0 ]
        [0 0 0 0 0 0 0 0 0 0 0 0 0 0 0 0 ]
        [0 0 0 0 0 0 0 0 0 0 0 0 0 0 0 0 ]
        [0 0 0 0 0 0 0 0 0 0 0 0 0 0 0 0 ]
        [0 0 0 0 0 0 0 0 0 0 0 0 0 0 0 0 ]
        [0 0 0 0 0 0 0 0 0 0 0 0 0 0 0 0 ]
        [0 0 0 0 0 0 0 0 0 0 0 0 0 0 0 0 ]
        [0 0 0 0 0 0 0 0 0 0 0 0 0 0 0 0 ]
        [0 0 0 0 0 0 0 0 0 0 0 0 0 0 0 0 ]
        [0 0 0 0 0 0 0 0 0 0 0 0 0 0 0 0 ]
        [0 0 0 0 0 0 0 0 0 0 0 0 0 0 0 0 ]
        [0 0 0 0 0 0 0 0 0 0 0 0 0 0 0 0 ]
        [0 0 0 0 0 0 0 0 0 0 0 0 0 0 0 0 ]
        [0 0 0 0 0 0 0 0 0 0 0 0 0 0 0 0 ]
        [0 0 0 0 0 0 0 0 0 0 0 0 0 0 0 0 ]
        [0 0 0 0 0 0 0 0 0 0 0 0 0 0 0 0 ]
        [0 0 0 0 0 0 0 0 0 0 0 0 0 0 0 0 ]
        [0 0 0 0 0 0 0 0 0 0 0 0 0 0 0 0 ]
        [0 0 0 0 0 0 0 0 0 0 0 0 0 0 0 0 ]
        [0 0 0 0 0 0 0 0 0 0 0 0 0 0 0 0 ]
        [0 0 0 0 0 0 0 0 0 0 0 0 0 0 0 0 ]
        [0 0 0 0 0 0 0 0 0 0 0 0 0 0 0 0 ]
        [0 0 0 0 0 0 0 0 0 0 0 0 0 0 0 0 ]
        [0 0 0 0 0 0 0 0 0 0 0 0 0 0 0 0 ]
        [0 0 0 0 0 0 0 0 0 0 0 0 0 0 0 0 ]
        [0 0 0 0 0 0 0 0 0 0 0 0 0 0 0 0 ]
        [0 0 0 0 0 0 0 0 0 0 0 0 0 0 0 0 ]
        [0 0 0 0 0 0 0 0 0 0 0 0 0 0 0 0 ]
        [0 0 0 0 0 0 0 0 0 0 0 0 0 0 0 0 ]
        [0 0 0 0 0 0 0 0 0 0 0 0 0 0 0 0 ]
        [0 0 0 0 0 0 0 0 0 0 0 0 0 0 0 0 ]
        [0 0 0 0 0 0 0 0 0 0 0 0 0 0 0 0 ]
        [0 0 0 0 0 0 0 0 0 0 0 0 0 0 0 0 ]
        [0 0 0 0 0 0 0 0 0 0 0 0 0 0 0 0 ]
        [0 0 0 0 0 0 0 0 0 0 0 0 0 0 0 0 ]
        [0 0 0 0 0 0 0 0 0 0 0 0 0 0 0 0 ]
        [0 0 0 0 0 0 0 0 0 0 0 0 0 0 0 0 ]
        [0 0 0 0 0 0 0 0 0 0 0 0 0 0 0 0 ]
        [0 0 0 0 0 0 0 0 0 0 0 0 0 0 0 0 ]
        [0 0 0 0 0 0 0 0 0 0 0 0 0 0 0 0 ]
        [0 0 0 0 0 0 0 0 0 0 0 0 0 0 0 0 ]
        [0 0 0 0 0 0 0 0 0 0 0 0 0 0 0 0 ]
        [0 0 0 0 0 0 0 0 0 0 0 0 0 0 0 0 ]
        [0 0 0 0 0 0 0 0 0 0 0 0 0 0 0 0 ]
        [0 0 0 0 0 0 0 0 0 0 0 0 0 0 0 0 ]
        [0 0 0 0 0 0 0 0 0 0 0 0 0 0 0 0 ]
        [0 0 0 0 0 0 0 0 0 0 0 0 0 0 0 0 ]
        [0 0 0 0 0 0 0 0 0 0 0 0 0 0 0 0 ]
        [0 0 0 0 0 0 0 0 0 0 0 0 0 0 0 0 ]
        [0 0 0 0 0 0 0 0 0 0 0 0 0 0 0 0 ]
        [0 0 0 0 0 0 0 0 0 0 0 0 0 0 0 0 ]
        [0 0 0 0 0 0 0 0 0 0 0 0 0 0 0 0 ]
        [0 0 0 0 0 0 0 0 0 0 0 0 0 0 0 0 ]
        [0 0 0 0 0 0 0 0 0 0 0 0 0 0 0 0 ]
        [0 0 0 0 0 0 0 0 0 0 0 0 0 0 0 0 ]
        [0 0 0 0 0 0 0 0 0 0 0 0 0 0 0 0 ]
        [0 0 0 0 0 0 0 0 0 0 0 0 0 0 0 0 ]
        [0 0 0 0 0 0 0 0 0 0 0 0 0 0 0 0 ]
        [0 0 0 0 0 0 0 0 0 0 0 0 0 0 0 0 ]
        [0 0 0 0 0 0 0 0 0 0 0 0 0 0 0 0 ]
        [0 0 0 0 0 0 0 0 0 0 0 0 0 0 0 0 ]
        [0 0 0 0 0 0 0 0 0 0 0 0 0 0 0 0 ]
        [0 0 0 0 0 0 0 0 0 0 0 0 0 0 0 0 ]
        [0 0 0 0 0 0 0 0 0 0 0 0 0 0 0 0 ]
        [0 0 0 0 0 0 0 0 0 0 0 0 0 0 0 0 ]
        [0 0 0 0 0 0 0 0 0 0 0 0 0 0 0 0 ]
        [0 0 0 0 0 0 0 0 0 0 0 0 0 0 0 0 ]
        [0 0 0 0 0 0 0 0 0 0 0 0 0 0 0 0 ]
        [0 0 0 0 0 0 0 0 0 0 0 0 0 0 0 0 ]
        [0 0 0 0 0 0 0 0 0 0 0 0 0 0 0 0 ]
        [0 0 0 0 0 0 0 0 0 0 0 0 0 0 0 0 ]
        [0 0 0 0 0 0 0 0 0 0 0 0 0 0 0 0 ]
        [0 0 0 0 0 0 0 0 0 0 0 0 0 0 0 0 ]
        [0 0 0 0 0 0 0 0 0 0 0 0 0 0 0 0 ]
        [0 0 0 0 0 0 0 0 0 0 0 0 0 0 0 0 ]
        [0 0 0 0 0 0 0 0 0 0 0 0 0 0 0 0 ]
        [0 0 0 0 0 0 0 0 0 0 0 0 0 0 0 0 ]
        [0 0 0 0 0 0 0 0 0 0 0 0 0 0 0 0 ]
        [0 0 0 0 0 0 0 0 0 0 0 0 0 0 0 0 ]
        [0 0 0 0 0 0 0 0 0 0 0 0 0 0 0 0 ]
        [0 0 0 0 0 0 0 0 0 0 0 0 0 0 0 0 ]
        [0 0 0 0 0 0 0 0 0 0 0 0 0 0 0 0 ]
        [0 0 0 0 0 0 0 0 0 0 0 0 0 0 0 0 ]
        [0 0 0 0 0 0 0 0 0 0 0 0 0 0 0 0 ]
        [0 0 0 0 0 0 0 0 0 0 0 0 0 0 0 0 ]
        [0 0 0 0 0 0 0 0 0 0 0 0 0 0 0 0 ]
        [0 0 0 0 0 0 0 0 0 0 0 0 0 0 0 0 ]
        [0 0 0 0 0 0 0 0 0 0 0 0 0 0 0 0 ]
        [0 0 0 0 0 0 0 0 0 0 0 0 0 0 0 0 ]
        [0 0 0 0 0 0 0 0 0 0 0 0 0 0 0 0 ]
        [0 0 0 0 0 0 0 0 0 0 0 0 0 0 0 0 ]
        [0 0 0 0 0 0 0 0 0 0 0 0 0 0 0 0 ]
        [0 0 0 0 0 0 0 0 0 0 0 0 0 0 0 0 ]
        [0 0 0 0 0 0 0 0 0 0 0 0 0 0 0 0 ]
        [0 0 0 0 0 0 0 0 0 0 0 0 0 0 0 0 ]
        [0 0 0 0 0 0 0 0 0 0 0 0 0 0 0 0 ]
        [0 0 0 0 0 0 0 0 0 0 0 0 0 0 0 0 ]
        [0 0 0 0 0 0 0 0 0 0 0 0 0 0 0 0 ]
        [0 0 0 0 0 0 0 0 0 0 0 0 0 0 0 0 ]
        [0 0 0 0 0 0 0 0 0 0 0 0 0 0 0 0 ]
        [0 0 0 0 0 0 0 0 0 0 0 0 0 0 0 0 ]
        [0 0 0 0 0 0 0 0 0 0 0 0 0 0 0 0 ]
        [0 0 0 0 0 0 0 0 0 0 0 0 0 0 0 0 ]
        [0 0 0 0 0 0 0 0 0 0 0 0 0 0 0 0 ]
        [0 0 0 0 0 0 0 0 0 0 0 0 0 0 0 0 ]
        [0 0 0 0 0 0 0 0 0 0 0 0 0 0 0 0 ]
        [0 0 0 0 0 0 0 0 0 0 0 0 0 0 0 0 ]
        [0 0 0 0 0 0 0 0 0 0 0 0 0 0 0 0 ]
        [0 0 0 0 0 0 0 0 0 0 0 0 0 0 0 0 ]
        [0 0 0 0 0 0 0 0 0 0 0 0 0 0 0 0 ]
        [0 0 0 0 0 0 0 0 0 0 0 0 0 0 0 0 ]
        [0 0 0 0 0 0 0 0 0 0 0 0 0 0 0 0 ]
        [0 0 0 0 0 0 0 0 0 0 0 0 0 0 0 0 ]
        [0 0 0 0 0 0 0 0 0 0 0 0 0 0 0 0 ]
        [0 0 0 0 0 0 0 0 0 0 0 0 0 0 0 0 ]
        [0 0 0 0 0 0 0 0 0 0 0 0 0 0 0 0 ]
        [0 0 0 0 0 0 0 0 0 0 0 0 0 0 0 0 ]
        [0 0 0 0 0 0 0 0 0 0 0 0 0 0 0 0 ]
        [0 0 0 0 0 0 0 0 0 0 0 0 0 0 0 0 ]
        [0 0 0 0 0 0 0 0 0 0 0 0 0 0 0 0 ]
        [0 0 0 0 0 0 0 0 0 0 0 0 0 0 0 0 ]
        [0 0 0 0 0 0 0 0 0 0 0 0 0 0 0 0 ]
        [0 0 0 0 0 0 0 0 0 0 0 0 0 0 0 0 ]
        [0 0 0 0 0 0 0 0 0 0 0 0 0 0 0 0 ]
        [0 0 0 0 0 0 0 0 0 0 0 0 0 0 0 0 ]
        [0 0 0 0 0 0 0 0 0 0 0 0 0 0 0 0 ]
        [0 0 0 0 0 0 0 0 0 0 0 0 0 0 0 0 ]
        [0 0 0 0 0 0 0 0 0 0 0 0 0 0 0 0 ]
        [0 0 0 0 0 0 0 0 0 0 0 0 0 0 0 0 ]
        [0 0 0 0 0 0 0 0 0 0 0 0 0 0 0 0 ]
        [0 0 0 0 0 0 0 0 0 0 0 0 0 0 0 0 ]
        [0 0 0 0 0 0 0 0 0 0 0 0 0 0 0 0 ]
        [0 0 0 0 0 0 0 0 0 0 0 0 0 0 0 0 ]
        [0 0 0 0 0 0 0 0 0 0 0 0 0 0 0 0 ]
        [0 0 0 0 0 0 0 0 0 0 0 0 0 0 0 0 ]
        [0 0 0 0 0 0 0 0 0 0 0 0 0 0 0 0 ]
        [0 0 0 0 0 0 0 0 0 0 0 0 0 0 0 0 ]
        [0 0 0 0 0 0 0 0 0 0 0 0 0 0 0 0 ]
        [0 0 0 0 0 0 0 0 0 0 0 0 0 0 0 0 ]
        [0 0 0 0 0 0 0 0 0 0 0 0 0 0 0 0 ]
        [0 0 0 0 0 0 0 0 0 0 0 0 0 0 0 0 ]
        [0 0 0 0 0 0 0 0 0 0 0 0 0 0 0 0 ]
        [0 0 0 0 0 0 0 0 0 0 0 0 0 0 0 0 ]
        [0 0 0 0 0 0 0 0 0 0 0 0 0 0 0 0 ]
        [0 0 0 0 0 0 0 0 0 0 0 0 0 0 0 0 ]
        [0 0 0 0 0 0 0 0 0 0 0 0 0 0 0 0 ]
        [0 0 0 0 0 0 0 0 0 0 0 0 0 0 0 0 ]
        [0 0 0 0 0 0 0 0 0 0 0 0 0 0 0 0 ]
        [0 0 0 0 0 0 0 0 0 0 0 0 0 0 0 0 ]
        [0 0 0 0 0 0 0 0 0 0 0 0 0 0 0 0 ]
        [0 0 0 0 0 0 0 0 0 0 0 0 0 0 0 0 ]
        [0 0 0 0 0 0 0 0 0 0 0 0 0 0 0 0 ]
        [0 0 0 0 0 0 0 0 0 0 0 0 0 0 0 0 ]
        [0 0 0 0 0 0 0 0 0 0 0 0 0 0 0 0 ]
        [0 0 0 0 0 0 0 0 0 0 0 0 0 0 0 0 ]
        [0 0 0 0 0 0 0 0 0 0 0 0 0 0 0 0 ]
        [0 0 0 0 0 0 0 0 0 0 0 0 0 0 0 0 ]
        [0 0 0 0 0 0 0 0 0 0 0 0 0 0 0 0 ]
        [0 0 0 0 0 0 0 0 0 0 0 0 0 0 0 0 ]
        [0 0 0 0 0 0 0 0 0 0 0 0 0 0 0 0 ]
        [0 0 0 0 0 0 0 0 0 0 0 0 0 0 0 0 ]
        [0 0 0 0 0 0 0 0 0 0 0 0 0 0 0 0 ]
        [0 0 0 0 0 0 0 0 0 0 0 0 0 0 0 0 ]
        [0 0 0 0 0 0 0 0 0 0 0 0 0 0 0 0 ]
        [0 0 0 0 0 0 0 0 0 0 0 0 0 0 0 0 ]
        [0 0 0 0 0 0 0 0 0 0 0 0 0 0 0 0 ]
        [0 0 0 0 0 0 0 0 0 0 0 0 0 0 0 0 ]
        [0 0 0 0 0 0 0 0 0 0 0 0 0 0 0 0 ]
        [0 0 0 0 0 0 0 0 0 0 0 0 0 0 0 0 ]
        [0 0 0 0 0 0 0 0 0 0 0 0 0 0 0 0 ]
        [0 0 0 0 0 0 0 0 0 0 0 0 0 0 0 0 ]
        [0 0 0 0 0 0 0 0 0 0 0 0 0 0 0 0 ]
        [0 0 0 0 0 0 0 0 0 0 0 0 0 0 0 0 ]
        [0 0 0 0 0 0 0 0 0 0 0 0 0 0 0 0 ]
        [0 0 0 0 0 0 0 0 0 0 0 0 0 0 0 0 ]
        [0 0 0 0 0 0 0 0 0 0 0 0 0 0 0 0 ]
        [0 0 0 0 0 0 0 0 0 0 0 0 0 0 0 0 ]
        [0 0 0 0 0 0 0 0 0 0 0 0 0 0 0 0 ]
        [0 0 0 0 0 0 0 0 0 0 0 0 0 0 0 0 ]
        [0 0 0 0 0 0 0 0 0 0 0 0 0 0 0 0 ]
        [0 0 0 0 0 0 0 0 0 0 0 0 0 0 0 0 ]
        [0 0 0 0 0 0 0 0 0 0 0 0 0 0 0 0 ]
        [0 0 0 0 0 0 0 0 0 0 0 0 0 0 0 0 ]
        [0 0 0 0 0 0 0 0 0 0 0 0 0 0 0 0 ]
        [0 0 0 0 0 0 0 0 0 0 0 0 0 0 0 0 ]
        [0 0 0 0 0 0 0 0 0 0 0 0 0 0 0 0 ]
        [0 0 0 0 0 0 0 0 0 0 0 0 0 0 0 0 ]
        [0 0 0 0 0 0 0 0 0 0 0 0 0 0 0 0 ]
        [0 0 0 0 0 0 0 0 0 0 0 0 0 0 0 0 ]
        [0 0 0 0 0 0 0 0 0 0 0 0 0 0 0 0 ]
        [0 0 0 0 0 0 0 0 0 0 0 0 0 0 0 0 ]
        [0 0 0 0 0 0 0 0 0 0 0 0 0 0 0 0 ]
        [0 0 0 0 0 0 0 0 0 0 0 0 0 0 0 0 ]
        [0 0 0 0 0 0 0 0 0 0 0 0 0 0 0 0 ]
        [0 0 0 0 0 0 0 0 0 0 0 0 0 0 0 0 ]
        [0 0 0 0 0 0 0 0 0 0 0 0 0 0 0 0 ]
        [0 0 0 0 0 0 0 0 0 0 0 0 0 0 0 0 ]
        [0 0 0 0 0 0 0 0 0 0 0 0 0 0 0 0 ]
        [0 0 0 0 0 0 0 0 0 0 0 0 0 0 0 0 ]
        [0 0 0 0 0 0 0 0 0 0 0 0 0 0 0 0 ]
        [0 0 0 0 0 0 0 0 0 0 0 0 0 0 0 0 ]
        [0 0 0 0 0 0 0 0 0 0 0 0 0 0 0 0 ]
        [0 0 0 0 0 0 0 0 0 0 0 0 0 0 0 0 ]
        [0 0 0 0 0 0 0 0 0 0 0 0 0 0 0 0 ]
        [0 0 0 0 0 0 0 0 0 0 0 0 0 0 0 0 ]
        [0 0 0 0 0 0 0 0 0 0 0 0 0 0 0 0 ]
        [0 0 0 0 0 0 0 0 0 0 0 0 0 0 0 0 ]
        [0 0 0 0 0 0 0 0 0 0 0 0 0 0 0 0 ]
        [0 0 0 0 0 0 0 0 0 0 0 0 0 0 0 0 ]
        [0 0 0 0 0 0 0 0 0 0 0 0 0 0 0 0 ]
        [0 0 0 0 0 0 0 0 0 0 0 0 0 0 0 0 ]
        [0 0 0 0 0 0 0 0 0 0 0 0 0 0 0 0 ]
        [0 0 0 0 0 0 0 0 0 0 0 0 0 0 0 0 ]
        [0 0 0 0 0 0 0 0 0 0 0 0 0 0 0 0 ]
        [0 0 0 0 0 0 0 0 0 0 0 0 0 0 0 0 ]
        [0 0 0 0 0 0 0 0 0 0 0 0 0 0 0 0 ]
        [0 0 0 0 0 0 0 0 0 0 0 0 0 0 0 0 ]
        [0 0 0 0 0 0 0 0 0 0 0 0 0 0 0 0 ]
        [0 0 0 0 0 0 0 0 0 0 0 0 0 0 0 0 ]
        [0 0 0 0 0 0 0 0 0 0 0 0 0 0 0 0 ]
        [0 0 0 0 0 0 0 0 0 0 0 0 0 0 0 0 ]
        [0 0 0 0 0 0 0 0 0 0 0 0 0 0 0 0 ]
        [0 0 0 0 0 0 0 0 0 0 0 0 0 0 0 0 ]
        [0 0 0 0 0 0 0 0 0 0 0 0 0 0 0 0 ]
        [0 0 0 0 0 0 0 0 0 0 0 0 0 0 0 0 ]
        [0 0 0 0 0 0 0 0 0 0 0 0 0 0 0 0 ]
        [0 0 0 0 0 0 0 0 0 0 0 0 0 0 0 0 ]
        [0 0 0 0 0 0 0 0 0 0 0 0 0 0 0 0 ]
        [0 0 0 0 0 0 0 0 0 0 0 0 0 0 0 0 ]
        [0 0 0 0 0 0 0 0 0 0 0 0 0 0 0 0 ]
        [0 0 0 0 0 0 0 0 0 0 0 0 0 0 0 0 ]
        [0 0 0 0 0 0 0 0 0 0 0 0 0 0 0 0 ]
        [0 0 0 0 0 0 0 0 0 0 0 0 0 0 0 0 ]
        [0 0 0 0 0 0 0 0 0 0 0 0 0 0 0 0 ]
        [0 0 0 0 0 0 0 0 0 0 0 0 0 0 0 0 ]
        [0 0 0 0 0 0 0 0 0 0 0 0 0 0 0 0 ]
        [0 0 0 0 0 0 0 0 0 0 0 0 0 0 0 0 ]
        [0 0 0 0 0 0 0 0 0 0 0 0 0 0 0 0 ]
        [0 0 0 0 0 0 0 0 0 0 0 0 0 0 0 0 ]
        [0 0 0 0 0 0 0 0 0 0 0 0 0 0 0 0 ]
        [0 0 0 0 0 0 0 0 0 0 0 0 0 0 0 0 ]
        [0 0 0 0 0 0 0 0 0 0 0 0 0 0 0 0 ]
        [0 0 0 0 0 0 0 0 0 0 0 0 0 0 0 0 ]
        [0 0 0 0 0 0 0 0 0 0 0 0 0 0 0 0 ]
        [0 0 0 0 0 0 0 0 0 0 0 0 0 0 0 0 ]
        [0 0 0 0 0 0 0 0 0 0 0 0 0 0 0 0 ]
        [0 0 0 0 0 0 0 0 0 0 0 0 0 0 0 0 ]
        [0 0 0 0 0 0 0 0 0 0 0 0 0 0 0 0 ]
        [0 0 0 0 0 0 0 0 0 0 0 0 0 0 0 0 ]
        [0 0 0 0 0 0 0 0 0 0 0 0 0 0 0 0 ]
        [0 0 0 0 0 0 0 0 0 0 0 0 0 0 0 0 ]
        [0 0 0 0 0 0 0 0 0 0 0 0 0 0 0 0 ]
        [0 0 0 0 0 0 0 0 0 0 0 0 0 0 0 0 ]
        [0 0 0 0 0 0 0 0 0 0 0 0 0 0 0 0 ]
        [0 0 0 0 0 0 0 0 0 0 0 0 0 0 0 0 ]
        [0 0 0 0 0 0 0 0 0 0 0 0 0 0 0 0 ]
        [0 0 0 0 0 0 0 0 0 0 0 0 0 0 0 0 ]
        [0 0 0 0 0 0 0 0 0 0 0 0 0 0 0 0 ]
        [0 0 0 0 0 0 0 0 0 0 0 0 0 0 0 0 ]
        [0 0 0 0 0 0 0 0 0 0 0 0 0 0 0 0 ]
        [0 0 0 0 0 0 0 0 0 0 0 0 0 0 0 0 ]
        [0 0 0 0 0 0 0 0 0 0 0 0 0 0 0 0 ]
        [0 0 0 0 0 0 0 0 0 0 0 0 0 0 0 0 ]
        [0 0 0 0 0 0 0 0 0 0 0 0 0 0 0 0 ]
        [0 0 0 0 0 0 0 0 0 0 0 0 0 0 0 0 ]
        [0 0 0 0 0 0 0 0 0 0 0 0 0 0 0 0 ]
        [0 0 0 0 0 0 0 0 0 0 0 0 0 0 0 0 ]
        [0 0 0 0 0 0 0 0 0 0 0 0 0 0 0 0 ]
        [0 0 0 0 0 0 0 0 0 0 0 0 0 0 0 0 ]
        [0 0 0 0 0 0 0 0 0 0 0 0 0 0 0 0 ]
        [0 0 0 0 0 0 0 0 0 0 0 0 0 0 0 0 ]
        [0 0 0 0 0 0 0 0 0 0 0 0 0 0 0 0 ]
        [0 0 0 0 0 0 0 0 0 0 0 0 0 0 0 0 ]
        [0 0 0 0 0 0 0 0 0 0 0 0 0 0 0 0 ]
        [0 0 0 0 0 0 0 0 0 0 0 0 0 0 0 0 ]
        [0 0 0 0 0 0 0 0 0 0 0 0 0 0 0 0 ]
        [0 0 0 0 0 0 0 0 0 0 0 0 0 0 0 0 ]
        [0 0 0 0 0 0 0 0 0 0 0 0 0 0 0 0 ]
        [0 0 0 0 0 0 0 0 0 0 0 0 0 0 0 0 ]
        [0 0 0 0 0 0 0 0 0 0 0 0 0 0 0 0 ]
        [0 0 0 0 0 0 0 0 0 0 0 0 0 0 0 0 ]
        [0 0 0 0 0 0 0 0 0 0 0 0 0 0 0 0 ]
        [0 0 0 0 0 0 0 0 0 0 0 0 0 0 0 0 ]
        [0 0 0 0 0 0 0 0 0 0 0 0 0 0 0 0 ]
        [0 0 0 0 0 0 0 0 0 0 0 0 0 0 0 0 ]
        [0 0 0 0 0 0 0 0 0 0 0 0 0 0 0 0 ]
        [0 0 0 0 0 0 0 0 0 0 0 0 0 0 0 0 ]
        [0 0 0 0 0 0 0 0 0 0 0 0 0 0 0 0 ]
        [0 0 0 0 0 0 0 0 0 0 0 0 0 0 0 0 ]
        [0 0 0 0 0 0 0 0 0 0 0 0 0 0 0 0 ]
        [0 0 0 0 0 0 0 0 0 0 0 0 0 0 0 0 ]
        [0 0 0 0 0 0 0 0 0 0 0 0 0 0 0 0 ]
        [0 0 0 0 0 0 0 0 0 0 0 0 0 0 0 0 ]
        [0 0 0 0 0 0 0 0 0 0 0 0 0 0 0 0 ]
        [0 0 0 0 0 0 0 0 0 0 0 0 0 0 0 0 ]
        [0 0 0 0 0 0 0 0 0 0 0 0 0 0 0 0 ]
        [0 0 0 0 0 0 0 0 0 0 0 0 0 0 0 0 ]
        [0 0 0 0 0 0 0 0 0 0 0 0 0 0 0 0 ]
        [0 0 0 0 0 0 0 0 0 0 0 0 0 0 0 0 ]
        [0 0 0 0 0 0 0 0 0 0 0 0 0 0 0 0 ]
        [0 0 0 0 0 0 0 0 0 0 0 0 0 0 0 0 ]
        [0 0 0 0 0 0 0 0 0 0 0 0 0 0 0 0 ]
        [0 0 0 0 0 0 0 0 0 0 0 0 0 0 0 0 ]
        [0 0 0 0 0 0 0 0 0 0 0 0 0 0 0 0 ]
        [0 0 0 0 0 0 0 0 0 0 0 0 0 0 0 0 ]
        [0 0 0 0 0 0 0 0 0 0 0 0 0 0 0 0 ]
        [0 0 0 0 0 0 0 0 0 0 0 0 0 0 0 0 ]
        [0 0 0 0 0 0 0 0 0 0 0 0 0 0 0 0 ]
        [0 0 0 0 0 0 0 0 0 0 0 0 0 0 0 0 ]
        [0 0 0 0 0 0 0 0 0 0 0 0 0 0 0 0 ]
        [0 0 0 0 0 0 0 0 0 0 0 0 0 0 0 0 ]
        [0 0 0 0 0 0 0 0 0 0 0 0 0 0 0 0 ]
        [0 0 0 0 0 0 0 0 0 0 0 0 0 0 0 0 ]
        [0 0 0 0 0 0 0 0 0 0 0 0 0 0 0 0 ]
        [0 0 0 0 0 0 0 0 0 0 0 0 0 0 0 0 ]
        [0 0 0 0 0 0 0 0 0 0 0 0 0 0 0 0 ]
        [0 0 0 0 0 0 0 0 0 0 0 0 0 0 0 0 ]
        [0 0 0 0 0 0 0 0 0 0 0 0 0 0 0 0 ]
        [0 0 0 0 0 0 0 0 0 0 0 0 0 0 0 0 ]
        [0 0 0 0 0 0 0 0 0 0 0 0 0 0 0 0 ]
        [0 0 0 0 0 0 0 0 0 0 0 0 0 0 0 0 ]
        [0 0 0 0 0 0 0 0 0 0 0 0 0 0 0 0 ]
        [0 0 0 0 0 0 0 0 0 0 0 0 0 0 0 0 ]
        [0 0 0 0 0 0 0 0 0 0 0 0 0 0 0 0 ]
        [0 0 0 0 0 0 0 0 0 0 0 0 0 0 0 0 ]
        [0 0 0 0 0 0 0 0 0 0 0 0 0 0 0 0 ]
        [0 0 0 0 0 0 0 0 0 0 0 0 0 0 0 0 ]
        [0 0 0 0 0 0 0 0 0 0 0 0 0 0 0 0 ]
        [0 0 0 0 0 0 0 0 0 0 0 0 0 0 0 0 ]
        [0 0 0 0 0 0 0 0 0 0 0 0 0 0 0 0 ]
        [0 0 0 0 0 0 0 0 0 0 0 0 0 0 0 0 ]
        [0 0 0 0 0 0 0 0 0 0 0 0 0 0 0 0 ]
        [0 0 0 0 0 0 0 0 0 0 0 0 0 0 0 0 ]
        [0 0 0 0 0 0 0 0 0 0 0 0 0 0 0 0 ]
        [0 0 0 0 0 0 0 0 0 0 0 0 0 0 0 0 ]
        [0 0 0 0 0 0 0 0 0 0 0 0 0 0 0 0 ]
        [0 0 0 0 0 0 0 0 0 0 0 0 0 0 0 0 ]
        [0 0 0 0 0 0 0 0 0 0 0 0 0 0 0 0 ]
        [0 0 0 0 0 0 0 0 0 0 0 0 0 0 0 0 ]
        [0 0 0 0 0 0 0 0 0 0 0 0 0 0 0 0 ]
        [0 0 0 0 0 0 0 0 0 0 0 0 0 0 0 0 ]
        [0 0 0 0 0 0 0 0 0 0 0 0 0 0 0 0 ]
        [0 0 0 0 0 0 0 0 0 0 0 0 0 0 0 0 ]
        [0 0 0 0 0 0 0 0 0 0 0 0 0 0 0 0 ]
        [0 0 0 0 0 0 0 0 0 0 0 0 0 0 0 0 ]
        [0 0 0 0 0 0 0 0 0 0 0 0 0 0 0 0 ]
        [0 0 0 0 0 0 0 0 0 0 0 0 0 0 0 0 ]
        [0 0 0 0 0 0 0 0 0 0 0 0 0 0 0 0 ]
        [0 0 0 0 0 0 0 0 0 0 0 0 0 0 0 0 ]
        [0 0 0 0 0 0 0 0 0 0 0 0 0 0 0 0 ]
        [0 0 0 0 0 0 0 0 0 0 0 0 0 0 0 0 ]
        [0 0 0 0 0 0 0 0 0 0 0 0 0 0 0 0 ]
        [0 0 0 0 0 0 0 0 0 0 0 0 0 0 0 0 ]
        [0 0 0 0 0 0 0 0 0 0 0 0 0 0 0 0 ]
        [0 0 0 0 0 0 0 0 0 0 0 0 0 0 0 0 ]
        [0 0 0 0 0 0 0 0 0 0 0 0 0 0 0 0 ]
        [0 0 0 0 0 0 0 0 0 0 0 0 0 0 0 0 ]
        [0 0 0 0 0 0 0 0 0 0 0 0 0 0 0 0 ]
        [0 0 0 0 0 0 0 0 0 0 0 0 0 0 0 0 ]
        [0 0 0 0 0 0 0 0 0 0 0 0 0 0 0 0 ]
        [0 0 0 0 0 0 0 0 0 0 0 0 0 0 0 0 ]
        [0 0 0 0 0 0 0 0 0 0 0 0 0 0 0 0 ]
        [0 0 0 0 0 0 0 0 0 0 0 0 0 0 0 0 ]
        [0 0 0 0 0 0 0 0 0 0 0 0 0 0 0 0 ]
        [0 0 0 0 0 0 0 0 0 0 0 0 0 0 0 0 ]
        [0 0 0 0 0 0 0 0 0 0 0 0 0 0 0 0 ]
        [0 0 0 0 0 0 0 0 0 0 0 0 0 0 0 0 ]
        [0 0 0 0 0 0 0 0 0 0 0 0 0 0 0 0 ]
        [0 0 0 0 0 0 0 0 0 0 0 0 0 0 0 0 ]
        [0 0 0 0 0 0 0 0 0 0 0 0 0 0 0 0 ]
        [0 0 0 0 0 0 0 0 0 0 0 0 0 0 0 0 ]
        [0 0 0 0 0 0 0 0 0 0 0 0 0 0 0 0 ]
        [0 0 0 0 0 0 0 0 0 0 0 0 0 0 0 0 ]
        [0 0 0 0 0 0 0 0 0 0 0 0 0 0 0 0 ]
        [0 0 0 0 0 0 0 0 0 0 0 0 0 0 0 0 ]
        [0 0 0 0 0 0 0 0 0 0 0 0 0 0 0 0 ]
        [0 0 0 0 0 0 0 0 0 0 0 0 0 0 0 0 ]
        [0 0 0 0 0 0 0 0 0 0 0 0 0 0 0 0 ]
        [0 0 0 0 0 0 0 0 0 0 0 0 0 0 0 0 ]
        [0 0 0 0 0 0 0 0 0 0 0 0 0 0 0 0 ]
        [0 0 0 0 0 0 0 0 0 0 0 0 0 0 0 0 ]
        [0 0 0 0 0 0 0 0 0 0 0 0 0 0 0 0 ]
        [0 0 0 0 0 0 0 0 0 0 0 0 0 0 0 0 ]
        [0 0 0 0 0 0 0 0 0 0 0 0 0 0 0 0 ]
        [0 0 0 0 0 0 0 0 0 0 0 0 0 0 0 0 ]
        [0 0 0 0 0 0 0 0 0 0 0 0 0 0 0 0 ]
        [0 0 0 0 0 0 0 0 0 0 0 0 0 0 0 0 ]
        [0 0 0 0 0 0 0 0 0 0 0 0 0 0 0 0 ]
        [0 0 0 0 0 0 0 0 0 0 0 0 0 0 0 0 ]
        [0 0 0 0 0 0 0 0 0 0 0 0 0 0 0 0 ]
        [0 0 0 0 0 0 0 0 0 0 0 0 0 0 0 0 ]
        [0 0 0 0 0 0 0 0 0 0 0 0 0 0 0 0 ]
        [0 0 0 0 0 0 0 0 0 0 0 0 0 0 0 0 ]
        [0 0 0 0 0 0 0 0 0 0 0 0 0 0 0 0 ]
        [0 0 0 0 0 0 0 0 0 0 0 0 0 0 0 0 ]
        [0 0 0 0 0 0 0 0 0 0 0 0 0 0 0 0 ]
        [0 0 0 0 0 0 0 0 0 0 0 0 0 0 0 0 ]
        [0 0 0 0 0 0 0 0 0 0 0 0 0 0 0 0 ]
        [0 0 0 0 0 0 0 0 0 0 0 0 0 0 0 0 ]
        [0 0 0 0 0 0 0 0 0 0 0 0 0 0 0 0 ]
        [0 0 0 0 0 0 0 0 0 0 0 0 0 0 0 0 ]
        [0 0 0 0 0 0 0 0 0 0 0 0 0 0 0 0 ]
        [0 0 0 0 0 0 0 0 0 0 0 0 0 0 0 0 ]
        [0 0 0 0 0 0 0 0 0 0 0 0 0 0 0 0 ]
        [0 0 0 0 0 0 0 0 0 0 0 0 0 0 0 0 ]
        [0 0 0 0 0 0 0 0 0 0 0 0 0 0 0 0 ]
        [0 0 0 0 0 0 0 0 0 0 0 0 0 0 0 0 ]
        [0 0 0 0 0 0 0 0 0 0 0 0 0 0 0 0 ]
        [0 0 0 0 0 0 0 0 0 0 0 0 0 0 0 0 ]
        [0 0 0 0 0 0 0 0 0 0 0 0 0 0 0 0 ]
        [0 0 0 0 0 0 0 0 0 0 0 0 0 0 0 0 ]
        [0 0 0 0 0 0 0 0 0 0 0 0 0 0 0 0 ]
        [0 0 0 0 0 0 0 0 0 0 0 0 0 0 0 0 ]
        [0 0 0 0 0 0 0 0 0 0 0 0 0 0 0 0 ]
        [0 0 0 0 0 0 0 0 0 0 0 0 0 0 0 0 ]
        [0 0 0 0 0 0 0 0 0 0 0 0 0 0 0 0 ]
        [0 0 0 0 0 0 0 0 0 0 0 0 0 0 0 0 ]
        [0 0 0 0 0 0 0 0 0 0 0 0 0 0 0 0 ]
        [0 0 0 0 0 0 0 0 0 0 0 0 0 0 0 0 ]
        [0 0 0 0 0 0 0 0 0 0 0 0 0 0 0 0 ]
        [0 0 0 0 0 0 0 0 0 0 0 0 0 0 0 0 ]
        [0 0 0 0 0 0 0 0 0 0 0 0 0 0 0 0 ]
        [0 0 0 0 0 0 0 0 0 0 0 0 0 0 0 0 ]
        [0 0 0 0 0 0 0 0 0 0 0 0 0 0 0 0 ]
        [0 0 0 0 0 0 0 0 0 0 0 0 0 0 0 0 ]
        [0 0 0 0 0 0 0 0 0 0 0 0 0 0 0 0 ]
        [0 0 0 0 0 0 0 0 0 0 0 0 0 0 0 0 ]
        [0 0 0 0 0 0 0 0 0 0 0 0 0 0 0 0 ]
        [0 0 0 0 0 0 0 0 0 0 0 0 0 0 0 0 ]
        [0 0 0 0 0 0 0 0 0 0 0 0 0 0 0 0 ]
        [0 0 0 0 0 0 0 0 0 0 0 0 0 0 0 0 ]
        [0 0 0 0 0 0 0 0 0 0 0 0 0 0 0 0 ]
        [0 0 0 0 0 0 0 0 0 0 0 0 0 0 0 0 ]
        [0 0 0 0 0 0 0 0 0 0 0 0 0 0 0 0 ]
        [0 0 0 0 0 0 0 0 0 0 0 0 0 0 0 0 ]
        [0 0 0 0 0 0 0 0 0 0 0 0 0 0 0 0 ]
        [0 0 0 0 0 0 0 0 0 0 0 0 0 0 0 0 ]
        [0 0 0 0 0 0 0 0 0 0 0 0 0 0 0 0 ]
        [0 0 0 0 0 0 0 0 0 0 0 0 0 0 0 0 ]
        [0 0 0 0 0 0 0 0 0 0 0 0 0 0 0 0 ]
        [0 0 0 0 0 0 0 0 0 0 0 0 0 0 0 0 ]
        [0 0 0 0 0 0 0 0 0 0 0 0 0 0 0 0 ]
        [0 0 0 0 0 0 0 0 0 0 0 0 0 0 0 0 ]
        [0 0 0 0 0 0 0 0 0 0 0 0 0 0 0 0 ]
        [0 0 0 0 0 0 0 0 0 0 0 0 0 0 0 0 ]
        [0 0 0 0 0 0 0 0 0 0 0 0 0 0 0 0 ]
        [0 0 0 0 0 0 0 0 0 0 0 0 0 0 0 0 ]
        [0 0 0 0 0 0 0 0 0 0 0 0 0 0 0 0 ]
        [0 0 0 0 0 0 0 0 0 0 0 0 0 0 0 0 ]
        [0 0 0 0 0 0 0 0 0 0 0 0 0 0 0 0 ]
        [0 0 0 0 0 0 0 0 0 0 0 0 0 0 0 0 ]
        [0 0 0 0 0 0 0 0 0 0 0 0 0 0 0 0 ]
        [0 0 0 0 0 0 0 0 0 0 0 0 0 0 0 0 ]
        [0 0 0 0 0 0 0 0 0 0 0 0 0 0 0 0 ]
        [0 0 0 0 0 0 0 0 0 0 0 0 0 0 0 0 ]
        [0 0 0 0 0 0 0 0 0 0 0 0 0 0 0 0 ]
        [0 0 0 0 0 0 0 0 0 0 0 0 0 0 0 0 ]
        [0 0 0 0 0 0 0 0 0 0 0 0 0 0 0 0 ]
        [0 0 0 0 0 0 0 0 0 0 0 0 0 0 0 0 ]
        [0 0 0 0 0 0 0 0 0 0 0 0 0 0 0 0 ]
        [0 0 0 0 0 0 0 0 0 0 0 0 0 0 0 0 ]
        [0 0 0 0 0 0 0 0 0 0 0 0 0 0 0 0 ]
        [0 0 0 0 0 0 0 0 0 0 0 0 0 0 0 0 ]
        [0 0 0 0 0 0 0 0 0 0 0 0 0 0 0 0 ]
        [0 0 0 0 0 0 0 0 0 0 0 0 0 0 0 0 ]
        [0 0 0 0 0 0 0 0 0 0 0 0 0 0 0 0 ]
        [0 0 0 0 0 0 0 0 0 0 0 0 0 0 0 0 ]
        [0 0 0 0 0 0 0 0 0 0 0 0 0 0 0 0 ]
        [0 0 0 0 0 0 0 0 0 0 0 0 0 0 0 0 ]
        [0 0 0 0 0 0 0 0 0 0 0 0 0 0 0 0 ]
        [0 0 0 0 0 0 0 0 0 0 0 0 0 0 0 0 ]
        [0 0 0 0 0 0 0 0 0 0 0 0 0 0 0 0 ]
        [0 0 0 0 0 0 0 0 0 0 0 0 0 0 0 0 ]
        [0 0 0 0 0 0 0 0 0 0 0 0 0 0 0 0 ]
        [0 0 0 0 0 0 0 0 0 0 0 0 0 0 0 0 ]
        [0 0 0 0 0 0 0 0 0 0 0 0 0 0 0 0 ]
        [0 0 0 0 0 0 0 0 0 0 0 0 0 0 0 0 ]
        [0 0 0 0 0 0 0 0 0 0 0 0 0 0 0 0 ]
        [0 0 0 0 0 0 0 0 0 0 0 0 0 0 0 0 ]
        [0 0 0 0 0 0 0 0 0 0 0 0 0 0 0 0 ]
        [0 0 0 0 0 0 0 0 0 0 0 0 0 0 0 0 ]
        [0 0 0 0 0 0 0 0 0 0 0 0 0 0 0 0 ]
        [0 0 0 0 0 0 0 0 0 0 0 0 0 0 0 0 ]
        [0 0 0 0 0 0 0 0 0 0 0 0 0 0 0 0 ]
        [0 0 0 0 0 0 0 0 0 0 0 0 0 0 0 0 ]
        [0 0 0 0 0 0 0 0 0 0 0 0 0 0 0 0 ]
        [0 0 0 0 0 0 0 0 0 0 0 0 0 0 0 0 ]
        [0 0 0 0 0 0 0 0 0 0 0 0 0 0 0 0 ]
        [0 0 0 0 0 0 0 0 0 0 0 0 0 0 0 0 ]
        [0 0 0 0 0 0 0 0 0 0 0 0 0 0 0 0 ]
        [0 0 0 0 0 0 0 0 0 0 0 0 0 0 0 0 ]
        [0 0 0 0 0 0 0 0 0 0 0 0 0 0 0 0 ]
        [0 0 0 0 0 0 0 0 0 0 0 0 0 0 0 0 ]
        [0 0 0 0 0 0 0 0 0 0 0 0 0 0 0 0 ]
        [0 0 0 0 0 0 0 0 0 0 0 0 0 0 0 0 ]
        [0 0 0 0 0 0 0 0 0 0 0 0 0 0 0 0 ]
        [0 0 0 0 0 0 0 0 0 0 0 0 0 0 0 0 ]
        [0 0 0 0 0 0 0 0 0 0 0 0 0 0 0 0 ]
        [0 0 0 0 0 0 0 0 0 0 0 0 0 0 0 0 ]
        [0 0 0 0 0 0 0 0 0 0 0 0 0 0 0 0 ]
        [0 0 0 0 0 0 0 0 0 0 0 0 0 0 0 0 ]
        [0 0 0 0 0 0 0 0 0 0 0 0 0 0 0 0 ]
        [0 0 0 0 0 0 0 0 0 0 0 0 0 0 0 0 ]
        [0 0 0 0 0 0 0 0 0 0 0 0 0 0 0 0 ]
        [0 0 0 0 0 0 0 0 0 0 0 0 0 0 0 0 ]
        [0 0 0 0 0 0 0 0 0 0 0 0 0 0 0 0 ]
        [0 0 0 0 0 0 0 0 0 0 0 0 0 0 0 0 ]
        [0 0 0 0 0 0 0 0 0 0 0 0 0 0 0 0 ]
        [0 0 0 0 0 0 0 0 0 0 0 0 0 0 0 0 ]
        [0 0 0 0 0 0 0 0 0 0 0 0 0 0 0 0 ]
        [0 0 0 0 0 0 0 0 0 0 0 0 0 0 0 0 ]
        [0 0 0 0 0 0 0 0 0 0 0 0 0 0 0 0 ]
        [0 0 0 0 0 0 0 0 0 0 0 0 0 0 0 0 ]
        [0 0 0 0 0 0 0 0 0 0 0 0 0 0 0 0 ]
        [0 0 0 0 0 0 0 0 0 0 0 0 0 0 0 0 ]
        [0 0 0 0 0 0 0 0 0 0 0 0 0 0 0 0 ]
        [0 0 0 0 0 0 0 0 0 0 0 0 0 0 0 0 ]
        [0 0 0 0 0 0 0 0 0 0 0 0 0 0 0 0 ]
        [0 0 0 0 0 0 0 0 0 0 0 0 0 0 0 0 ]
        [0 0 0 0 0 0 0 0 0 0 0 0 0 0 0 0 ]
        [0 0 0 0 0 0 0 0 0 0 0 0 0 0 0 0 ]
        [0 0 0 0 0 0 0 0 0 0 0 0 0 0 0 0 ]
        [0 0 0 0 0 0 0 0 0 0 0 0 0 0 0 0 ]
        [0 0 0 0 0 0 0 0 0 0 0 0 0 0 0 0 ]
        [0 0 0 0 0 0 0 0 0 0 0 0 0 0 0 0 ]
        [0 0 0 0 0 0 0 0 0 0 0 0 0 0 0 0 ]
        [0 0 0 0 0 0 0 0 0 0 0 0 0 0 0 0 ]
        [0 0 0 0 0 0 0 0 0 0 0 0 0 0 0 0 ]
        [0 0 0 0 0 0 0 0 0 0 0 0 0 0 0 0 ]
        [0 0 0 0 0 0 0 0 0 0 0 0 0 0 0 0 ]
        [0 0 0 0 0 0 0 0 0 0 0 0 0 0 0 0 ]
        [0 0 0 0 0 0 0 0 0 0 0 0 0 0 0 0 ]
        [0 0 0 0 0 0 0 0 0 0 0 0 0 0 0 0 ]
        [0 0 0 0 0 0 0 0 0 0 0 0 0 0 0 0 ]
        [0 0 0 0 0 0 0 0 0 0 0 0 0 0 0 0 ]
        [0 0 0 0 0 0 0 0 0 0 0 0 0 0 0 0 ]
        [0 0 0 0 0 0 0 0 0 0 0 0 0 0 0 0 ]
        [0 0 0 0 0 0 0 0 0 0 0 0 0 0 0 0 ]
        [0 0 0 0 0 0 0 0 0 0 0 0 0 0 0 0 ]
        [0 0 0 0 0 0 0 0 0 0 0 0 0 0 0 0 ]
        [0 0 0 0 0 0 0 0 0 0 0 0 0 0 0 0 ]
        [0 0 0 0 0 0 0 0 0 0 0 0 0 0 0 0 ]
        [0 0 0 0 0 0 0 0 0 0 0 0 0 0 0 0 ]
        [0 0 0 0 0 0 0 0 0 0 0 0 0 0 0 0 ]
        [0 0 0 0 0 0 0 0 0 0 0 0 0 0 0 0 ]
        [0 0 0 0 0 0 0 0 0 0 0 0 0 0 0 0 ]
        [0 0 0 0 0 0 0 0 0 0 0 0 0 0 0 0 ]
        [0 0 0 0 0 0 0 0 0 0 0 0 0 0 0 0 ]
        [0 0 0 0 0 0 0 0 0 0 0 0 0 0 0 0 ]
        [0 0 0 0 0 0 0 0 0 0 0 0 0 0 0 0 ]
        [0 0 0 0 0 0 0 0 0 0 0 0 0 0 0 0 ]
        [0 0 0 0 0 0 0 0 0 0 0 0 0 0 0 0 ]
        [0 0 0 0 0 0 0 0 0 0 0 0 0 0 0 0 ]
        [0 0 0 0 0 0 0 0 0 0 0 0 0 0 0 0 ]
        [0 0 0 0 0 0 0 0 0 0 0 0 0 0 0 0 ]
        [0 0 0 0 0 0 0 0 0 0 0 0 0 0 0 0 ]
        [0 0 0 0 0 0 0 0 0 0 0 0 0 0 0 0 ]
        [0 0 0 0 0 0 0 0 0 0 0 0 0 0 0 0 ]
        [0 0 0 0 0 0 0 0 0 0 0 0 0 0 0 0 ]
        [0 0 0 0 0 0 0 0 0 0 0 0 0 0 0 0 ]
        [0 0 0 0 0 0 0 0 0 0 0 0 0 0 0 0 ]
        [0 0 0 0 0 0 0 0 0 0 0 0 0 0 0 0 ]
        [0 0 0 0 0 0 0 0 0 0 0 0 0 0 0 0 ]
        [0 0 0 0 0 0 0 0 0 0 0 0 0 0 0 0 ]
        [0 0 0 0 0 0 0 0 0 0 0 0 0 0 0 0 ]
        [0 0 0 0 0 0 0 0 0 0 0 0 0 0 0 0 ]
        [0 0 0 0 0 0 0 0 0 0 0 0 0 0 0 0 ]
        [0 0 0 0 0 0 0 0 0 0 0 0 0 0 0 0 ]
        [0 0 0 0 0 0 0 0 0 0 0 0 0 0 0 0 ]
        [0 0 0 0 0 0 0 0 0 0 0 0 0 0 0 0 ]
        [0 0 0 0 0 0 0 0 0 0 0 0 0 0 0 0 ]
        [0 0 0 0 0 0 0 0 0 0 0 0 0 0 0 0 ]
        [0 0 0 0 0 0 0 0 0 0 0 0 0 0 0 0 ]
        [0 0 0 0 0 0 0 0 0 0 0 0 0 0 0 0 ]
        [0 0 0 0 0 0 0 0 0 0 0 0 0 0 0 0 ]
        [0 0 0 0 0 0 0 0 0 0 0 0 0 0 0 0 ]
        [0 0 0 0 0 0 0 0 0 0 0 0 0 0 0 0 ]
        [0 0 0 0 0 0 0 0 0 0 0 0 0 0 0 0 ]
        [0 0 0 0 0 0 0 0 0 0 0 0 0 0 0 0 ]
        [0 0 0 0 0 0 0 0 0 0 0 0 0 0 0 0 ]
        [0 0 0 0 0 0 0 0 0 0 0 0 0 0 0 0 ]
        [0 0 0 0 0 0 0 0 0 0 0 0 0 0 0 0 ]
        [0 0 0 0 0 0 0 0 0 0 0 0 0 0 0 0 ]
        [0 0 0 0 0 0 0 0 0 0 0 0 0 0 0 0 ]
        [0 0 0 0 0 0 0 0 0 0 0 0 0 0 0 0 ]
        [0 0 0 0 0 0 0 0 0 0 0 0 0 0 0 0 ]
        [0 0 0 0 0 0 0 0 0 0 0 0 0 0 0 0 ]
        [0 0 0 0 0 0 0 0 0 0 0 0 0 0 0 0 ]
        [0 0 0 0 0 0 0 0 0 0 0 0 0 0 0 0 ]
        [0 0 0 0 0 0 0 0 0 0 0 0 0 0 0 0 ]
        [0 0 0 0 0 0 0 0 0 0 0 0 0 0 0 0 ]
        [0 0 0 0 0 0 0 0 0 0 0 0 0 0 0 0 ]
        [0 0 0 0 0 0 0 0 0 0 0 0 0 0 0 0 ]
        [0 0 0 0 0 0 0 0 0 0 0 0 0 0 0 0 ]
        [0 0 0 0 0 0 0 0 0 0 0 0 0 0 0 0 ]
        [0 0 0 0 0 0 0 0 0 0 0 0 0 0 0 0 ]
        [0 0 0 0 0 0 0 0 0 0 0 0 0 0 0 0 ]
        [0 0 0 0 0 0 0 0 0 0 0 0 0 0 0 0 ]
        [0 0 0 0 0 0 0 0 0 0 0 0 0 0 0 0 ]
        [0 0 0 0 0 0 0 0 0 0 0 0 0 0 0 0 ]
        [0 0 0 0 0 0 0 0 0 0 0 0 0 0 0 0 ]
        [0 0 0 0 0 0 0 0 0 0 0 0 0 0 0 0 ]
        [0 0 0 0 0 0 0 0 0 0 0 0 0 0 0 0 ]
        [0 0 0 0 0 0 0 0 0 0 0 0 0 0 0 0 ]
        [0 0 0 0 0 0 0 0 0 0 0 0 0 0 0 0 ]
        [0 0 0 0 0 0 0 0 0 0 0 0 0 0 0 0 ]
        [0 0 0 0 0 0 0 0 0 0 0 0 0 0 0 0 ]
        [0 0 0 0 0 0 0 0 0 0 0 0 0 0 0 0 ]
        [0 0 0 0 0 0 0 0 0 0 0 0 0 0 0 0 ]
        [0 0 0 0 0 0 0 0 0 0 0 0 0 0 0 0 ]
        [0 0 0 0 0 0 0 0 0 0 0 0 0 0 0 0 ]
        [0 0 0 0 0 0 0 0 0 0 0 0 0 0 0 0 ]
        [0 0 0 0 0 0 0 0 0 0 0 0 0 0 0 0 ]
        [0 0 0 0 0 0 0 0 0 0 0 0 0 0 0 0 ]
        [0 0 0 0 0 0 0 0 0 0 0 0 0 0 0 0 ]
        [0 0 0 0 0 0 0 0 0 0 0 0 0 0 0 0 ]
        [0 0 0 0 0 0 0 0 0 0 0 0 0 0 0 0 ]
        [0 0 0 0 0 0 0 0 0 0 0 0 0 0 0 0 ]
        [0 0 0 0 0 0 0 0 0 0 0 0 0 0 0 0 ]
        [0 0 0 0 0 0 0 0 0 0 0 0 0 0 0 0 ]
        [0 0 0 0 0 0 0 0 0 0 0 0 0 0 0 0 ]
        [0 0 0 0 0 0 0 0 0 0 0 0 0 0 0 0 ]
        [0 0 0 0 0 0 0 0 0 0 0 0 0 0 0 0 ]
        [0 0 0 0 0 0 0 0 0 0 0 0 0 0 0 0 ]
        [0 0 0 0 0 0 0 0 0 0 0 0 0 0 0 0 ]
        [0 0 0 0 0 0 0 0 0 0 0 0 0 0 0 0 ]
        [0 0 0 0 0 0 0 0 0 0 0 0 0 0 0 0 ]
        [0 0 0 0 0 0 0 0 0 0 0 0 0 0 0 0 ]
        [0 0 0 0 0 0 0 0 0 0 0 0 0 0 0 0 ]
        [0 0 0 0 0 0 0 0 0 0 0 0 0 0 0 0 ]
        [0 0 0 0 0 0 0 0 0 0 0 0 0 0 0 0 ]
        [0 0 0 0 0 0 0 0 0 0 0 0 0 0 0 0 ]
        [0 0 0 0 0 0 0 0 0 0 0 0 0 0 0 0 ]
        [0 0 0 0 0 0 0 0 0 0 0 0 0 0 0 0 ]
        [0 0 0 0 0 0 0 0 0 0 0 0 0 0 0 0 ]
        [0 0 0 0 0 0 0 0 0 0 0 0 0 0 0 0 ]
        [0 0 0 0 0 0 0 0 0 0 0 0 0 0 0 0 ]
        [0 0 0 0 0 0 0 0 0 0 0 0 0 0 0 0 ]
        [0 0 0 0 0 0 0 0 0 0 0 0 0 0 0 0 ]
        [0 0 0 0 0 0 0 0 0 0 0 0 0 0 0 0 ]
        [0 0 0 0 0 0 0 0 0 0 0 0 0 0 0 0 ]
        [0 0 0 0 0 0 0 0 0 0 0 0 0 0 0 0 ]
        [0 0 0 0 0 0 0 0 0 0 0 0 0 0 0 0 ]
        [0 0 0 0 0 0 0 0 0 0 0 0 0 0 0 0 ]
        [0 0 0 0 0 0 0 0 0 0 0 0 0 0 0 0 ]
        [0 0 0 0 0 0 0 0 0 0 0 0 0 0 0 0 ]
        [0 0 0 0 0 0 0 0 0 0 0 0 0 0 0 0 ]
        [0 0 0 0 0 0 0 0 0 0 0 0 0 0 0 0 ]
        [0 0 0 0 0 0 0 0 0 0 0 0 0 0 0 0 ]
        [0 0 0 0 0 0 0 0 0 0 0 0 0 0 0 0 ]
        [0 0 0 0 0 0 0 0 0 0 0 0 0 0 0 0 ]
        [0 0 0 0 0 0 0 0 0 0 0 0 0 0 0 0 ]
        [0 0 0 0 0 0 0 0 0 0 0 0 0 0 0 0 ]
        [0 0 0 0 0 0 0 0 0 0 0 0 0 0 0 0 ]
        [0 0 0 0 0 0 0 0 0 0 0 0 0 0 0 0 ]
        [0 0 0 0 0 0 0 0 0 0 0 0 0 0 0 0 ]
        [0 0 0 0 0 0 0 0 0 0 0 0 0 0 0 0 ]
        [0 0 0 0 0 0 0 0 0 0 0 0 0 0 0 0 ]
        [0 0 0 0 0 0 0 0 0 0 0 0 0 0 0 0 ]
        [0 0 0 0 0 0 0 0 0 0 0 0 0 0 0 0 ]
        [0 0 0 0 0 0 0 0 0 0 0 0 0 0 0 0 ]
        [0 0 0 0 0 0 0 0 0 0 0 0 0 0 0 0 ]
        [0 0 0 0 0 0 0 0 0 0 0 0 0 0 0 0 ]
        [0 0 0 0 0 0 0 0 0 0 0 0 0 0 0 0 ]
        [0 0 0 0 0 0 0 0 0 0 0 0 0 0 0 0 ]
        [0 0 0 0 0 0 0 0 0 0 0 0 0 0 0 0 ]
        [0 0 0 0 0 0 0 0 0 0 0 0 0 0 0 0 ]
        [0 0 0 0 0 0 0 0 0 0 0 0 0 0 0 0 ]
        [0 0 0 0 0 0 0 0 0 0 0 0 0 0 0 0 ]
        [0 0 0 0 0 0 0 0 0 0 0 0 0 0 0 0 ]
        [0 0 0 0 0 0 0 0 0 0 0 0 0 0 0 0 ]
        [0 0 0 0 0 0 0 0 0 0 0 0 0 0 0 0 ]
        [0 0 0 0 0 0 0 0 0 0 0 0 0 0 0 0 ]
        [0 0 0 0 0 0 0 0 0 0 0 0 0 0 0 0 ]
        [0 0 0 0 0 0 0 0 0 0 0 0 0 0 0 0 ]
        [0 0 0 0 0 0 0 0 0 0 0 0 0 0 0 0 ]
        [0 0 0 0 0 0 0 0 0 0 0 0 0 0 0 0 ]
        [0 0 0 0 0 0 0 0 0 0 0 0 0 0 0 0 ]
        [0 0 0 0 0 0 0 0 0 0 0 0 0 0 0 0 ]
        [0 0 0 0 0 0 0 0 0 0 0 0 0 0 0 0 ]
        [0 0 0 0 0 0 0 0 0 0 0 0 0 0 0 0 ]
        [0 0 0 0 0 0 0 0 0 0 0 0 0 0 0 0 ]
        [0 0 0 0 0 0 0 0 0 0 0 0 0 0 0 0 ]
        [0 0 0 0 0 0 0 0 0 0 0 0 0 0 0 0 ]
        [0 0 0 0 0 0 0 0 0 0 0 0 0 0 0 0 ]
        [0 0 0 0 0 0 0 0 0 0 0 0 0 0 0 0 ]
        [0 0 0 0 0 0 0 0 0 0 0 0 0 0 0 0 ]
        [0 0 0 0 0 0 0 0 0 0 0 0 0 0 0 0 ]
        [0 0 0 0 0 0 0 0 0 0 0 0 0 0 0 0 ]
        [0 0 0 0 0 0 0 0 0 0 0 0 0 0 0 0 ]
        [0 0 0 0 0 0 0 0 0 0 0 0 0 0 0 0 ]
        [0 0 0 0 0 0 0 0 0 0 0 0 0 0 0 0 ]
        [0 0 0 0 0 0 0 0 0 0 0 0 0 0 0 0 ]
        [0 0 0 0 0 0 0 0 0 0 0 0 0 0 0 0 ]
        [0 0 0 0 0 0 0 0 0 0 0 0 0 0 0 0 ]
        [0 0 0 0 0 0 0 0 0 0 0 0 0 0 0 0 ]
        [0 0 0 0 0 0 0 0 0 0 0 0 0 0 0 0 ]
        [0 0 0 0 0 0 0 0 0 0 0 0 0 0 0 0 ]
        [0 0 0 0 0 0 0 0 0 0 0 0 0 0 0 0 ]
        [0 0 0 0 0 0 0 0 0 0 0 0 0 0 0 0 ]
        [0 0 0 0 0 0 0 0 0 0 0 0 0 0 0 0 ]
        [0 0 0 0 0 0 0 0 0 0 0 0 0 0 0 0 ]
        [0 0 0 0 0 0 0 0 0 0 0 0 0 0 0 0 ]
        [0 0 0 0 0 0 0 0 0 0 0 0 0 0 0 0 ]
        [0 0 0 0 0 0 0 0 0 0 0 0 0 0 0 0 ]
        [0 0 0 0 0 0 0 0 0 0 0 0 0 0 0 0 ]
        [0 0 0 0 0 0 0 0 0 0 0 0 0 0 0 0 ]
        [0 0 0 0 0 0 0 0 0 0 0 0 0 0 0 0 ]
        [0 0 0 0 0 0 0 0 0 0 0 0 0 0 0 0 ]
        [0 0 0 0 0 0 0 0 0 0 0 0 0 0 0 0 ]
        [0 0 0 0 0 0 0 0 0 0 0 0 0 0 0 0 ]
        [0 0 0 0 0 0 0 0 0 0 0 0 0 0 0 0 ]
        [0 0 0 0 0 0 0 0 0 0 0 0 0 0 0 0 ]
        [0 0 0 0 0 0 0 0 0 0 0 0 0 0 0 0 ]
        [0 0 0 0 0 0 0 0 0 0 0 0 0 0 0 0 ]
        [0 0 0 0 0 0 0 0 0 0 0 0 0 0 0 0 ]
        [0 0 0 0 0 0 0 0 0 0 0 0 0 0 0 0 ]
        [0 0 0 0 0 0 0 0 0 0 0 0 0 0 0 0 ]
        [0 0 0 0 0 0 0 0 0 0 0 0 0 0 0 0 ]
        [0 0 0 0 0 0 0 0 0 0 0 0 0 0 0 0 ]
        [0 0 0 0 0 0 0 0 0 0 0 0 0 0 0 0 ]
        [0 0 0 0 0 0 0 0 0 0 0 0 0 0 0 0 ]
        [0 0 0 0 0 0 0 0 0 0 0 0 0 0 0 0 ]
        [0 0 0 0 0 0 0 0 0 0 0 0 0 0 0 0 ]
        [0 0 0 0 0 0 0 0 0 0 0 0 0 0 0 0 ]
        [0 0 0 0 0 0 0 0 0 0 0 0 0 0 0 0 ]
        [0 0 0 0 0 0 0 0 0 0 0 0 0 0 0 0 ]
        [0 0 0 0 0 0 0 0 0 0 0 0 0 0 0 0 ]
        [0 0 0 0 0 0 0 0 0 0 0 0 0 0 0 0 ]
        [0 0 0 0 0 0 0 0 0 0 0 0 0 0 0 0 ]
        [0 0 0 0 0 0 0 0 0 0 0 0 0 0 0 0 ]
        [0 0 0 0 0 0 0 0 0 0 0 0 0 0 0 0 ]
        [0 0 0 0 0 0 0 0 0 0 0 0 0 0 0 0 ]
        [0 0 0 0 0 0 0 0 0 0 0 0 0 0 0 0 ]
        [0 0 0 0 0 0 0 0 0 0 0 0 0 0 0 0 ]
        [0 0 0 0 0 0 0 0 0 0 0 0 0 0 0 0 ]
        [0 0 0 0 0 0 0 0 0 0 0 0 0 0 0 0 ]
        [0 0 0 0 0 0 0 0 0 0 0 0 0 0 0 0 ]
        [0 0 0 0 0 0 0 0 0 0 0 0 0 0 0 0 ]
        [0 0 0 0 0 0 0 0 0 0 0 0 0 0 0 0 ]
        [0 0 0 0 0 0 0 0 0 0 0 0 0 0 0 0 ]
        [0 0 0 0 0 0 0 0 0 0 0 0 0 0 0 0 ]
        [0 0 0 0 0 0 0 0 0 0 0 0 0 0 0 0 ]
        [0 0 0 0 0 0 0 0 0 0 0 0 0 0 0 0 ]
        [0 0 0 0 0 0 0 0 0 0 0 0 0 0 0 0 ]
        [0 0 0 0 0 0 0 0 0 0 0 0 0 0 0 0 ]
        [0 0 0 0 0 0 0 0 0 0 0 0 0 0 0 0 ]
        [0 0 0 0 0 0 0 0 0 0 0 0 0 0 0 0 ]
        [0 0 0 0 0 0 0 0 0 0 0 0 0 0 0 0 ]
        [0 0 0 0 0 0 0 0 0 0 0 0 0 0 0 0 ]
        [0 0 0 0 0 0 0 0 0 0 0 0 0 0 0 0 ]
        [0 0 0 0 0 0 0 0 0 0 0 0 0 0 0 0 ]
        [0 0 0 0 0 0 0 0 0 0 0 0 0 0 0 0 ]
        [0 0 0 0 0 0 0 0 0 0 0 0 0 0 0 0 ]
        [0 0 0 0 0 0 0 0 0 0 0 0 0 0 0 0 ]
        [0 0 0 0 0 0 0 0 0 0 0 0 0 0 0 0 ]
        [0 0 0 0 0 0 0 0 0 0 0 0 0 0 0 0 ]
        [0 0 0 0 0 0 0 0 0 0 0 0 0 0 0 0 ]
        [0 0 0 0 0 0 0 0 0 0 0 0 0 0 0 0 ]
        [0 0 0 0 0 0 0 0 0 0 0 0 0 0 0 0 ]
        [0 0 0 0 0 0 0 0 0 0 0 0 0 0 0 0 ]
        [0 0 0 0 0 0 0 0 0 0 0 0 0 0 0 0 ]
        [0 0 0 0 0 0 0 0 0 0 0 0 0 0 0 0 ]
        [0 0 0 0 0 0 0 0 0 0 0 0 0 0 0 0 ]
        [0 0 0 0 0 0 0 0 0 0 0 0 0 0 0 0 ]
        [0 0 0 0 0 0 0 0 0 0 0 0 0 0 0 0 ]
        [0 0 0 0 0 0 0 0 0 0 0 0 0 0 0 0 ]
        [0 0 0 0 0 0 0 0 0 0 0 0 0 0 0 0 ]
        [0 0 0 0 0 0 0 0 0 0 0 0 0 0 0 0 ]
        [0 0 0 0 0 0 0 0 0 0 0 0 0 0 0 0 ]
        [0 0 0 0 0 0 0 0 0 0 0 0 0 0 0 0 ]
        [0 0 0 0 0 0 0 0 0 0 0 0 0 0 0 0 ]
        [0 0 0 0 0 0 0 0 0 0 0 0 0 0 0 0 ]
        [0 0 0 0 0 0 0 0 0 0 0 0 0 0 0 0 ]
        [0 0 0 0 0 0 0 0 0 0 0 0 0 0 0 0 ]
        [0 0 0 0 0 0 0 0 0 0 0 0 0 0 0 0 ]
        [0 0 0 0 0 0 0 0 0 0 0 0 0 0 0 0 ]
        [0 0 0 0 0 0 0 0 0 0 0 0 0 0 0 0 ]
        [0 0 0 0 0 0 0 0 0 0 0 0 0 0 0 0 ]
        [0 0 0 0 0 0 0 0 0 0 0 0 0 0 0 0 ]
        [0 0 0 0 0 0 0 0 0 0 0 0 0 0 0 0 ]
        [0 0 0 0 0 0 0 0 0 0 0 0 0 0 0 0 ]
        [0 0 0 0 0 0 0 0 0 0 0 0 0 0 0 0 ]
        [0 0 0 0 0 0 0 0 0 0 0 0 0 0 0 0 ]
        [0 0 0 0 0 0 0 0 0 0 0 0 0 0 0 0 ]
        [0 0 0 0 0 0 0 0 0 0 0 0 0 0 0 0 ]
        [0 0 0 0 0 0 0 0 0 0 0 0 0 0 0 0 ]
        [0 0 0 0 0 0 0 0 0 0 0 0 0 0 0 0 ]
        [0 0 0 0 0 0 0 0 0 0 0 0 0 0 0 0 ]
        [0 0 0 0 0 0 0 0 0 0 0 0 0 0 0 0 ]
        [0 0 0 0 0 0 0 0 0 0 0 0 0 0 0 0 ]
        [0 0 0 0 0 0 0 0 0 0 0 0 0 0 0 0 ]
        [0 0 0 0 0 0 0 0 0 0 0 0 0 0 0 0 ]
        [0 0 0 0 0 0 0 0 0 0 0 0 0 0 0 0 ]
        [0 0 0 0 0 0 0 0 0 0 0 0 0 0 0 0 ]
        [0 0 0 0 0 0 0 0 0 0 0 0 0 0 0 0 ]
        [0 0 0 0 0 0 0 0 0 0 0 0 0 0 0 0 ]
        [0 0 0 0 0 0 0 0 0 0 0 0 0 0 0 0 ]
        [0 0 0 0 0 0 0 0 0 0 0 0 0 0 0 0 ]
        [0 0 0 0 0 0 0 0 0 0 0 0 0 0 0 0 ]
        [0 0 0 0 0 0 0 0 0 0 0 0 0 0 0 0 ]
        [0 0 0 0 0 0 0 0 0 0 0 0 0 0 0 0 ]
        [0 0 0 0 0 0 0 0 0 0 0 0 0 0 0 0 ]
        [0 0 0 0 0 0 0 0 0 0 0 0 0 0 0 0 ]
        [0 0 0 0 0 0 0 0 0 0 0 0 0 0 0 0 ]
        [0 0 0 0 0 0 0 0 0 0 0 0 0 0 0 0 ]
        [0 0 0 0 0 0 0 0 0 0 0 0 0 0 0 0 ]
        [0 0 0 0 0 0 0 0 0 0 0 0 0 0 0 0 ]
        [0 0 0 0 0 0 0 0 0 0 0 0 0 0 0 0 ]
        [0 0 0 0 0 0 0 0 0 0 0 0 0 0 0 0 ]
        [0 0 0 0 0 0 0 0 0 0 0 0 0 0 0 0 ]
        [0 0 0 0 0 0 0 0 0 0 0 0 0 0 0 0 ]
        [0 0 0 0 0 0 0 0 0 0 0 0 0 0 0 0 ]
        [0 0 0 0 0 0 0 0 0 0 0 0 0 0 0 0 ]
        [0 0 0 0 0 0 0 0 0 0 0 0 0 0 0 0 ]
        [0 0 0 0 0 0 0 0 0 0 0 0 0 0 0 0 ]
        [0 0 0 0 0 0 0 0 0 0 0 0 0 0 0 0 ]
        [0 0 0 0 0 0 0 0 0 0 0 0 0 0 0 0 ]
        [0 0 0 0 0 0 0 0 0 0 0 0 0 0 0 0 ]
        [0 0 0 0 0 0 0 0 0 0 0 0 0 0 0 0 ]
        [0 0 0 0 0 0 0 0 0 0 0 0 0 0 0 0 ]
        [0 0 0 0 0 0 0 0 0 0 0 0 0 0 0 0 ]
        [0 0 0 0 0 0 0 0 0 0 0 0 0 0 0 0 ]
        [0 0 0 0 0 0 0 0 0 0 0 0 0 0 0 0 ]
        [0 0 0 0 0 0 0 0 0 0 0 0 0 0 0 0 ]
        [0 0 0 0 0 0 0 0 0 0 0 0 0 0 0 0 ]
        [0 0 0 0 0 0 0 0 0 0 0 0 0 0 0 0 ]
        [0 0 0 0 0 0 0 0 0 0 0 0 0 0 0 0 ]
        [0 0 0 0 0 0 0 0 0 0 0 0 0 0 0 0 ]
        [0 0 0 0 0 0 0 0 0 0 0 0 0 0 0 0 ]
        [0 0 0 0 0 0 0 0 0 0 0 0 0 0 0 0 ]
        [0 0 0 0 0 0 0 0 0 0 0 0 0 0 0 0 ]
        [0 0 0 0 0 0 0 0 0 0 0 0 0 0 0 0 ]
        [0 0 0 0 0 0 0 0 0 0 0 0 0 0 0 0 ]
        [0 0 0 0 0 0 0 0 0 0 0 0 0 0 0 0 ]
        [0 0 0 0 0 0 0 0 0 0 0 0 0 0 0 0 ]
        [0 0 0 0 0 0 0 0 0 0 0 0 0 0 0 0 ]
        [0 0 0 0 0 0 0 0 0 0 0 0 0 0 0 0 ]
        [0 0 0 0 0 0 0 0 0 0 0 0 0 0 0 0 ]
        [0 0 0 0 0 0 0 0 0 0 0 0 0 0 0 0 ]
        [0 0 0 0 0 0 0 0 0 0 0 0 0 0 0 0 ]
        [0 0 0 0 0 0 0 0 0 0 0 0 0 0 0 0 ]
        [0 0 0 0 0 0 0 0 0 0 0 0 0 0 0 0 ]
        [0 0 0 0 0 0 0 0 0 0 0 0 0 0 0 0 ]
        [0 0 0 0 0 0 0 0 0 0 0 0 0 0 0 0 ]
        [0 0 0 0 0 0 0 0 0 0 0 0 0 0 0 0 ]
        [0 0 0 0 0 0 0 0 0 0 0 0 0 0 0 0 ]
        [0 0 0 0 0 0 0 0 0 0 0 0 0 0 0 0 ]
        [0 0 0 0 0 0 0 0 0 0 0 0 0 0 0 0 ]
        [0 0 0 0 0 0 0 0 0 0 0 0 0 0 0 0 ]
        [0 0 0 0 0 0 0 0 0 0 0 0 0 0 0 0 ]
        [0 0 0 0 0 0 0 0 0 0 0 0 0 0 0 0 ]
        [0 0 0 0 0 0 0 0 0 0 0 0 0 0 0 0 ]
        [0 0 0 0 0 0 0 0 0 0 0 0 0 0 0 0 ]
        [0 0 0 0 0 0 0 0 0 0 0 0 0 0 0 0 ]
        [0 0 0 0 0 0 0 0 0 0 0 0 0 0 0 0 ]
        [0 0 0 0 0 0 0 0 0 0 0 0 0 0 0 0 ]
        [0 0 0 0 0 0 0 0 0 0 0 0 0 0 0 0 ]
        [0 0 0 0 0 0 0 0 0 0 0 0 0 0 0 0 ]
        [0 0 0 0 0 0 0 0 0 0 0 0 0 0 0 0 ]
        [0 0 0 0 0 0 0 0 0 0 0 0 0 0 0 0 ]
        [0 0 0 0 0 0 0 0 0 0 0 0 0 0 0 0 ]
        [0 0 0 0 0 0 0 0 0 0 0 0 0 0 0 0 ]
        [0 0 0 0 0 0 0 0 0 0 0 0 0 0 0 0 ]
        [0 0 0 0 0 0 0 0 0 0 0 0 0 0 0 0 ]
        [0 0 0 0 0 0 0 0 0 0 0 0 0 0 0 0 ]
        [0 0 0 0 0 0 0 0 0 0 0 0 0 0 0 0 ]
        [0 0 0 0 0 0 0 0 0 0 0 0 0 0 0 0 ]
        [0 0 0 0 0 0 0 0 0 0 0 0 0 0 0 0 ]
        [0 0 0 0 0 0 0 0 0 0 0 0 0 0 0 0 ]
        [0 0 0 0 0 0 0 0 0 0 0 0 0 0 0 0 ]
        [0 0 0 0 0 0 0 0 0 0 0 0 0 0 0 0 ]
        [0 0 0 0 0 0 0 0 0 0 0 0 0 0 0 0 ]
        [0 0 0 0 0 0 0 0 0 0 0 0 0 0 0 0 ]
        [0 0 0 0 0 0 0 0 0 0 0 0 0 0 0 0 ]
        [0 0 0 0 0 0 0 0 0 0 0 0 0 0 0 0 ]
        [0 0 0 0 0 0 0 0 0 0 0 0 0 0 0 0 ]
        [0 0 0 0 0 0 0 0 0 0 0 0 0 0 0 0 ]
        [0 0 0 0 0 0 0 0 0 0 0 0 0 0 0 0 ]
        [0 0 0 0 0 0 0 0 0 0 0 0 0 0 0 0 ]
        [0 0 0 0 0 0 0 0 0 0 0 0 0 0 0 0 ]
        [0 0 0 0 0 0 0 0 0 0 0 0 0 0 0 0 ]
        [0 0 0 0 0 0 0 0 0 0 0 0 0 0 0 0 ]
        [0 0 0 0 0 0 0 0 0 0 0 0 0 0 0 0 ]
        [0 0 0 0 0 0 0 0 0 0 0 0 0 0 0 0 ]
        [0 0 0 0 0 0 0 0 0 0 0 0 0 0 0 0 ]
        [0 0 0 0 0 0 0 0 0 0 0 0 0 0 0 0 ]
        [0 0 0 0 0 0 0 0 0 0 0 0 0 0 0 0 ]
        [0 0 0 0 0 0 0 0 0 0 0 0 0 0 0 0 ]
        [0 0 0 0 0 0 0 0 0 0 0 0 0 0 0 0 ]
        [0 0 0 0 0 0 0 0 0 0 0 0 0 0 0 0 ]
        [0 0 0 0 0 0 0 0 0 0 0 0 0 0 0 0 ]
        [0 0 0 0 0 0 0 0 0 0 0 0 0 0 0 0 ]
        [0 0 0 0 0 0 0 0 0 0 0 0 0 0 0 0 ]
        [0 0 0 0 0 0 0 0 0 0 0 0 0 0 0 0 ]
        [0 0 0 0 0 0 0 0 0 0 0 0 0 0 0 0 ]
        [0 0 0 0 0 0 0 0 0 0 0 0 0 0 0 0 ]
        [0 0 0 0 0 0 0 0 0 0 0 0 0 0 0 0 ]
        [0 0 0 0 0 0 0 0 0 0 0 0 0 0 0 0 ]
        [0 0 0 0 0 0 0 0 0 0 0 0 0 0 0 0 ]
        [0 0 0 0 0 0 0 0 0 0 0 0 0 0 0 0 ]
        [0 0 0 0 0 0 0 0 0 0 0 0 0 0 0 0 ]
        [0 0 0 0 0 0 0 0 0 0 0 0 0 0 0 0 ]
        [0 0 0 0 0 0 0 0 0 0 0 0 0 0 0 0 ]
        [0 0 0 0 0 0 0 0 0 0 0 0 0 0 0 0 ]
        [0 0 0 0 0 0 0 0 0 0 0 0 0 0 0 0 ]
        [0 0 0 0 0 0 0 0 0 0 0 0 0 0 0 0 ]
        [0 0 0 0 0 0 0 0 0 0 0 0 0 0 0 0 ]
        [0 0 0 0 0 0 0 0 0 0 0 0 0 0 0 0 ]
        [0 0 0 0 0 0 0 0 0 0 0 0 0 0 0 0 ]
        [0 0 0 0 0 0 0 0 0 0 0 0 0 0 0 0 ]
        [0 0 0 0 0 0 0 0 0 0 0 0 0 0 0 0 ]
        [0 0 0 0 0 0 0 0 0 0 0 0 0 0 0 0 ]
        [0 0 0 0 0 0 0 0 0 0 0 0 0 0 0 0 ]
        [0 0 0 0 0 0 0 0 0 0 0 0 0 0 0 0 ]
        [0 0 0 0 0 0 0 0 0 0 0 0 0 0 0 0 ]
        [0 0 0 0 0 0 0 0 0 0 0 0 0 0 0 0 ]
        [0 0 0 0 0 0 0 0 0 0 0 0 0 0 0 0 ]
        [0 0 0 0 0 0 0 0 0 0 0 0 0 0 0 0 ]
        [0 0 0 0 0 0 0 0 0 0 0 0 0 0 0 0 ]
        [0 0 0 0 0 0 0 0 0 0 0 0 0 0 0 0 ]
        [0 0 0 0 0 0 0 0 0 0 0 0 0 0 0 0 ]
        [0 0 0 0 0 0 0 0 0 0 0 0 0 0 0 0 ]
        [0 0 0 0 0 0 0 0 0 0 0 0 0 0 0 0 ]
        [0 0 0 0 0 0 0 0 0 0 0 0 0 0 0 0 ]
        [0 0 0 0 0 0 0 0 0 0 0 0 0 0 0 0 ]
        [0 0 0 0 0 0 0 0 0 0 0 0 0 0 0 0 ]
        [0 0 0 0 0 0 0 0 0 0 0 0 0 0 0 0 ]
        [0 0 0 0 0 0 0 0 0 0 0 0 0 0 0 0 ]
        [0 0 0 0 0 0 0 0 0 0 0 0 0 0 0 0 ]
        [0 0 0 0 0 0 0 0 0 0 0 0 0 0 0 0 ]
        [0 0 0 0 0 0 0 0 0 0 0 0 0 0 0 0 ]
        [0 0 0 0 0 0 0 0 0 0 0 0 0 0 0 0 ]
        [0 0 0 0 0 0 0 0 0 0 0 0 0 0 0 0 ]
        [0 0 0 0 0 0 0 0 0 0 0 0 0 0 0 0 ]
        [0 0 0 0 0 0 0 0 0 0 0 0 0 0 0 0 ]
        [0 0 0 0 0 0 0 0 0 0 0 0 0 0 0 0 ]
        [0 0 0 0 0 0 0 0 0 0 0 0 0 0 0 0 ]
        [0 0 0 0 0 0 0 0 0 0 0 0 0 0 0 0 ]
        [0 0 0 0 0 0 0 0 0 0 0 0 0 0 0 0 ]
        [0 0 0 0 0 0 0 0 0 0 0 0 0 0 0 0 ]
        [0 0 0 0 0 0 0 0 0 0 0 0 0 0 0 0 ]
        [0 0 0 0 0 0 0 0 0 0 0 0 0 0 0 0 ]
        [0 0 0 0 0 0 0 0 0 0 0 0 0 0 0 0 ]
        [0 0 0 0 0 0 0 0 0 0 0 0 0 0 0 0 ]
        [0 0 0 0 0 0 0 0 0 0 0 0 0 0 0 0 ]
        [0 0 0 0 0 0 0 0 0 0 0 0 0 0 0 0 ]
        [0 0 0 0 0 0 0 0 0 0 0 0 0 0 0 0 ]
        [0 0 0 0 0 0 0 0 0 0 0 0 0 0 0 0 ]
        [0 0 0 0 0 0 0 0 0 0 0 0 0 0 0 0 ]
        [0 0 0 0 0 0 0 0 0 0 0 0 0 0 0 0 ]
        [0 0 0 0 0 0 0 0 0 0 0 0 0 0 0 0 ]
        [0 0 0 0 0 0 0 0 0 0 0 0 0 0 0 0 ]
        [0 0 0 0 0 0 0 0 0 0 0 0 0 0 0 0 ]
        [0 0 0 0 0 0 0 0 0 0 0 0 0 0 0 0 ]
        [0 0 0 0 0 0 0 0 0 0 0 0 0 0 0 0 ]
        [0 0 0 0 0 0 0 0 0 0 0 0 0 0 0 0 ]
        [0 0 0 0 0 0 0 0 0 0 0 0 0 0 0 0 ]
        [0 0 0 0 0 0 0 0 0 0 0 0 0 0 0 0 ]
        [0 0 0 0 0 0 0 0 0 0 0 0 0 0 0 0 ]
        [0 0 0 0 0 0 0 0 0 0 0 0 0 0 0 0 ]
        [0 0 0 0 0 0 0 0 0 0 0 0 0 0 0 0 ]
        [0 0 0 0 0 0 0 0 0 0 0 0 0 0 0 0 ]
        [0 0 0 0 0 0 0 0 0 0 0 0 0 0 0 0 ]
        [0 0 0 0 0 0 0 0 0 0 0 0 0 0 0 0 ]
        [0 0 0 0 0 0 0 0 0 0 0 0 0 0 0 0 ]
        [0 0 0 0 0 0 0 0 0 0 0 0 0 0 0 0 ]
        [0 0 0 0 0 0 0 0 0 0 0 0 0 0 0 0 ]
        [0 0 0 0 0 0 0 0 0 0 0 0 0 0 0 0 ]
        [0 0 0 0 0 0 0 0 0 0 0 0 0 0 0 0 ]
        [0 0 0 0 0 0 0 0 0 0 0 0 0 0 0 0 ]
        [0 0 0 0 0 0 0 0 0 0 0 0 0 0 0 0 ]
        [0 0 0 0 0 0 0 0 0 0 0 0 0 0 0 0 ]
        [0 0 0 0 0 0 0 0 0 0 0 0 0 0 0 0 ]
        [0 0 0 0 0 0 0 0 0 0 0 0 0 0 0 0 ]
        [0 0 0 0 0 0 0 0 0 0 0 0 0 0 0 0 ]
        [0 0 0 0 0 0 0 0 0 0 0 0 0 0 0 0 ]
        [0 0 0 0 0 0 0 0 0 0 0 0 0 0 0 0 ]
        [0 0 0 0 0 0 0 0 0 0 0 0 0 0 0 0 ]
        [0 0 0 0 0 0 0 0 0 0 0 0 0 0 0 0 ]
        [0 0 0 0 0 0 0 0 0 0 0 0 0 0 0 0 ]
        [0 0 0 0 0 0 0 0 0 0 0 0 0 0 0 0 ]
        [0 0 0 0 0 0 0 0 0 0 0 0 0 0 0 0 ]
        [0 0 0 0 0 0 0 0 0 0 0 0 0 0 0 0 ]
        [0 0 0 0 0 0 0 0 0 0 0 0 0 0 0 0 ]
        [0 0 0 0 0 0 0 0 0 0 0 0 0 0 0 0 ]
        [0 0 0 0 0 0 0 0 0 0 0 0 0 0 0 0 ]
        [0 0 0 0 0 0 0 0 0 0 0 0 0 0 0 0 ]
        [0 0 0 0 0 0 0 0 0 0 0 0 0 0 0 0 ]
        [0 0 0 0 0 0 0 0 0 0 0 0 0 0 0 0 ]
        [0 0 0 0 0 0 0 0 0 0 0 0 0 0 0 0 ]
        [0 0 0 0 0 0 0 0 0 0 0 0 0 0 0 0 ]
        [0 0 0 0 0 0 0 0 0 0 0 0 0 0 0 0 ]
        [0 0 0 0 0 0 0 0 0 0 0 0 0 0 0 0 ]
        [0 0 0 0 0 0 0 0 0 0 0 0 0 0 0 0 ]
        [0 0 0 0 0 0 0 0 0 0 0 0 0 0 0 0 ]
        [0 0 0 0 0 0 0 0 0 0 0 0 0 0 0 0 ]
        [0 0 0 0 0 0 0 0 0 0 0 0 0 0 0 0 ]
        [0 0 0 0 0 0 0 0 0 0 0 0 0 0 0 0 ]
        [0 0 0 0 0 0 0 0 0 0 0 0 0 0 0 0 ]
        [0 0 0 0 0 0 0 0 0 0 0 0 0 0 0 0 ]
        [0 0 0 0 0 0 0 0 0 0 0 0 0 0 0 0 ]
        [0 0 0 0 0 0 0 0 0 0 0 0 0 0 0 0 ]
        [0 0 0 0 0 0 0 0 0 0 0 0 0 0 0 0 ]
        [0 0 0 0 0 0 0 0 0 0 0 0 0 0 0 0 ]
        [0 0 0 0 0 0 0 0 0 0 0 0 0 0 0 0 ]
        [0 0 0 0 0 0 0 0 0 0 0 0 0 0 0 0 ]
        [0 0 0 0 0 0 0 0 0 0 0 0 0 0 0 0 ]
        [0 0 0 0 0 0 0 0 0 0 0 0 0 0 0 0 ]
        [0 0 0 0 0 0 0 0 0 0 0 0 0 0 0 0 ]
        [0 0 0 0 0 0 0 0 0 0 0 0 0 0 0 0 ]
        [0 0 0 0 0 0 0 0 0 0 0 0 0 0 0 0 ]
        [0 0 0 0 0 0 0 0 0 0 0 0 0 0 0 0 ]
        [0 0 0 0 0 0 0 0 0 0 0 0 0 0 0 0 ]
        [0 0 0 0 0 0 0 0 0 0 0 0 0 0 0 0 ]
        [0 0 0 0 0 0 0 0 0 0 0 0 0 0 0 0 ]
        [0 0 0 0 0 0 0 0 0 0 0 0 0 0 0 0 ]
        [0 0 0 0 0 0 0 0 0 0 0 0 0 0 0 0 ]
        [0 0 0 0 0 0 0 0 0 0 0 0 0 0 0 0 ]
        [0 0 0 0 0 0 0 0 0 0 0 0 0 0 0 0 ]
        [0 0 0 0 0 0 0 0 0 0 0 0 0 0 0 0 ]
        [0 0 0 0 0 0 0 0 0 0 0 0 0 0 0 0 ]
        [0 0 0 0 0 0 0 0 0 0 0 0 0 0 0 0 ]
        [0 0 0 0 0 0 0 0 0 0 0 0 0 0 0 0 ]
        [0 0 0 0 0 0 0 0 0 0 0 0 0 0 0 0 ]
        [0 0 0 0 0 0 0 0 0 0 0 0 0 0 0 0 ]
        [0 0 0 0 0 0 0 0 0 0 0 0 0 0 0 0 ]
        [0 0 0 0 0 0 0 0 0 0 0 0 0 0 0 0 ]
        [0 0 0 0 0 0 0 0 0 0 0 0 0 0 0 0 ]
        [0 0 0 0 0 0 0 0 0 0 0 0 0 0 0 0 ]
        [0 0 0 0 0 0 0 0 0 0 0 0 0 0 0 0 ]
        [0 0 0 0 0 0 0 0 0 0 0 0 0 0 0 0 ]
        [0 0 0 0 0 0 0 0 0 0 0 0 0 0 0 0 ]
        [0 0 0 0 0 0 0 0 0 0 0 0 0 0 0 0 ]
        [0 0 0 0 0 0 0 0 0 0 0 0 0 0 0 0 ]
        [0 0 0 0 0 0 0 0 0 0 0 0 0 0 0 0 ]
        [0 0 0 0 0 0 0 0 0 0 0 0 0 0 0 0 ]
        [0 0 0 0 0 0 0 0 0 0 0 0 0 0 0 0 ]
        [0 0 0 0 0 0 0 0 0 0 0 0 0 0 0 0 ]
        [0 0 0 0 0 0 0 0 0 0 0 0 0 0 0 0 ]
        [0 0 0 0 0 0 0 0 0 0 0 0 0 0 0 0 ]
        [0 0 0 0 0 0 0 0 0 0 0 0 0 0 0 0 ]
        [0 0 0 0 0 0 0 0 0 0 0 0 0 0 0 0 ]
        [0 0 0 0 0 0 0 0 0 0 0 0 0 0 0 0 ]
        [0 0 0 0 0 0 0 0 0 0 0 0 0 0 0 0 ]
        [0 0 0 0 0 0 0 0 0 0 0 0 0 0 0 0 ]
        [0 0 0 0 0 0 0 0 0 0 0 0 0 0 0 0 ]
        [0 0 0 0 0 0 0 0 0 0 0 0 0 0 0 0 ]
        [0 0 0 0 0 0 0 0 0 0 0 0 0 0 0 0 ]
        [0 0 0 0 0 0 0 0 0 0 0 0 0 0 0 0 ]
        [0 0 0 0 0 0 0 0 0 0 0 0 0 0 0 0 ]
        [0 0 0 0 0 0 0 0 0 0 0 0 0 0 0 0 ]
        [0 0 0 0 0 0 0 0 0 0 0 0 0 0 0 0 ]
        [0 0 0 0 0 0 0 0 0 0 0 0 0 0 0 0 ]
        [0 0 0 0 0 0 0 0 0 0 0 0 0 0 0 0 ]
        [0 0 0 0 0 0 0 0 0 0 0 0 0 0 0 0 ]
        [0 0 0 0 0 0 0 0 0 0 0 0 0 0 0 0 ]
        [0 0 0 0 0 0 0 0 0 0 0 0 0 0 0 0 ]
        [0 0 0 0 0 0 0 0 0 0 0 0 0 0 0 0 ]
        [0 0 0 0 0 0 0 0 0 0 0 0 0 0 0 0 ]
        [0 0 0 0 0 0 0 0 0 0 0 0 0 0 0 0 ]
        [0 0 0 0 0 0 0 0 0 0 0 0 0 0 0 0 ]
        [0 0 0 0 0 0 0 0 0 0 0 0 0 0 0 0 ]
        [0 0 0 0 0 0 0 0 0 0 0 0 0 0 0 0 ]
        [0 0 0 0 0 0 0 0 0 0 0 0 0 0 0 0 ]
        [0 0 0 0 0 0 0 0 0 0 0 0 0 0 0 0 ]
        [0 0 0 0 0 0 0 0 0 0 0 0 0 0 0 0 ]
        [0 0 0 0 0 0 0 0 0 0 0 0 0 0 0 0 ]
        [0 0 0 0 0 0 0 0 0 0 0 0 0 0 0 0 ]
        [0 0 0 0 0 0 0 0 0 0 0 0 0 0 0 0 ]
        [0 0 0 0 0 0 0 0 0 0 0 0 0 0 0 0 ]
        [0 0 0 0 0 0 0 0 0 0 0 0 0 0 0 0 ]
        [0 0 0 0 0 0 0 0 0 0 0 0 0 0 0 0 ]
        [0 0 0 0 0 0 0 0 0 0 0 0 0 0 0 0 ]
        [0 0 0 0 0 0 0 0 0 0 0 0 0 0 0 0 ]
        [0 0 0 0 0 0 0 0 0 0 0 0 0 0 0 0 ]
        [0 0 0 0 0 0 0 0 0 0 0 0 0 0 0 0 ]
        [0 0 0 0 0 0 0 0 0 0 0 0 0 0 0 0 ]
        [0 0 0 0 0 0 0 0 0 0 0 0 0 0 0 0 ]
        [0 0 0 0 0 0 0 0 0 0 0 0 0 0 0 0 ]
        [0 0 0 0 0 0 0 0 0 0 0 0 0 0 0 0 ]
        [0 0 0 0 0 0 0 0 0 0 0 0 0 0 0 0 ]
        [0 0 0 0 0 0 0 0 0 0 0 0 0 0 0 0 ]
        [0 0 0 0 0 0 0 0 0 0 0 0 0 0 0 0 ]
        [0 0 0 0 0 0 0 0 0 0 0 0 0 0 0 0 ]
        [0 0 0 0 0 0 0 0 0 0 0 0 0 0 0 0 ]
        [0 0 0 0 0 0 0 0 0 0 0 0 0 0 0 0 ]
        [0 0 0 0 0 0 0 0 0 0 0 0 0 0 0 0 ]
        [0 0 0 0 0 0 0 0 0 0 0 0 0 0 0 0 ]
        [0 0 0 0 0 0 0 0 0 0 0 0 0 0 0 0 ]
        [0 0 0 0 0 0 0 0 0 0 0 0 0 0 0 0 ]
        [0 0 0 0 0 0 0 0 0 0 0 0 0 0 0 0 ]
        [0 0 0 0 0 0 0 0 0 0 0 0 0 0 0 0 ]
        [0 0 0 0 0 0 0 0 0 0 0 0 0 0 0 0 ]
        [0 0 0 0 0 0 0 0 0 0 0 0 0 0 0 0 ]
        [0 0 0 0 0 0 0 0 0 0 0 0 0 0 0 0 ]
        [0 0 0 0 0 0 0 0 0 0 0 0 0 0 0 0 ]
        [0 0 0 0 0 0 0 0 0 0 0 0 0 0 0 0 ]
        [0 0 0 0 0 0 0 0 0 0 0 0 0 0 0 0 ]
        [0 0 0 0 0 0 0 0 0 0 0 0 0 0 0 0 ]
        [0 0 0 0 0 0 0 0 0 0 0 0 0 0 0 0 ]
        [0 0 0 0 0 0 0 0 0 0 0 0 0 0 0 0 ]
        [0 0 0 0 0 0 0 0 0 0 0 0 0 0 0 0 ]
        [0 0 0 0 0 0 0 0 0 0 0 0 0 0 0 0 ]
        [0 0 0 0 0 0 0 0 0 0 0 0 0 0 0 0 ]
        [0 0 0 0 0 0 0 0 0 0 0 0 0 0 0 0 ]
        [0 0 0 0 0 0 0 0 0 0 0 0 0 0 0 0 ]
        [0 0 0 0 0 0 0 0 0 0 0 0 0 0 0 0 ]
        [0 0 0 0 0 0 0 0 0 0 0 0 0 0 0 0 ]
        [0 0 0 0 0 0 0 0 0 0 0 0 0 0 0 0 ]
        [0 0 0 0 0 0 0 0 0 0 0 0 0 0 0 0 ]
        [0 0 0 0 0 0 0 0 0 0 0 0 0 0 0 0 ]
        [0 0 0 0 0 0 0 0 0 0 0 0 0 0 0 0 ]
        [0 0 0 0 0 0 0 0 0 0 0 0 0 0 0 0 ]
        [0 0 0 0 0 0 0 0 0 0 0 0 0 0 0 0 ]
        [0 0 0 0 0 0 0 0 0 0 0 0 0 0 0 0 ]
        [0 0 0 0 0 0 0 0 0 0 0 0 0 0 0 0 ]
        [0 0 0 0 0 0 0 0 0 0 0 0 0 0 0 0 ]
        [0 0 0 0 0 0 0 0 0 0 0 0 0 0 0 0 ]
        [0 0 0 0 0 0 0 0 0 0 0 0 0 0 0 0 ]
        [0 0 0 0 0 0 0 0 0 0 0 0 0 0 0 0 ]
        [0 0 0 0 0 0 0 0 0 0 0 0 0 0 0 0 ]
        [0 0 0 0 0 0 0 0 0 0 0 0 0 0 0 0 ]
        [0 0 0 0 0 0 0 0 0 0 0 0 0 0 0 0 ]
        [0 0 0 0 0 0 0 0 0 0 0 0 0 0 0 0 ]
        [0 0 0 0 0 0 0 0 0 0 0 0 0 0 0 0 ]
        [0 0 0 0 0 0 0 0 0 0 0 0 0 0 0 0 ]
        [0 0 0 0 0 0 0 0 0 0 0 0 0 0 0 0 ]
        [0 0 0 0 0 0 0 0 0 0 0 0 0 0 0 0 ]
        [0 0 0 0 0 0 0 0 0 0 0 0 0 0 0 0 ]
        [0 0 0 0 0 0 0 0 0 0 0 0 0 0 0 0 ]
        [0 0 0 0 0 0 0 0 0 0 0 0 0 0 0 0 ]
        [0 0 0 0 0 0 0 0 0 0 0 0 0 0 0 0 ]
        [0 0 0 0 0 0 0 0 0 0 0 0 0 0 0 0 ]
        [0 0 0 0 0 0 0 0 0 0 0 0 0 0 0 0 ]
        [0 0 0 0 0 0 0 0 0 0 0 0 0 0 0 0 ]
        [0 0 0 0 0 0 0 0 0 0 0 0 0 0 0 0 ]
        [0 0 0 0 0 0 0 0 0 0 0 0 0 0 0 0 ]
        [0 0 0 0 0 0 0 0 0 0 0 0 0 0 0 0 ]
        [0 0 0 0 0 0 0 0 0 0 0 0 0 0 0 0 ]
        [0 0 0 0 0 0 0 0 0 0 0 0 0 0 0 0 ]
        [0 0 0 0 0 0 0 0 0 0 0 0 0 0 0 0 ]
        [0 0 0 0 0 0 0 0 0 0 0 0 0 0 0 0 ]
        [0 0 0 0 0 0 0 0 0 0 0 0 0 0 0 0 ]
        [0 0 0 0 0 0 0 0 0 0 0 0 0 0 0 0 ]
        [0 0 0 0 0 0 0 0 0 0 0 0 0 0 0 0 ]
        [0 0 0 0 0 0 0 0 0 0 0 0 0 0 0 0 ]
        [0 0 0 0 0 0 0 0 0 0 0 0 0 0 0 0 ]
        [0 0 0 0 0 0 0 0 0 0 0 0 0 0 0 0 ]
        [0 0 0 0 0 0 0 0 0 0 0 0 0 0 0 0 ]
        [0 0 0 0 0 0 0 0 0 0 0 0 0 0 0 0 ]
        [0 0 0 0 0 0 0 0 0 0 0 0 0 0 0 0 ]
        [0 0 0 0 0 0 0 0 0 0 0 0 0 0 0 0 ]
        [0 0 0 0 0 0 0 0 0 0 0 0 0 0 0 0 ]
        [0 0 0 0 0 0 0 0 0 0 0 0 0 0 0 0 ]
        [0 0 0 0 0 0 0 0 0 0 0 0 0 0 0 0 ]
        [0 0 0 0 0 0 0 0 0 0 0 0 0 0 0 0 ]
        [0 0 0 0 0 0 0 0 0 0 0 0 0 0 0 0 ]
        [0 0 0 0 0 0 0 0 0 0 0 0 0 0 0 0 ]
        [0 0 0 0 0 0 0 0 0 0 0 0 0 0 0 0 ]
        [0 0 0 0 0 0 0 0 0 0 0 0 0 0 0 0 ]
        [0 0 0 0 0 0 0 0 0 0 0 0 0 0 0 0 ]
        [0 0 0 0 0 0 0 0 0 0 0 0 0 0 0 0 ]
        [0 0 0 0 0 0 0 0 0 0 0 0 0 0 0 0 ]
        [0 0 0 0 0 0 0 0 0 0 0 0 0 0 0 0 ]
        [0 0 0 0 0 0 0 0 0 0 0 0 0 0 0 0 ]
        [0 0 0 0 0 0 0 0 0 0 0 0 0 0 0 0 ]
        [0 0 0 0 0 0 0 0 0 0 0 0 0 0 0 0 ]
        [0 0 0 0 0 0 0 0 0 0 0 0 0 0 0 0 ]
        [0 0 0 0 0 0 0 0 0 0 0 0 0 0 0 0 ]
        [0 0 0 0 0 0 0 0 0 0 0 0 0 0 0 0 ]
        [0 0 0 0 0 0 0 0 0 0 0 0 0 0 0 0 ]
        [0 0 0 0 0 0 0 0 0 0 0 0 0 0 0 0 ]
        [0 0 0 0 0 0 0 0 0 0 0 0 0 0 0 0 ]
        [0 0 0 0 0 0 0 0 0 0 0 0 0 0 0 0 ]
        [0 0 0 0 0 0 0 0 0 0 0 0 0 0 0 0 ]
        [0 0 0 0 0 0 0 0 0 0 0 0 0 0 0 0 ]
        [0 0 0 0 0 0 0 0 0 0 0 0 0 0 0 0 ]
        [0 0 0 0 0 0 0 0 0 0 0 0 0 0 0 0 ]
        [0 0 0 0 0 0 0 0 0 0 0 0 0 0 0 0 ]
        [0 0 0 0 0 0 0 0 0 0 0 0 0 0 0 0 ]
        [0 0 0 0 0 0 0 0 0 0 0 0 0 0 0 0 ]
        [0 0 0 0 0 0 0 0 0 0 0 0 0 0 0 0 ]
        [0 0 0 0 0 0 0 0 0 0 0 0 0 0 0 0 ]
        [0 0 0 0 0 0 0 0 0 0 0 0 0 0 0 0 ]
        [0 0 0 0 0 0 0 0 0 0 0 0 0 0 0 0 ]
        [0 0 0 0 0 0 0 0 0 0 0 0 0 0 0 0 ]
        [0 0 0 0 0 0 0 0 0 0 0 0 0 0 0 0 ]
        [0 0 0 0 0 0 0 0 0 0 0 0 0 0 0 0 ]
        [0 0 0 0 0 0 0 0 0 0 0 0 0 0 0 0 ]
        [0 0 0 0 0 0 0 0 0 0 0 0 0 0 0 0 ]
        [0 0 0 0 0 0 0 0 0 0 0 0 0 0 0 0 ]
        [0 0 0 0 0 0 0 0 0 0 0 0 0 0 0 0 ]
        [0 0 0 0 0 0 0 0 0 0 0 0 0 0 0 0 ]
        [0 0 0 0 0 0 0 0 0 0 0 0 0 0 0 0 ]
        [0 0 0 0 0 0 0 0 0 0 0 0 0 0 0 0 ]
        [0 0 0 0 0 0 0 0 0 0 0 0 0 0 0 0 ]
        [0 0 0 0 0 0 0 0 0 0 0 0 0 0 0 0 ]
        [0 0 0 0 0 0 0 0 0 0 0 0 0 0 0 0 ]
        [0 0 0 0 0 0 0 0 0 0 0 0 0 0 0 0 ]
        [0 0 0 0 0 0 0 0 0 0 0 0 0 0 0 0 ]
        [0 0 0 0 0 0 0 0 0 0 0 0 0 0 0 0 ]
        [0 0 0 0 0 0 0 0 0 0 0 0 0 0 0 0 ]
        [0 0 0 0 0 0 0 0 0 0 0 0 0 0 0 0 ]
        [0 0 0 0 0 0 0 0 0 0 0 0 0 0 0 0 ]
        [0 0 0 0 0 0 0 0 0 0 0 0 0 0 0 0 ]
        [0 0 0 0 0 0 0 0 0 0 0 0 0 0 0 0 ]
        [0 0 0 0 0 0 0 0 0 0 0 0 0 0 0 0 ]
        [0 0 0 0 0 0 0 0 0 0 0 0 0 0 0 0 ]
        [0 0 0 0 0 0 0 0 0 0 0 0 0 0 0 0 ]
        [0 0 0 0 0 0 0 0 0 0 0 0 0 0 0 0 ]
        [0 0 0 0 0 0 0 0 0 0 0 0 0 0 0 0 ]
        [0 0 0 0 0 0 0 0 0 0 0 0 0 0 0 0 ]
        [0 0 0 0 0 0 0 0 0 0 0 0 0 0 0 0 ]
        [0 0 0 0 0 0 0 0 0 0 0 0 0 0 0 0 ]
        [0 0 0 0 0 0 0 0 0 0 0 0 0 0 0 0 ]
        [0 0 0 0 0 0 0 0 0 0 0 0 0 0 0 0 ]
        [0 0 0 0 0 0 0 0 0 0 0 0 0 0 0 0 ]
        [0 0 0 0 0 0 0 0 0 0 0 0 0 0 0 0 ]
        [0 0 0 0 0 0 0 0 0 0 0 0 0 0 0 0 ]
        [0 0 0 0 0 0 0 0 0 0 0 0 0 0 0 0 ]
        [0 0 0 0 0 0 0 0 0 0 0 0 0 0 0 0 ]
        [0 0 0 0 0 0 0 0 0 0 0 0 0 0 0 0 ]
        [0 0 0 0 0 0 0 0 0 0 0 0 0 0 0 0 ]
        [0 0 0 0 0 0 0 0 0 0 0 0 0 0 0 0 ]
        [0 0 0 0 0 0 0 0 0 0 0 0 0 0 0 0 ]
        [0 0 0 0 0 0 0 0 0 0 0 0 0 0 0 0 ]
        [0 0 0 0 0 0 0 0 0 0 0 0 0 0 0 0 ]
        [0 0 0 0 0 0 0 0 0 0 0 0 0 0 0 0 ]
        [0 0 0 0 0 0 0 0 0 0 0 0 0 0 0 0 ]
        [0 0 0 0 0 0 0 0 0 0 0 0 0 0 0 0 ]
        [0 0 0 0 0 0 0 0 0 0 0 0 0 0 0 0 ]
        [0 0 0 0 0 0 0 0 0 0 0 0 0 0 0 0 ]
        [0 0 0 0 0 0 0 0 0 0 0 0 0 0 0 0 ]
        [0 0 0 0 0 0 0 0 0 0 0 0 0 0 0 0 ]
        [0 0 0 0 0 0 0 0 0 0 0 0 0 0 0 0 ]
        [0 0 0 0 0 0 0 0 0 0 0 0 0 0 0 0 ]
        [0 0 0 0 0 0 0 0 0 0 0 0 0 0 0 0 ]
        [0 0 0 0 0 0 0 0 0 0 0 0 0 0 0 0 ]
        [0 0 0 0 0 0 0 0 0 0 0 0 0 0 0 0 ]
        [0 0 0 0 0 0 0 0 0 0 0 0 0 0 0 0 ]
        [0 0 0 0 0 0 0 0 0 0 0 0 0 0 0 0 ]
        [0 0 0 0 0 0 0 0 0 0 0 0 0 0 0 0 ]
        [0 0 0 0 0 0 0 0 0 0 0 0 0 0 0 0 ]
        [0 0 0 0 0 0 0 0 0 0 0 0 0 0 0 0 ]
        [0 0 0 0 0 0 0 0 0 0 0 0 0 0 0 0 ]
        [0 0 0 0 0 0 0 0 0 0 0 0 0 0 0 0 ]
        [0 0 0 0 0 0 0 0 0 0 0 0 0 0 0 0 ]
        [0 0 0 0 0 0 0 0 0 0 0 0 0 0 0 0 ]
        [0 0 0 0 0 0 0 0 0 0 0 0 0 0 0 0 ]
        [0 0 0 0 0 0 0 0 0 0 0 0 0 0 0 0 ]
        [0 0 0 0 0 0 0 0 0 0 0 0 0 0 0 0 ]
        [0 0 0 0 0 0 0 0 0 0 0 0 0 0 0 0 ]
        [0 0 0 0 0 0 0 0 0 0 0 0 0 0 0 0 ]
        [0 0 0 0 0 0 0 0 0 0 0 0 0 0 0 0 ]
        [0 0 0 0 0 0 0 0 0 0 0 0 0 0 0 0 ]
        [0 0 0 0 0 0 0 0 0 0 0 0 0 0 0 0 ]
        [0 0 0 0 0 0 0 0 0 0 0 0 0 0 0 0 ]
        [0 0 0 0 0 0 0 0 0 0 0 0 0 0 0 0 ]
        [0 0 0 0 0 0 0 0 0 0 0 0 0 0 0 0 ]
        [0 0 0 0 0 0 0 0 0 0 0 0 0 0 0 0 ]
        [0 0 0 0 0 0 0 0 0 0 0 0 0 0 0 0 ]
        [0 0 0 0 0 0 0 0 0 0 0 0 0 0 0 0 ]
        [0 0 0 0 0 0 0 0 0 0 0 0 0 0 0 0 ]
        [0 0 0 0 0 0 0 0 0 0 0 0 0 0 0 0 ]
        [0 0 0 0 0 0 0 0 0 0 0 0 0 0 0 0 ]
        [0 0 0 0 0 0 0 0 0 0 0 0 0 0 0 0 ]
        [0 0 0 0 0 0 0 0 0 0 0 0 0 0 0 0 ]
        [0 0 0 0 0 0 0 0 0 0 0 0 0 0 0 0 ]
        [0 0 0 0 0 0 0 0 0 0 0 0 0 0 0 0 ]
        [0 0 0 0 0 0 0 0 0 0 0 0 0 0 0 0 ]
        [0 0 0 0 0 0 0 0 0 0 0 0 0 0 0 0 ]
        [0 0 0 0 0 0 0 0 0 0 0 0 0 0 0 0 ]
        [0 0 0 0 0 0 0 0 0 0 0 0 0 0 0 0 ]
        [0 0 0 0 0 0 0 0 0 0 0 0 0 0 0 0 ]
        [0 0 0 0 0 0 0 0 0 0 0 0 0 0 0 0 ]
        [0 0 0 0 0 0 0 0 0 0 0 0 0 0 0 0 ]
        [0 0 0 0 0 0 0 0 0 0 0 0 0 0 0 0 ]
        [0 0 0 0 0 0 0 0 0 0 0 0 0 0 0 0 ]
        [0 0 0 0 0 0 0 0 0 0 0 0 0 0 0 0 ]
        [0 0 0 0 0 0 0 0 0 0 0 0 0 0 0 0 ]
        [0 0 0 0 0 0 0 0 0 0 0 0 0 0 0 0 ]
        [0 0 0 0 0 0 0 0 0 0 0 0 0 0 0 0 ]
        [0 0 0 0 0 0 0 0 0 0 0 0 0 0 0 0 ]
        [0 0 0 0 0 0 0 0 0 0 0 0 0 0 0 0 ]
        [0 0 0 0 0 0 0 0 0 0 0 0 0 0 0 0 ]
        [0 0 0 0 0 0 0 0 0 0 0 0 0 0 0 0 ]
        [0 0 0 0 0 0 0 0 0 0 0 0 0 0 0 0 ]
        [0 0 0 0 0 0 0 0 0 0 0 0 0 0 0 0 ]
        [0 0 0 0 0 0 0 0 0 0 0 0 0 0 0 0 ]
        [0 0 0 0 0 0 0 0 0 0 0 0 0 0 0 0 ]
        [0 0 0 0 0 0 0 0 0 0 0 0 0 0 0 0 ]
        [0 0 0 0 0 0 0 0 0 0 0 0 0 0 0 0 ]
        [0 0 0 0 0 0 0 0 0 0 0 0 0 0 0 0 ]
        [0 0 0 0 0 0 0 0 0 0 0 0 0 0 0 0 ]
        [0 0 0 0 0 0 0 0 0 0 0 0 0 0 0 0 ]
        [0 0 0 0 0 0 0 0 0 0 0 0 0 0 0 0 ]
        [0 0 0 0 0 0 0 0 0 0 0 0 0 0 0 0 ]
        [0 0 0 0 0 0 0 0 0 0 0 0 0 0 0 0 ]
        [0 0 0 0 0 0 0 0 0 0 0 0 0 0 0 0 ]
        [0 0 0 0 0 0 0 0 0 0 0 0 0 0 0 0 ]
        [0 0 0 0 0 0 0 0 0 0 0 0 0 0 0 0 ]
        [0 0 0 0 0 0 0 0 0 0 0 0 0 0 0 0 ]
        [0 0 0 0 0 0 0 0 0 0 0 0 0 0 0 0 ]
        [0 0 0 0 0 0 0 0 0 0 0 0 0 0 0 0 ]
        [0 0 0 0 0 0 0 0 0 0 0 0 0 0 0 0 ]
        [0 0 0 0 0 0 0 0 0 0 0 0 0 0 0 0 ]
        [0 0 0 0 0 0 0 0 0 0 0 0 0 0 0 0 ]
        [0 0 0 0 0 0 0 0 0 0 0 0 0 0 0 0 ]
        [0 0 0 0 0 0 0 0 0 0 0 0 0 0 0 0 ]
        [0 0 0 0 0 0 0 0 0 0 0 0 0 0 0 0 ]
        [0 0 0 0 0 0 0 0 0 0 0 0 0 0 0 0 ]
        [0 0 0 0 0 0 0 0 0 0 0 0 0 0 0 0 ]
        [0 0 0 0 0 0 0 0 0 0 0 0 0 0 0 0 ]
        [0 0 0 0 0 0 0 0 0 0 0 0 0 0 0 0 ]
        [0 0 0 0 0 0 0 0 0 0 0 0 0 0 0 0 ]
        [0 0 0 0 0 0 0 0 0 0 0 0 0 0 0 0 ]
        [0 0 0 0 0 0 0 0 0 0 0 0 0 0 0 0 ]
        [0 0 0 0 0 0 0 0 0 0 0 0 0 0 0 0 ]
        [0 0 0 0 0 0 0 0 0 0 0 0 0 0 0 0 ]
        [0 0 0 0 0 0 0 0 0 0 0 0 0 0 0 0 ]
        [0 0 0 0 0 0 0 0 0 0 0 0 0 0 0 0 ]
        [0 0 0 0 0 0 0 0 0 0 0 0 0 0 0 0 ]
        [0 0 0 0 0 0 0 0 0 0 0 0 0 0 0 0 ]
        [0 0 0 0 0 0 0 0 0 0 0 0 0 0 0 0 ]
        [0 0 0 0 0 0 0 0 0 0 0 0 0 0 0 0 ]
        [0 0 0 0 0 0 0 0 0 0 0 0 0 0 0 0 ]
        [0 0 0 0 0 0 0 0 0 0 0 0 0 0 0 0 ]
        [0 0 0 0 0 0 0 0 0 0 0 0 0 0 0 0 ]
        [0 0 0 0 0 0 0 0 0 0 0 0 0 0 0 0 ]
        [0 0 0 0 0 0 0 0 0 0 0 0 0 0 0 0 ]
        [0 0 0 0 0 0 0 0 0 0 0 0 0 0 0 0 ]
        [0 0 0 0 0 0 0 0 0 0 0 0 0 0 0 0 ]
        [0 0 0 0 0 0 0 0 0 0 0 0 0 0 0 0 ]
        [0 0 0 0 0 0 0 0 0 0 0 0 0 0 0 0 ]
        [0 0 0 0 0 0 0 0 0 0 0 0 0 0 0 0 ]
        [0 0 0 0 0 0 0 0 0 0 0 0 0 0 0 0 ]
        [0 0 0 0 0 0 0 0 0 0 0 0 0 0 0 0 ]
        [0 0 0 0 0 0 0 0 0 0 0 0 0 0 0 0 ]
        [0 0 0 0 0 0 0 0 0 0 0 0 0 0 0 0 ]
        [0 0 0 0 0 0 0 0 0 0 0 0 0 0 0 0 ]
        [0 0 0 0 0 0 0 0 0 0 0 0 0 0 0 0 ]
        [0 0 0 0 0 0 0 0 0 0 0 0 0 0 0 0 ]
        [0 0 0 0 0 0 0 0 0 0 0 0 0 0 0 0 ]
        [0 0 0 0 0 0 0 0 0 0 0 0 0 0 0 0 ]
        [0 0 0 0 0 0 0 0 0 0 0 0 0 0 0 0 ]
        [0 0 0 0 0 0 0 0 0 0 0 0 0 0 0 0 ]
        [0 0 0 0 0 0 0 0 0 0 0 0 0 0 0 0 ]
        [0 0 0 0 0 0 0 0 0 0 0 0 0 0 0 0 ]
        [0 0 0 0 0 0 0 0 0 0 0 0 0 0 0 0 ]
        [0 0 0 0 0 0 0 0 0 0 0 0 0 0 0 0 ]
        [0 0 0 0 0 0 0 0 0 0 0 0 0 0 0 0 ]
        [0 0 0 0 0 0 0 0 0 0 0 0 0 0 0 0 ]
        [0 0 0 0 0 0 0 0 0 0 0 0 0 0 0 0 ]
        [0 0 0 0 0 0 0 0 0 0 0 0 0 0 0 0 ]
        [0 0 0 0 0 0 0 0 0 0 0 0 0 0 0 0 ]
        [0 0 0 0 0 0 0 0 0 0 0 0 0 0 0 0 ]
        [0 0 0 0 0 0 0 0 0 0 0 0 0 0 0 0 ]
        [0 0 0 0 0 0 0 0 0 0 0 0 0 0 0 0 ]
        [0 0 0 0 0 0 0 0 0 0 0 0 0 0 0 0 ]
        [0 0 0 0 0 0 0 0 0 0 0 0 0 0 0 0 ]
        [0 0 0 0 0 0 0 0 0 0 0 0 0 0 0 0 ]
        [0 0 0 0 0 0 0 0 0 0 0 0 0 0 0 0 ]
        [0 0 0 0 0 0 0 0 0 0 0 0 0 0 0 0 ]
        [0 0 0 0 0 0 0 0 0 0 0 0 0 0 0 0 ]
        [0 0 0 0 0 0 0 0 0 0 0 0 0 0 0 0 ]
        [0 0 0 0 0 0 0 0 0 0 0 0 0 0 0 0 ]
        [0 0 0 0 0 0 0 0 0 0 0 0 0 0 0 0 ]
        [0 0 0 0 0 0 0 0 0 0 0 0 0 0 0 0 ]
        [0 0 0 0 0 0 0 0 0 0 0 0 0 0 0 0 ]
        [0 0 0 0 0 0 0 0 0 0 0 0 0 0 0 0 ]
        [0 0 0 0 0 0 0 0 0 0 0 0 0 0 0 0 ]
        [0 0 0 0 0 0 0 0 0 0 0 0 0 0 0 0 ]
        [0 0 0 0 0 0 0 0 0 0 0 0 0 0 0 0 ]
        [0 0 0 0 0 0 0 0 0 0 0 0 0 0 0 0 ]
        [0 0 0 0 0 0 0 0 0 0 0 0 0 0 0 0 ]
        [0 0 0 0 0 0 0 0 0 0 0 0 0 0 0 0 ]
        [0 0 0 0 0 0 0 0 0 0 0 0 0 0 0 0 ]
        [0 0 0 0 0 0 0 0 0 0 0 0 0 0 0 0 ]
        [0 0 0 0 0 0 0 0 0 0 0 0 0 0 0 0 ]
        [0 0 0 0 0 0 0 0 0 0 0 0 0 0 0 0 ]
        [0 0 0 0 0 0 0 0 0 0 0 0 0 0 0 0 ]
        [0 0 0 0 0 0 0 0 0 0 0 0 0 0 0 0 ]
        [0 0 0 0 0 0 0 0 0 0 0 0 0 0 0 0 ]
        [0 0 0 0 0 0 0 0 0 0 0 0 0 0 0 0 ]
        [0 0 0 0 0 0 0 0 0 0 0 0 0 0 0 0 ]
        [0 0 0 0 0 0 0 0 0 0 0 0 0 0 0 0 ]
        [0 0 0 0 0 0 0 0 0 0 0 0 0 0 0 0 ]
        [0 0 0 0 0 0 0 0 0 0 0 0 0 0 0 0 ]
        [0 0 0 0 0 0 0 0 0 0 0 0 0 0 0 0 ]
        [0 0 0 0 0 0 0 0 0 0 0 0 0 0 0 0 ]
        [0 0 0 0 0 0 0 0 0 0 0 0 0 0 0 0 ]
        [0 0 0 0 0 0 0 0 0 0 0 0 0 0 0 0 ]
        [0 0 0 0 0 0 0 0 0 0 0 0 0 0 0 0 ]
        [0 0 0 0 0 0 0 0 0 0 0 0 0 0 0 0 ]
        [0 0 0 0 0 0 0 0 0 0 0 0 0 0 0 0 ]
        [0 0 0 0 0 0 0 0 0 0 0 0 0 0 0 0 ]
        [0 0 0 0 0 0 0 0 0 0 0 0 0 0 0 0 ]
        [0 0 0 0 0 0 0 0 0 0 0 0 0 0 0 0 ]
        [0 0 0 0 0 0 0 0 0 0 0 0 0 0 0 0 ]
        [0 0 0 0 0 0 0 0 0 0 0 0 0 0 0 0 ]
        [0 0 0 0 0 0 0 0 0 0 0 0 0 0 0 0 ]
        [0 0 0 0 0 0 0 0 0 0 0 0 0 0 0 0 ]
        [0 0 0 0 0 0 0 0 0 0 0 0 0 0 0 0 ]
        [0 0 0 0 0 0 0 0 0 0 0 0 0 0 0 0 ]
        [0 0 0 0 0 0 0 0 0 0 0 0 0 0 0 0 ]
        [0 0 0 0 0 0 0 0 0 0 0 0 0 0 0 0 ]
        [0 0 0 0 0 0 0 0 0 0 0 0 0 0 0 0 ]
        [0 0 0 0 0 0 0 0 0 0 0 0 0 0 0 0 ]
        [0 0 0 0 0 0 0 0 0 0 0 0 0 0 0 0 ]
        [0 0 0 0 0 0 0 0 0 0 0 0 0 0 0 0 ]
        [0 0 0 0 0 0 0 0 0 0 0 0 0 0 0 0 ]
        [0 0 0 0 0 0 0 0 0 0 0 0 0 0 0 0 ]
        [0 0 0 0 0 0 0 0 0 0 0 0 0 0 0 0 ]
        [0 0 0 0 0 0 0 0 0 0 0 0 0 0 0 0 ]
        [0 0 0 0 0 0 0 0 0 0 0 0 0 0 0 0 ]
        [0 0 0 0 0 0 0 0 0 0 0 0 0 0 0 0 ]
        [0 0 0 0 0 0 0 0 0 0 0 0 0 0 0 0 ]
        [0 0 0 0 0 0 0 0 0 0 0 0 0 0 0 0 ]
        [0 0 0 0 0 0 0 0 0 0 0 0 0 0 0 0 ]
        [0 0 0 0 0 0 0 0 0 0 0 0 0 0 0 0 ]
        [0 0 0 0 0 0 0 0 0 0 0 0 0 0 0 0 ]
        [0 0 0 0 0 0 0 0 0 0 0 0 0 0 0 0 ]
        [0 0 0 0 0 0 0 0 0 0 0 0 0 0 0 0 ]
        [0 0 0 0 0 0 0 0 0 0 0 0 0 0 0 0 ]
        [0 0 0 0 0 0 0 0 0 0 0 0 0 0 0 0 ]
        [0 0 0 0 0 0 0 0 0 0 0 0 0 0 0 0 ]
        [0 0 0 0 0 0 0 0 0 0 0 0 0 0 0 0 ]
        [0 0 0 0 0 0 0 0 0 0 0 0 0 0 0 0 ]
        [0 0 0 0 0 0 0 0 0 0 0 0 0 0 0 0 ]
        [0 0 0 0 0 0 0 0 0 0 0 0 0 0 0 0 ]
        [0 0 0 0 0 0 0 0 0 0 0 0 0 0 0 0 ]
        [0 0 0 0 0 0 0 0 0 0 0 0 0 0 0 0 ]
        [0 0 0 0 0 0 0 0 0 0 0 0 0 0 0 0 ]
        [0 0 0 0 0 0 0 0 0 0 0 0 0 0 0 0 ]
        [0 0 0 0 0 0 0 0 0 0 0 0 0 0 0 0 ]
        [0 0 0 0 0 0 0 0 0 0 0 0 0 0 0 0 ]
        [0 0 0 0 0 0 0 0 0 0 0 0 0 0 0 0 ]
        [0 0 0 0 0 0 0 0 0 0 0 0 0 0 0 0 ]
        [0 0 0 0 0 0 0 0 0 0 0 0 0 0 0 0 ]
        [0 0 0 0 0 0 0 0 0 0 0 0 0 0 0 0 ]
        [0 0 0 0 0 0 0 0 0 0 0 0 0 0 0 0 ]
        [0 0 0 0 0 0 0 0 0 0 0 0 0 0 0 0 ]
        [0 0 0 0 0 0 0 0 0 0 0 0 0 0 0 0 ]
        [0 0 0 0 0 0 0 0 0 0 0 0 0 0 0 0 ]
        [0 0 0 0 0 0 0 0 0 0 0 0 0 0 0 0 ]
        [0 0 0 0 0 0 0 0 0 0 0 0 0 0 0 0 ]
        [0 0 0 0 0 0 0 0 0 0 0 0 0 0 0 0 ]
        [0 0 0 0 0 0 0 0 0 0 0 0 0 0 0 0 ]
        [0 0 0 0 0 0 0 0 0 0 0 0 0 0 0 0 ]
        [0 0 0 0 0 0 0 0 0 0 0 0 0 0 0 0 ]
        [0 0 0 0 0 0 0 0 0 0 0 0 0 0 0 0 ]
        [0 0 0 0 0 0 0 0 0 0 0 0 0 0 0 0 ]
        [0 0 0 0 0 0 0 0 0 0 0 0 0 0 0 0 ]
        [0 0 0 0 0 0 0 0 0 0 0 0 0 0 0 0 ]
        [0 0 0 0 0 0 0 0 0 0 0 0 0 0 0 0 ]
        [0 0 0 0 0 0 0 0 0 0 0 0 0 0 0 0 ]
        [0 0 0 0 0 0 0 0 0 0 0 0 0 0 0 0 ]
        [0 0 0 0 0 0 0 0 0 0 0 0 0 0 0 0 ]
        [0 0 0 0 0 0 0 0 0 0 0 0 0 0 0 0 ]
        [0 0 0 0 0 0 0 0 0 0 0 0 0 0 0 0 ]
        [0 0 0 0 0 0 0 0 0 0 0 0 0 0 0 0 ]
        [0 0 0 0 0 0 0 0 0 0 0 0 0 0 0 0 ]
        [0 0 0 0 0 0 0 0 0 0 0 0 0 0 0 0 ]
        [0 0 0 0 0 0 0 0 0 0 0 0 0 0 0 0 ]
        [0 0 0 0 0 0 0 0 0 0 0 0 0 0 0 0 ]
        [0 0 0 0 0 0 0 0 0 0 0 0 0 0 0 0 ]
        [0 0 0 0 0 0 0 0 0 0 0 0 0 0 0 0 ]
        [0 0 0 0 0 0 0 0 0 0 0 0 0 0 0 0 ]
        [0 0 0 0 0 0 0 0 0 0 0 0 0 0 0 0 ]
        [0 0 0 0 0 0 0 0 0 0 0 0 0 0 0 0 ]
        [0 0 0 0 0 0 0 0 0 0 0 0 0 0 0 0 ]
        [0 0 0 0 0 0 0 0 0 0 0 0 0 0 0 0 ]
        [0 0 0 0 0 0 0 0 0 0 0 0 0 0 0 0 ]
        [0 0 0 0 0 0 0 0 0 0 0 0 0 0 0 0 ]
        [0 0 0 0 0 0 0 0 0 0 0 0 0 0 0 0 ]
        [0 0 0 0 0 0 0 0 0 0 0 0 0 0 0 0 ]
        [0 0 0 0 0 0 0 0 0 0 0 0 0 0 0 0 ]
        [0 0 0 0 0 0 0 0 0 0 0 0 0 0 0 0 ]
        [0 0 0 0 0 0 0 0 0 0 0 0 0 0 0 0 ]
        [0 0 0 0 0 0 0 0 0 0 0 0 0 0 0 0 ]
        [0 0 0 0 0 0 0 0 0 0 0 0 0 0 0 0 ]
        [0 0 0 0 0 0 0 0 0 0 0 0 0 0 0 0 ]
        [0 0 0 0 0 0 0 0 0 0 0 0 0 0 0 0 ]
        [0 0 0 0 0 0 0 0 0 0 0 0 0 0 0 0 ]
        [0 0 0 0 0 0 0 0 0 0 0 0 0 0 0 0 ]
        [0 0 0 0 0 0 0 0 0 0 0 0 0 0 0 0 ]
        [0 0 0 0 0 0 0 0 0 0 0 0 0 0 0 0 ]
        [0 0 0 0 0 0 0 0 0 0 0 0 0 0 0 0 ]
        [0 0 0 0 0 0 0 0 0 0 0 0 0 0 0 0 ]
        [0 0 0 0 0 0 0 0 0 0 0 0 0 0 0 0 ]
        [0 0 0 0 0 0 0 0 0 0 0 0 0 0 0 0 ]
        [0 0 0 0 0 0 0 0 0 0 0 0 0 0 0 0 ]
        [0 0 0 0 0 0 0 0 0 0 0 0 0 0 0 0 ]
        [0 0 0 0 0 0 0 0 0 0 0 0 0 0 0 0 ]
        [0 0 0 0 0 0 0 0 0 0 0 0 0 0 0 0 ]
        [0 0 0 0 0 0 0 0 0 0 0 0 0 0 0 0 ]
        [0 0 0 0 0 0 0 0 0 0 0 0 0 0 0 0 ]
        [0 0 0 0 0 0 0 0 0 0 0 0 0 0 0 0 ]
        [0 0 0 0 0 0 0 0 0 0 0 0 0 0 0 0 ]
        [0 0 0 0 0 0 0 0 0 0 0 0 0 0 0 0 ]
        [0 0 0 0 0 0 0 0 0 0 0 0 0 0 0 0 ]
        [0 0 0 0 0 0 0 0 0 0 0 0 0 0 0 0 ]
        [0 0 0 0 0 0 0 0 0 0 0 0 0 0 0 0 ]
        [0 0 0 0 0 0 0 0 0 0 0 0 0 0 0 0 ]
        [0 0 0 0 0 0 0 0 0 0 0 0 0 0 0 0 ]
        [0 0 0 0 0 0 0 0 0 0 0 0 0 0 0 0 ]
        [0 0 0 0 0 0 0 0 0 0 0 0 0 0 0 0 ]
        [0 0 0 0 0 0 0 0 0 0 0 0 0 0 0 0 ]
        [0 0 0 0 0 0 0 0 0 0 0 0 0 0 0 0 ]
        [0 0 0 0 0 0 0 0 0 0 0 0 0 0 0 0 ]
        [0 0 0 0 0 0 0 0 0 0 0 0 0 0 0 0 ]
        [0 0 0 0 0 0 0 0 0 0 0 0 0 0 0 0 ]
        [0 0 0 0 0 0 0 0 0 0 0 0 0 0 0 0 ]
        [0 0 0 0 0 0 0 0 0 0 0 0 0 0 0 0 ]
        [0 0 0 0 0 0 0 0 0 0 0 0 0 0 0 0 ]
        [0 0 0 0 0 0 0 0 0 0 0 0 0 0 0 0 ]
        [0 0 0 0 0 0 0 0 0 0 0 0 0 0 0 0 ]
        [0 0 0 0 0 0 0 0 0 0 0 0 0 0 0 0 ]
        [0 0 0 0 0 0 0 0 0 0 0 0 0 0 0 0 ]
        [0 0 0 0 0 0 0 0 0 0 0 0 0 0 0 0 ]
        [0 0 0 0 0 0 0 0 0 0 0 0 0 0 0 0 ]
        [0 0 0 0 0 0 0 0 0 0 0 0 0 0 0 0 ]
        [0 0 0 0 0 0 0 0 0 0 0 0 0 0 0 0 ]
        [0 0 0 0 0 0 0 0 0 0 0 0 0 0 0 0 ]
        [0 0 0 0 0 0 0 0 0 0 0 0 0 0 0 0 ]
        [0 0 0 0 0 0 0 0 0 0 0 0 0 0 0 0 ]
        [0 0 0 0 0 0 0 0 0 0 0 0 0 0 0 0 ]
        [0 0 0 0 0 0 0 0 0 0 0 0 0 0 0 0 ]
        [0 0 0 0 0 0 0 0 0 0 0 0 0 0 0 0 ]
        [0 0 0 0 0 0 0 0 0 0 0 0 0 0 0 0 ]
        [0 0 0 0 0 0 0 0 0 0 0 0 0 0 0 0 ]
        [0 0 0 0 0 0 0 0 0 0 0 0 0 0 0 0 ]
        [0 0 0 0 0 0 0 0 0 0 0 0 0 0 0 0 ]
        [0 0 0 0 0 0 0 0 0 0 0 0 0 0 0 0 ]
        [0 0 0 0 0 0 0 0 0 0 0 0 0 0 0 0 ]
        [0 0 0 0 0 0 0 0 0 0 0 0 0 0 0 0 ]
        [0 0 0 0 0 0 0 0 0 0 0 0 0 0 0 0 ]
        [0 0 0 0 0 0 0 0 0 0 0 0 0 0 0 0 ]
        [0 0 0 0 0 0 0 0 0 0 0 0 0 0 0 0 ]
        [0 0 0 0 0 0 0 0 0 0 0 0 0 0 0 0 ]
        [0 0 0 0 0 0 0 0 0 0 0 0 0 0 0 0 ]
        [0 0 0 0 0 0 0 0 0 0 0 0 0 0 0 0 ]
        [0 0 0 0 0 0 0 0 0 0 0 0 0 0 0 0 ]
        [0 0 0 0 0 0 0 0 0 0 0 0 0 0 0 0 ]
        [0 0 0 0 0 0 0 0 0 0 0 0 0 0 0 0 ]
        [0 0 0 0 0 0 0 0 0 0 0 0 0 0 0 0 ]
        [0 0 0 0 0 0 0 0 0 0 0 0 0 0 0 0 ]
        [0 0 0 0 0 0 0 0 0 0 0 0 0 0 0 0 ]
        [0 0 0 0 0 0 0 0 0 0 0 0 0 0 0 0 ]
        [0 0 0 0 0 0 0 0 0 0 0 0 0 0 0 0 ]
        [0 0 0 0 0 0 0 0 0 0 0 0 0 0 0 0 ]
        [0 0 0 0 0 0 0 0 0 0 0 0 0 0 0 0 ]
        [0 0 0 0 0 0 0 0 0 0 0 0 0 0 0 0 ]
        [0 0 0 0 0 0 0 0 0 0 0 0 0 0 0 0 ]
        [0 0 0 0 0 0 0 0 0 0 0 0 0 0 0 0 ]
        [0 0 0 0 0 0 0 0 0 0 0 0 0 0 0 0 ]
        [0 0 0 0 0 0 0 0 0 0 0 0 0 0 0 0 ]
        [0 0 0 0 0 0 0 0 0 0 0 0 0 0 0 0 ]
        [0 0 0 0 0 0 0 0 0 0 0 0 0 0 0 0 ]
        [0 0 0 0 0 0 0 0 0 0 0 0 0 0 0 0 ]
        [0 0 0 0 0 0 0 0 0 0 0 0 0 0 0 0 ]
        [0 0 0 0 0 0 0 0 0 0 0 0 0 0 0 0 ]
        [0 0 0 0 0 0 0 0 0 0 0 0 0 0 0 0 ]
        [0 0 0 0 0 0 0 0 0 0 0 0 0 0 0 0 ]
        [0 0 0 0 0 0 0 0 0 0 0 0 0 0 0 0 ]
        [0 0 0 0 0 0 0 0 0 0 0 0 0 0 0 0 ]
        [0 0 0 0 0 0 0 0 0 0 0 0 0 0 0 0 ]
        [0 0 0 0 0 0 0 0 0 0 0 0 0 0 0 0 ]
        [0 0 0 0 0 0 0 0 0 0 0 0 0 0 0 0 ]
        [0 0 0 0 0 0 0 0 0 0 0 0 0 0 0 0 ]
        [0 0 0 0 0 0 0 0 0 0 0 0 0 0 0 0 ]
        [0 0 0 0 0 0 0 0 0 0 0 0 0 0 0 0 ]
        [0 0 0 0 0 0 0 0 0 0 0 0 0 0 0 0 ]
        [0 0 0 0 0 0 0 0 0 0 0 0 0 0 0 0 ]
        [0 0 0 0 0 0 0 0 0 0 0 0 0 0 0 0 ]
        [0 0 0 0 0 0 0 0 0 0 0 0 0 0 0 0 ]
        [0 0 0 0 0 0 0 0 0 0 0 0 0 0 0 0 ]
        [0 0 0 0 0 0 0 0 0 0 0 0 0 0 0 0 ]
        [0 0 0 0 0 0 0 0 0 0 0 0 0 0 0 0 ]
        [0 0 0 0 0 0 0 0 0 0 0 0 0 0 0 0 ]
        [0 0 0 0 0 0 0 0 0 0 0 0 0 0 0 0 ]
        [0 0 0 0 0 0 0 0 0 0 0 0 0 0 0 0 ]
        [0 0 0 0 0 0 0 0 0 0 0 0 0 0 0 0 ]
        [0 0 0 0 0 0 0 0 0 0 0 0 0 0 0 0 ]
        [0 0 0 0 0 0 0 0 0 0 0 0 0 0 0 0 ]
        [0 0 0 0 0 0 0 0 0 0 0 0 0 0 0 0 ]
        [0 0 0 0 0 0 0 0 0 0 0 0 0 0 0 0 ]
        [0 0 0 0 0 0 0 0 0 0 0 0 0 0 0 0 ]
        [0 0 0 0 0 0 0 0 0 0 0 0 0 0 0 0 ]
        [0 0 0 0 0 0 0 0 0 0 0 0 0 0 0 0 ]
        [0 0 0 0 0 0 0 0 0 0 0 0 0 0 0 0 ]
        [0 0 0 0 0 0 0 0 0 0 0 0 0 0 0 0 ]
        [0 0 0 0 0 0 0 0 0 0 0 0 0 0 0 0 ]
        [0 0 0 0 0 0 0 0 0 0 0 0 0 0 0 0 ]
        [0 0 0 0 0 0 0 0 0 0 0 0 0 0 0 0 ]
        [0 0 0 0 0 0 0 0 0 0 0 0 0 0 0 0 ]
        [0 0 0 0 0 0 0 0 0 0 0 0 0 0 0 0 ]
        [0 0 0 0 0 0 0 0 0 0 0 0 0 0 0 0 ]
        [0 0 0 0 0 0 0 0 0 0 0 0 0 0 0 0 ]
        [0 0 0 0 0 0 0 0 0 0 0 0 0 0 0 0 ]
        [0 0 0 0 0 0 0 0 0 0 0 0 0 0 0 0 ]
        [0 0 0 0 0 0 0 0 0 0 0 0 0 0 0 0 ]
        [0 0 0 0 0 0 0 0 0 0 0 0 0 0 0 0 ]
        [0 0 0 0 0 0 0 0 0 0 0 0 0 0 0 0 ]
        [0 0 0 0 0 0 0 0 0 0 0 0 0 0 0 0 ]
        [0 0 0 0 0 0 0 0 0 0 0 0 0 0 0 0 ]
        [0 0 0 0 0 0 0 0 0 0 0 0 0 0 0 0 ]
        [0 0 0 0 0 0 0 0 0 0 0 0 0 0 0 0 ]
        [0 0 0 0 0 0 0 0 0 0 0 0 0 0 0 0 ]
        [0 0 0 0 0 0 0 0 0 0 0 0 0 0 0 0 ]
        [0 0 0 0 0 0 0 0 0 0 0 0 0 0 0 0 ]
        [0 0 0 0 0 0 0 0 0 0 0 0 0 0 0 0 ]
        [0 0 0 0 0 0 0 0 0 0 0 0 0 0 0 0 ]
        [0 0 0 0 0 0 0 0 0 0 0 0 0 0 0 0 ]
        [0 0 0 0 0 0 0 0 0 0 0 0 0 0 0 0 ]
        [0 0 0 0 0 0 0 0 0 0 0 0 0 0 0 0 ]
        [0 0 0 0 0 0 0 0 0 0 0 0 0 0 0 0 ]
        [0 0 0 0 0 0 0 0 0 0 0 0 0 0 0 0 ]
        [0 0 0 0 0 0 0 0 0 0 0 0 0 0 0 0 ]
        [0 0 0 0 0 0 0 0 0 0 0 0 0 0 0 0 ]
        [0 0 0 0 0 0 0 0 0 0 0 0 0 0 0 0 ]
        [0 0 0 0 0 0 0 0 0 0 0 0 0 0 0 0 ]
        [0 0 0 0 0 0 0 0 0 0 0 0 0 0 0 0 ]
        [0 0 0 0 0 0 0 0 0 0 0 0 0 0 0 0 ]
        [0 0 0 0 0 0 0 0 0 0 0 0 0 0 0 0 ]
        [0 0 0 0 0 0 0 0 0 0 0 0 0 0 0 0 ]
        [0 0 0 0 0 0 0 0 0 0 0 0 0 0 0 0 ]
        [0 0 0 0 0 0 0 0 0 0 0 0 0 0 0 0 ]
        [0 0 0 0 0 0 0 0 0 0 0 0 0 0 0 0 ]
        [0 0 0 0 0 0 0 0 0 0 0 0 0 0 0 0 ]
        [0 0 0 0 0 0 0 0 0 0 0 0 0 0 0 0 ]
        [0 0 0 0 0 0 0 0 0 0 0 0 0 0 0 0 ]
        [0 0 0 0 0 0 0 0 0 0 0 0 0 0 0 0 ]
        [0 0 0 0 0 0 0 0 0 0 0 0 0 0 0 0 ]
        [0 0 0 0 0 0 0 0 0 0 0 0 0 0 0 0 ]
        [0 0 0 0 0 0 0 0 0 0 0 0 0 0 0 0 ]
        [0 0 0 0 0 0 0 0 0 0 0 0 0 0 0 0 ]
        [0 0 0 0 0 0 0 0 0 0 0 0 0 0 0 0 ]
        [0 0 0 0 0 0 0 0 0 0 0 0 0 0 0 0 ]
        [0 0 0 0 0 0 0 0 0 0 0 0 0 0 0 0 ]
        [0 0 0 0 0 0 0 0 0 0 0 0 0 0 0 0 ]
        [0 0 0 0 0 0 0 0 0 0 0 0 0 0 0 0 ]
        [0 0 0 0 0 0 0 0 0 0 0 0 0 0 0 0 ]
        [0 0 0 0 0 0 0 0 0 0 0 0 0 0 0 0 ]
        [0 0 0 0 0 0 0 0 0 0 0 0 0 0 0 0 ]
        [0 0 0 0 0 0 0 0 0 0 0 0 0 0 0 0 ]
        [0 0 0 0 0 0 0 0 0 0 0 0 0 0 0 0 ]
        [0 0 0 0 0 0 0 0 0 0 0 0 0 0 0 0 ]
        [0 0 0 0 0 0 0 0 0 0 0 0 0 0 0 0 ]
        [0 0 0 0 0 0 0 0 0 0 0 0 0 0 0 0 ]
        [0 0 0 0 0 0 0 0 0 0 0 0 0 0 0 0 ]
        [0 0 0 0 0 0 0 0 0 0 0 0 0 0 0 0 ]
        [0 0 0 0 0 0 0 0 0 0 0 0 0 0 0 0 ]
        [0 0 0 0 0 0 0 0 0 0 0 0 0 0 0 0 ]
        [0 0 0 0 0 0 0 0 0 0 0 0 0 0 0 0 ]
        [0 0 0 0 0 0 0 0 0 0 0 0 0 0 0 0 ]
        [0 0 0 0 0 0 0 0 0 0 0 0 0 0 0 0 ]
        [0 0 0 0 0 0 0 0 0 0 0 0 0 0 0 0 ]
        [0 0 0 0 0 0 0 0 0 0 0 0 0 0 0 0 ]
        [0 0 0 0 0 0 0 0 0 0 0 0 0 0 0 0 ]
        [0 0 0 0 0 0 0 0 0 0 0 0 0 0 0 0 ]
        [0 0 0 0 0 0 0 0 0 0 0 0 0 0 0 0 ]
        [0 0 0 0 0 0 0 0 0 0 0 0 0 0 0 0 ]
        [0 0 0 0 0 0 0 0 0 0 0 0 0 0 0 0 ]
        [0 0 0 0 0 0 0 0 0 0 0 0 0 0 0 0 ]
        [0 0 0 0 0 0 0 0 0 0 0 0 0 0 0 0 ]
        [0 0 0 0 0 0 0 0 0 0 0 0 0 0 0 0 ]
        [0 0 0 0 0 0 0 0 0 0 0 0 0 0 0 0 ]
        [0 0 0 0 0 0 0 0 0 0 0 0 0 0 0 0 ]
        [0 0 0 0 0 0 0 0 0 0 0 0 0 0 0 0 ]
        [0 0 0 0 0 0 0 0 0 0 0 0 0 0 0 0 ]
        [0 0 0 0 0 0 0 0 0 0 0 0 0 0 0 0 ]
        [0 0 0 0 0 0 0 0 0 0 0 0 0 0 0 0 ]
        [0 0 0 0 0 0 0 0 0 0 0 0 0 0 0 0 ]
        [0 0 0 0 0 0 0 0 0 0 0 0 0 0 0 0 ]
        [0 0 0 0 0 0 0 0 0 0 0 0 0 0 0 0 ]
        [0 0 0 0 0 0 0 0 0 0 0 0 0 0 0 0 ]
        [0 0 0 0 0 0 0 0 0 0 0 0 0 0 0 0 ]
        [0 0 0 0 0 0 0 0 0 0 0 0 0 0 0 0 ]
        [0 0 0 0 0 0 0 0 0 0 0 0 0 0 0 0 ]
        [0 0 0 0 0 0 0 0 0 0 0 0 0 0 0 0 ]
        [0 0 0 0 0 0 0 0 0 0 0 0 0 0 0 0 ]
        [0 0 0 0 0 0 0 0 0 0 0 0 0 0 0 0 ]
        [0 0 0 0 0 0 0 0 0 0 0 0 0 0 0 0 ]
        [0 0 0 0 0 0 0 0 0 0 0 0 0 0 0 0 ]
        [0 0 0 0 0 0 0 0 0 0 0 0 0 0 0 0 ]
        [0 0 0 0 0 0 0 0 0 0 0 0 0 0 0 0 ]
        [0 0 0 0 0 0 0 0 0 0 0 0 0 0 0 0 ]
        [0 0 0 0 0 0 0 0 0 0 0 0 0 0 0 0 ]
        [0 0 0 0 0 0 0 0 0 0 0 0 0 0 0 0 ]
        [0 0 0 0 0 0 0 0 0 0 0 0 0 0 0 0 ]
        [0 0 0 0 0 0 0 0 0 0 0 0 0 0 0 0 ]
        [0 0 0 0 0 0 0 0 0 0 0 0 0 0 0 0 ]
        [0 0 0 0 0 0 0 0 0 0 0 0 0 0 0 0 ]
        [0 0 0 0 0 0 0 0 0 0 0 0 0 0 0 0 ]
        [0 0 0 0 0 0 0 0 0 0 0 0 0 0 0 0 ]
        [0 0 0 0 0 0 0 0 0 0 0 0 0 0 0 0 ]
        [0 0 0 0 0 0 0 0 0 0 0 0 0 0 0 0 ]
        [0 0 0 0 0 0 0 0 0 0 0 0 0 0 0 0 ]
        [0 0 0 0 0 0 0 0 0 0 0 0 0 0 0 0 ]
        [0 0 0 0 0 0 0 0 0 0 0 0 0 0 0 0 ]
        [0 0 0 0 0 0 0 0 0 0 0 0 0 0 0 0 ]
        [0 0 0 0 0 0 0 0 0 0 0 0 0 0 0 0 ]
        [0 0 0 0 0 0 0 0 0 0 0 0 0 0 0 0 ]
        [0 0 0 0 0 0 0 0 0 0 0 0 0 0 0 0 ]
        [0 0 0 0 0 0 0 0 0 0 0 0 0 0 0 0 ]
        [0 0 0 0 0 0 0 0 0 0 0 0 0 0 0 0 ]
        [0 0 0 0 0 0 0 0 0 0 0 0 0 0 0 0 ]
        [0 0 0 0 0 0 0 0 0 0 0 0 0 0 0 0 ]
        [0 0 0 0 0 0 0 0 0 0 0 0 0 0 0 0 ]
        [0 0 0 0 0 0 0 0 0 0 0 0 0 0 0 0 ]
        [0 0 0 0 0 0 0 0 0 0 0 0 0 0 0 0 ]
        [0 0 0 0 0 0 0 0 0 0 0 0 0 0 0 0 ]
        [0 0 0 0 0 0 0 0 0 0 0 0 0 0 0 0 ]
        [0 0 0 0 0 0 0 0 0 0 0 0 0 0 0 0 ]
        [0 0 0 0 0 0 0 0 0 0 0 0 0 0 0 0 ]
        [0 0 0 0 0 0 0 0 0 0 0 0 0 0 0 0 ]
        [0 0 0 0 0 0 0 0 0 0 0 0 0 0 0 0 ]
        [0 0 0 0 0 0 0 0 0 0 0 0 0 0 0 0 ]
        [0 0 0 0 0 0 0 0 0 0 0 0 0 0 0 0 ]
        [0 0 0 0 0 0 0 0 0 0 0 0 0 0 0 0 ]
        [0 0 0 0 0 0 0 0 0 0 0 0 0 0 0 0 ]
        [0 0 0 0 0 0 0 0 0 0 0 0 0 0 0 0 ]
        [0 0 0 0 0 0 0 0 0 0 0 0 0 0 0 0 ]
        [0 0 0 0 0 0 0 0 0 0 0 0 0 0 0 0 ]
        [0 0 0 0 0 0 0 0 0 0 0 0 0 0 0 0 ]
        [0 0 0 0 0 0 0 0 0 0 0 0 0 0 0 0 ]
        [0 0 0 0 0 0 0 0 0 0 0 0 0 0 0 0 ]
        [0 0 0 0 0 0 0 0 0 0 0 0 0 0 0 0 ]
        [0 0 0 0 0 0 0 0 0 0 0 0 0 0 0 0 ]
        [0 0 0 0 0 0 0 0 0 0 0 0 0 0 0 0 ]
        [0 0 0 0 0 0 0 0 0 0 0 0 0 0 0 0 ]
        [0 0 0 0 0 0 0 0 0 0 0 0 0 0 0 0 ]
        [0 0 0 0 0 0 0 0 0 0 0 0 0 0 0 0 ]
        [0 0 0 0 0 0 0 0 0 0 0 0 0 0 0 0 ]
        [0 0 0 0 0 0 0 0 0 0 0 0 0 0 0 0 ]
        [0 0 0 0 0 0 0 0 0 0 0 0 0 0 0 0 ]
        [0 0 0 0 0 0 0 0 0 0 0 0 0 0 0 0 ]
        [0 0 0 0 0 0 0 0 0 0 0 0 0 0 0 0 ]
        [0 0 0 0 0 0 0 0 0 0 0 0 0 0 0 0 ]
        [0 0 0 0 0 0 0 0 0 0 0 0 0 0 0 0 ]
        [0 0 0 0 0 0 0 0 0 0 0 0 0 0 0 0 ]
        [0 0 0 0 0 0 0 0 0 0 0 0 0 0 0 0 ]
        [0 0 0 0 0 0 0 0 0 0 0 0 0 0 0 0 ]
        [0 0 0 0 0 0 0 0 0 0 0 0 0 0 0 0 ]
        [0 0 0 0 0 0 0 0 0 0 0 0 0 0 0 0 ]
        [0 0 0 0 0 0 0 0 0 0 0 0 0 0 0 0 ]
        [0 0 0 0 0 0 0 0 0 0 0 0 0 0 0 0 ]
        [0 0 0 0 0 0 0 0 0 0 0 0 0 0 0 0 ]
        [0 0 0 0 0 0 0 0 0 0 0 0 0 0 0 0 ]
        [0 0 0 0 0 0 0 0 0 0 0 0 0 0 0 0 ]
        [0 0 0 0 0 0 0 0 0 0 0 0 0 0 0 0 ]
        [0 0 0 0 0 0 0 0 0 0 0 0 0 0 0 0 ]
        [0 0 0 0 0 0 0 0 0 0 0 0 0 0 0 0 ]
        [0 0 0 0 0 0 0 0 0 0 0 0 0 0 0 0 ]
        [0 0 0 0 0 0 0 0 0 0 0 0 0 0 0 0 ]
        [0 0 0 0 0 0 0 0 0 0 0 0 0 0 0 0 ]
        [0 0 0 0 0 0 0 0 0 0 0 0 0 0 0 0 ]
        [0 0 0 0 0 0 0 0 0 0 0 0 0 0 0 0 ]
        [0 0 0 0 0 0 0 0 0 0 0 0 0 0 0 0 ]
        [0 0 0 0 0 0 0 0 0 0 0 0 0 0 0 0 ]
        [0 0 0 0 0 0 0 0 0 0 0 0 0 0 0 0 ]
        [0 0 0 0 0 0 0 0 0 0 0 0 0 0 0 0 ]
        [0 0 0 0 0 0 0 0 0 0 0 0 0 0 0 0 ]
        [0 0 0 0 0 0 0 0 0 0 0 0 0 0 0 0 ]
        [0 0 0 0 0 0 0 0 0 0 0 0 0 0 0 0 ]
        [0 0 0 0 0 0 0 0 0 0 0 0 0 0 0 0 ]
        [0 0 0 0 0 0 0 0 0 0 0 0 0 0 0 0 ]
        [0 0 0 0 0 0 0 0 0 0 0 0 0 0 0 0 ]
        [0 0 0 0 0 0 0 0 0 0 0 0 0 0 0 0 ]
        [0 0 0 0 0 0 0 0 0 0 0 0 0 0 0 0 ]
        [0 0 0 0 0 0 0 0 0 0 0 0 0 0 0 0 ]
        [0 0 0 0 0 0 0 0 0 0 0 0 0 0 0 0 ]
        [0 0 0 0 0 0 0 0 0 0 0 0 0 0 0 0 ]
        [0 0 0 0 0 0 0 0 0 0 0 0 0 0 0 0 ]
        [0 0 0 0 0 0 0 0 0 0 0 0 0 0 0 0 ]
        [0 0 0 0 0 0 0 0 0 0 0 0 0 0 0 0 ]
        [0 0 0 0 0 0 0 0 0 0 0 0 0 0 0 0 ]
        [0 0 0 0 0 0 0 0 0 0 0 0 0 0 0 0 ]
        [0 0 0 0 0 0 0 0 0 0 0 0 0 0 0 0 ]
        [0 0 0 0 0 0 0 0 0 0 0 0 0 0 0 0 ]
        [0 0 0 0 0 0 0 0 0 0 0 0 0 0 0 0 ]
        [0 0 0 0 0 0 0 0 0 0 0 0 0 0 0 0 ]
        [0 0 0 0 0 0 0 0 0 0 0 0 0 0 0 0 ]
        [0 0 0 0 0 0 0 0 0 0 0 0 0 0 0 0 ]
        [0 0 0 0 0 0 0 0 0 0 0 0 0 0 0 0 ]
        [0 0 0 0 0 0 0 0 0 0 0 0 0 0 0 0 ]
        [0 0 0 0 0 0 0 0 0 0 0 0 0 0 0 0 ]
        [0 0 0 0 0 0 0 0 0 0 0 0 0 0 0 0 ]
        [0 0 0 0 0 0 0 0 0 0 0 0 0 0 0 0 ]
        [0 0 0 0 0 0 0 0 0 0 0 0 0 0 0 0 ]
        [0 0 0 0 0 0 0 0 0 0 0 0 0 0 0 0 ]
        [0 0 0 0 0 0 0 0 0 0 0 0 0 0 0 0 ]
        [0 0 0 0 0 0 0 0 0 0 0 0 0 0 0 0 ]
        [0 0 0 0 0 0 0 0 0 0 0 0 0 0 0 0 ]
        [0 0 0 0 0 0 0 0 0 0 0 0 0 0 0 0 ]
        [0 0 0 0 0 0 0 0 0 0 0 0 0 0 0 0 ]
        [0 0 0 0 0 0 0 0 0 0 0 0 0 0 0 0 ]
        [0 0 0 0 0 0 0 0 0 0 0 0 0 0 0 0 ]
        [0 0 0 0 0 0 0 0 0 0 0 0 0 0 0 0 ]
        [0 0 0 0 0 0 0 0 0 0 0 0 0 0 0 0 ]
        [0 0 0 0 0 0 0 0 0 0 0 0 0 0 0 0 ]
        [0 0 0 0 0 0 0 0 0 0 0 0 0 0 0 0 ]
        [0 0 0 0 0 0 0 0 0 0 0 0 0 0 0 0 ]
        [0 0 0 0 0 0 0 0 0 0 0 0 0 0 0 0 ]
        [0 0 0 0 0 0 0 0 0 0 0 0 0 0 0 0 ]
        [0 0 0 0 0 0 0 0 0 0 0 0 0 0 0 0 ]
        [0 0 0 0 0 0 0 0 0 0 0 0 0 0 0 0 ]
        [0 0 0 0 0 0 0 0 0 0 0 0 0 0 0 0 ]
        [0 0 0 0 0 0 0 0 0 0 0 0 0 0 0 0 ]
        [0 0 0 0 0 0 0 0 0 0 0 0 0 0 0 0 ]
        [0 0 0 0 0 0 0 0 0 0 0 0 0 0 0 0 ]
        [0 0 0 0 0 0 0 0 0 0 0 0 0 0 0 0 ]
        [0 0 0 0 0 0 0 0 0 0 0 0 0 0 0 0 ]
        [0 0 0 0 0 0 0 0 0 0 0 0 0 0 0 0 ]
        [0 0 0 0 0 0 0 0 0 0 0 0 0 0 0 0 ]
        [0 0 0 0 0 0 0 0 0 0 0 0 0 0 0 0 ]
        [0 0 0 0 0 0 0 0 0 0 0 0 0 0 0 0 ]
        [0 0 0 0 0 0 0 0 0 0 0 0 0 0 0 0 ]
        [0 0 0 0 0 0 0 0 0 0 0 0 0 0 0 0 ]
        [0 0 0 0 0 0 0 0 0 0 0 0 0 0 0 0 ]
        [0 0 0 0 0 0 0 0 0 0 0 0 0 0 0 0 ]
        [0 0 0 0 0 0 0 0 0 0 0 0 0 0 0 0 ]
        [0 0 0 0 0 0 0 0 0 0 0 0 0 0 0 0 ]
        [0 0 0 0 0 0 0 0 0 0 0 0 0 0 0 0 ]
        [0 0 0 0 0 0 0 0 0 0 0 0 0 0 0 0 ]
        [0 0 0 0 0 0 0 0 0 0 0 0 0 0 0 0 ]
        [0 0 0 0 0 0 0 0 0 0 0 0 0 0 0 0 ]
        [0 0 0 0 0 0 0 0 0 0 0 0 0 0 0 0 ]
        [0 0 0 0 0 0 0 0 0 0 0 0 0 0 0 0 ]
        [0 0 0 0 0 0 0 0 0 0 0 0 0 0 0 0 ]
        [0 0 0 0 0 0 0 0 0 0 0 0 0 0 0 0 ]
        [0 0 0 0 0 0 0 0 0 0 0 0 0 0 0 0 ]
        [0 0 0 0 0 0 0 0 0 0 0 0 0 0 0 0 ]
        [0 0 0 0 0 0 0 0 0 0 0 0 0 0 0 0 ]
        [0 0 0 0 0 0 0 0 0 0 0 0 0 0 0 0 ]
        [0 0 0 0 0 0 0 0 0 0 0 0 0 0 0 0 ]
        [0 0 0 0 0 0 0 0 0 0 0 0 0 0 0 0 ]
        [0 0 0 0 0 0 0 0 0 0 0 0 0 0 0 0 ]
        [0 0 0 0 0 0 0 0 0 0 0 0 0 0 0 0 ]
        [0 0 0 0 0 0 0 0 0 0 0 0 0 0 0 0 ]
        [0 0 0 0 0 0 0 0 0 0 0 0 0 0 0 0 ]
        [0 0 0 0 0 0 0 0 0 0 0 0 0 0 0 0 ]
        [0 0 0 0 0 0 0 0 0 0 0 0 0 0 0 0 ]
        [0 0 0 0 0 0 0 0 0 0 0 0 0 0 0 0 ]
        [0 0 0 0 0 0 0 0 0 0 0 0 0 0 0 0 ]
        [0 0 0 0 0 0 0 0 0 0 0 0 0 0 0 0 ]
        [0 0 0 0 0 0 0 0 0 0 0 0 0 0 0 0 ]
        [0 0 0 0 0 0 0 0 0 0 0 0 0 0 0 0 ]
        [0 0 0 0 0 0 0 0 0 0 0 0 0 0 0 0 ]
        [0 0 0 0 0 0 0 0 0 0 0 0 0 0 0 0 ]
        [0 0 0 0 0 0 0 0 0 0 0 0 0 0 0 0 ]
        [0 0 0 0 0 0 0 0 0 0 0 0 0 0 0 0 ]
        [0 0 0 0 0 0 0 0 0 0 0 0 0 0 0 0 ]
        [0 0 0 0 0 0 0 0 0 0 0 0 0 0 0 0 ]
        [0 0 0 0 0 0 0 0 0 0 0 0 0 0 0 0 ]
        [0 0 0 0 0 0 0 0 0 0 0 0 0 0 0 0 ]
        [0 0 0 0 0 0 0 0 0 0 0 0 0 0 0 0 ]
        [0 0 0 0 0 0 0 0 0 0 0 0 0 0 0 0 ]
        [0 0 0 0 0 0 0 0 0 0 0 0 0 0 0 0 ]
        [0 0 0 0 0 0 0 0 0 0 0 0 0 0 0 0 ]
        [0 0 0 0 0 0 0 0 0 0 0 0 0 0 0 0 ]
        [0 0 0 0 0 0 0 0 0 0 0 0 0 0 0 0 ]
        [0 0 0 0 0 0 0 0 0 0 0 0 0 0 0 0 ]
        [0 0 0 0 0 0 0 0 0 0 0 0 0 0 0 0 ]
        [0 0 0 0 0 0 0 0 0 0 0 0 0 0 0 0 ]
        [0 0 0 0 0 0 0 0 0 0 0 0 0 0 0 0 ]
        [0 0 0 0 0 0 0 0 0 0 0 0 0 0 0 0 ]
        [0 0 0 0 0 0 0 0 0 0 0 0 0 0 0 0 ]
        [0 0 0 0 0 0 0 0 0 0 0 0 0 0 0 0 ]
        [0 0 0 0 0 0 0 0 0 0 0 0 0 0 0 0 ]
        [0 0 0 0 0 0 0 0 0 0 0 0 0 0 0 0 ]
        [0 0 0 0 0 0 0 0 0 0 0 0 0 0 0 0 ]
        [0 0 0 0 0 0 0 0 0 0 0 0 0 0 0 0 ]
        [0 0 0 0 0 0 0 0 0 0 0 0 0 0 0 0 ]
        [0 0 0 0 0 0 0 0 0 0 0 0 0 0 0 0 ]
        [0 0 0 0 0 0 0 0 0 0 0 0 0 0 0 0 ]
        [0 0 0 0 0 0 0 0 0 0 0 0 0 0 0 0 ]
        [0 0 0 0 0 0 0 0 0 0 0 0 0 0 0 0 ]
        [0 0 0 0 0 0 0 0 0 0 0 0 0 0 0 0 ]
        [0 0 0 0 0 0 0 0 0 0 0 0 0 0 0 0 ]
        [0 0 0 0 0 0 0 0 0 0 0 0 0 0 0 0 ]
        [0 0 0 0 0 0 0 0 0 0 0 0 0 0 0 0 ]
        [0 0 0 0 0 0 0 0 0 0 0 0 0 0 0 0 ]
        [0 0 0 0 0 0 0 0 0 0 0 0 0 0 0 0 ]
        [0 0 0 0 0 0 0 0 0 0 0 0 0 0 0 0 ]
        [0 0 0 0 0 0 0 0 0 0 0 0 0 0 0 0 ]
        [0 0 0 0 0 0 0 0 0 0 0 0 0 0 0 0 ]
        [0 0 0 0 0 0 0 0 0 0 0 0 0 0 0 0 ]
        [0 0 0 0 0 0 0 0 0 0 0 0 0 0 0 0 ]
        [0 0 0 0 0 0 0 0 0 0 0 0 0 0 0 0 ]
        [0 0 0 0 0 0 0 0 0 0 0 0 0 0 0 0 ]
        [0 0 0 0 0 0 0 0 0 0 0 0 0 0 0 0 ]
        [0 0 0 0 0 0 0 0 0 0 0 0 0 0 0 0 ]
        [0 0 0 0 0 0 0 0 0 0 0 0 0 0 0 0 ]
        [0 0 0 0 0 0 0 0 0 0 0 0 0 0 0 0 ]
        [0 0 0 0 0 0 0 0 0 0 0 0 0 0 0 0 ]
        [0 0 0 0 0 0 0 0 0 0 0 0 0 0 0 0 ]
        [0 0 0 0 0 0 0 0 0 0 0 0 0 0 0 0 ]
        [0 0 0 0 0 0 0 0 0 0 0 0 0 0 0 0 ]
        [0 0 0 0 0 0 0 0 0 0 0 0 0 0 0 0 ]
        [0 0 0 0 0 0 0 0 0 0 0 0 0 0 0 0 ]
        [0 0 0 0 0 0 0 0 0 0 0 0 0 0 0 0 ]
        [0 0 0 0 0 0 0 0 0 0 0 0 0 0 0 0 ]
        [0 0 0 0 0 0 0 0 0 0 0 0 0 0 0 0 ]
        [0 0 0 0 0 0 0 0 0 0 0 0 0 0 0 0 ]
        [0 0 0 0 0 0 0 0 0 0 0 0 0 0 0 0 ]
        [0 0 0 0 0 0 0 0 0 0 0 0 0 0 0 0 ]
        [0 0 0 0 0 0 0 0 0 0 0 0 0 0 0 0 ]
        [0 0 0 0 0 0 0 0 0 0 0 0 0 0 0 0 ]
        [0 0 0 0 0 0 0 0 0 0 0 0 0 0 0 0 ]
        [0 0 0 0 0 0 0 0 0 0 0 0 0 0 0 0 ]
        [0 0 0 0 0 0 0 0 0 0 0 0 0 0 0 0 ]
        [0 0 0 0 0 0 0 0 0 0 0 0 0 0 0 0 ]
        [0 0 0 0 0 0 0 0 0 0 0 0 0 0 0 0 ]
        [0 0 0 0 0 0 0 0 0 0 0 0 0 0 0 0 ]
        [0 0 0 0 0 0 0 0 0 0 0 0 0 0 0 0 ]
        [0 0 0 0 0 0 0 0 0 0 0 0 0 0 0 0 ]
        [0 0 0 0 0 0 0 0 0 0 0 0 0 0 0 0 ]
        [0 0 0 0 0 0 0 0 0 0 0 0 0 0 0 0 ]
        [0 0 0 0 0 0 0 0 0 0 0 0 0 0 0 0 ]
        [0 0 0 0 0 0 0 0 0 0 0 0 0 0 0 0 ]
        [0 0 0 0 0 0 0 0 0 0 0 0 0 0 0 0 ]
        [0 0 0 0 0 0 0 0 0 0 0 0 0 0 0 0 ]
        [0 0 0 0 0 0 0 0 0 0 0 0 0 0 0 0 ]
        [0 0 0 0 0 0 0 0 0 0 0 0 0 0 0 0 ]
        [0 0 0 0 0 0 0 0 0 0 0 0 0 0 0 0 ]
        [0 0 0 0 0 0 0 0 0 0 0 0 0 0 0 0 ]
        [0 0 0 0 0 0 0 0 0 0 0 0 0 0 0 0 ]
        [0 0 0 0 0 0 0 0 0 0 0 0 0 0 0 0 ]
        [0 0 0 0 0 0 0 0 0 0 0 0 0 0 0 0 ]
        [0 0 0 0 0 0 0 0 0 0 0 0 0 0 0 0 ]
        [0 0 0 0 0 0 0 0 0 0 0 0 0 0 0 0 ]
        [0 0 0 0 0 0 0 0 0 0 0 0 0 0 0 0 ]
        [0 0 0 0 0 0 0 0 0 0 0 0 0 0 0 0 ]
        [0 0 0 0 0 0 0 0 0 0 0 0 0 0 0 0 ]
        [0 0 0 0 0 0 0 0 0 0 0 0 0 0 0 0 ]
        [0 0 0 0 0 0 0 0 0 0 0 0 0 0 0 0 ]
        [0 0 0 0 0 0 0 0 0 0 0 0 0 0 0 0 ]
        [0 0 0 0 0 0 0 0 0 0 0 0 0 0 0 0 ]
        [0 0 0 0 0 0 0 0 0 0 0 0 0 0 0 0 ]
        [0 0 0 0 0 0 0 0 0 0 0 0 0 0 0 0 ]
        [0 0 0 0 0 0 0 0 0 0 0 0 0 0 0 0 ]
        [0 0 0 0 0 0 0 0 0 0 0 0 0 0 0 0 ]
        [0 0 0 0 0 0 0 0 0 0 0 0 0 0 0 0 ]
        [0 0 0 0 0 0 0 0 0 0 0 0 0 0 0 0 ]
        [0 0 0 0 0 0 0 0 0 0 0 0 0 0 0 0 ]
        [0 0 0 0 0 0 0 0 0 0 0 0 0 0 0 0 ]
        [0 0 0 0 0 0 0 0 0 0 0 0 0 0 0 0 ]
        [0 0 0 0 0 0 0 0 0 0 0 0 0 0 0 0 ]
        [0 0 0 0 0 0 0 0 0 0 0 0 0 0 0 0 ]
        [0 0 0 0 0 0 0 0 0 0 0 0 0 0 0 0 ]
        [0 0 0 0 0 0 0 0 0 0 0 0 0 0 0 0 ]
        [0 0 0 0 0 0 0 0 0 0 0 0 0 0 0 0 ]
        [0 0 0 0 0 0 0 0 0 0 0 0 0 0 0 0 ]
        [0 0 0 0 0 0 0 0 0 0 0 0 0 0 0 0 ]
        [0 0 0 0 0 0 0 0 0 0 0 0 0 0 0 0 ]
        [0 0 0 0 0 0 0 0 0 0 0 0 0 0 0 0 ]
        [0 0 0 0 0 0 0 0 0 0 0 0 0 0 0 0 ]
        [0 0 0 0 0 0 0 0 0 0 0 0 0 0 0 0 ]
        [0 0 0 0 0 0 0 0 0 0 0 0 0 0 0 0 ]
        [0 0 0 0 0 0 0 0 0 0 0 0 0 0 0 0 ]
        [0 0 0 0 0 0 0 0 0 0 0 0 0 0 0 0 ]
        [0 0 0 0 0 0 0 0 0 0 0 0 0 0 0 0 ]
        [0 0 0 0 0 0 0 0 0 0 0 0 0 0 0 0 ]
        [0 0 0 0 0 0 0 0 0 0 0 0 0 0 0 0 ]
        [0 0 0 0 0 0 0 0 0 0 0 0 0 0 0 0 ]
        [0 0 0 0 0 0 0 0 0 0 0 0 0 0 0 0 ]
        [0 0 0 0 0 0 0 0 0 0 0 0 0 0 0 0 ]
        [0 0 0 0 0 0 0 0 0 0 0 0 0 0 0 0 ]
        [0 0 0 0 0 0 0 0 0 0 0 0 0 0 0 0 ]
        [0 0 0 0 0 0 0 0 0 0 0 0 0 0 0 0 ]
        [0 0 0 0 0 0 0 0 0 0 0 0 0 0 0 0 ]
        [0 0 0 0 0 0 0 0 0 0 0 0 0 0 0 0 ]
        [0 0 0 0 0 0 0 0 0 0 0 0 0 0 0 0 ]
        [0 0 0 0 0 0 0 0 0 0 0 0 0 0 0 0 ]
        [0 0 0 0 0 0 0 0 0 0 0 0 0 0 0 0 ]
        [0 0 0 0 0 0 0 0 0 0 0 0 0 0 0 0 ]
        [0 0 0 0 0 0 0 0 0 0 0 0 0 0 0 0 ]
        [0 0 0 0 0 0 0 0 0 0 0 0 0 0 0 0 ]
        [0 0 0 0 0 0 0 0 0 0 0 0 0 0 0 0 ]
        [0 0 0 0 0 0 0 0 0 0 0 0 0 0 0 0 ]
        [0 0 0 0 0 0 0 0 0 0 0 0 0 0 0 0 ]
        [0 0 0 0 0 0 0 0 0 0 0 0 0 0 0 0 ]
        [0 0 0 0 0 0 0 0 0 0 0 0 0 0 0 0 ]
        [0 0 0 0 0 0 0 0 0 0 0 0 0 0 0 0 ]
        [0 0 0 0 0 0 0 0 0 0 0 0 0 0 0 0 ]
        [0 0 0 0 0 0 0 0 0 0 0 0 0 0 0 0 ]
        [0 0 0 0 0 0 0 0 0 0 0 0 0 0 0 0 ]
        [0 0 0 0 0 0 0 0 0 0 0 0 0 0 0 0 ]
        [0 0 0 0 0 0 0 0 0 0 0 0 0 0 0 0 ]
        [0 0 0 0 0 0 0 0 0 0 0 0 0 0 0 0 ]
        [0 0 0 0 0 0 0 0 0 0 0 0 0 0 0 0 ]
        [0 0 0 0 0 0 0 0 0 0 0 0 0 0 0 0 ]
        [0 0 0 0 0 0 0 0 0 0 0 0 0 0 0 0 ]
        [0 0 0 0 0 0 0 0 0 0 0 0 0 0 0 0 ]
        [0 0 0 0 0 0 0 0 0 0 0 0 0 0 0 0 ]
        [0 0 0 0 0 0 0 0 0 0 0 0 0 0 0 0 ]
        [0 0 0 0 0 0 0 0 0 0 0 0 0 0 0 0 ]
        [0 0 0 0 0 0 0 0 0 0 0 0 0 0 0 0 ]
        [0 0 0 0 0 0 0 0 0 0 0 0 0 0 0 0 ]
        [0 0 0 0 0 0 0 0 0 0 0 0 0 0 0 0 ]
        [0 0 0 0 0 0 0 0 0 0 0 0 0 0 0 0 ]
        [0 0 0 0 0 0 0 0 0 0 0 0 0 0 0 0 ]
        [0 0 0 0 0 0 0 0 0 0 0 0 0 0 0 0 ]
        [0 0 0 0 0 0 0 0 0 0 0 0 0 0 0 0 ]
        [0 0 0 0 0 0 0 0 0 0 0 0 0 0 0 0 ]
        [0 0 0 0 0 0 0 0 0 0 0 0 0 0 0 0 ]
        [0 0 0 0 0 0 0 0 0 0 0 0 0 0 0 0 ]
        [0 0 0 0 0 0 0 0 0 0 0 0 0 0 0 0 ]
        [0 0 0 0 0 0 0 0 0 0 0 0 0 0 0 0 ]
        [0 0 0 0 0 0 0 0 0 0 0 0 0 0 0 0 ]
        [0 0 0 0 0 0 0 0 0 0 0 0 0 0 0 0 ]
        [0 0 0 0 0 0 0 0 0 0 0 0 0 0 0 0 ]
        [0 0 0 0 0 0 0 0 0 0 0 0 0 0 0 0 ]
        [0 0 0 0 0 0 0 0 0 0 0 0 0 0 0 0 ]
        [0 0 0 0 0 0 0 0 0 0 0 0 0 0 0 0 ]
        [0 0 0 0 0 0 0 0 0 0 0 0 0 0 0 0 ]
        [0 0 0 0 0 0 0 0 0 0 0 0 0 0 0 0 ]
        [0 0 0 0 0 0 0 0 0 0 0 0 0 0 0 0 ]
        [0 0 0 0 0 0 0 0 0 0 0 0 0 0 0 0 ]
        [0 0 0 0 0 0 0 0 0 0 0 0 0 0 0 0 ]
        [0 0 0 0 0 0 0 0 0 0 0 0 0 0 0 0 ]
        [0 0 0 0 0 0 0 0 0 0 0 0 0 0 0 0 ]
        [0 0 0 0 0 0 0 0 0 0 0 0 0 0 0 0 ]
        [0 0 0 0 0 0 0 0 0 0 0 0 0 0 0 0 ]
        [0 0 0 0 0 0 0 0 0 0 0 0 0 0 0 0 ]
        [0 0 0 0 0 0 0 0 0 0 0 0 0 0 0 0 ]
        [0 0 0 0 0 0 0 0 0 0 0 0 0 0 0 0 ]
        [0 0 0 0 0 0 0 0 0 0 0 0 0 0 0 0 ]
        [0 0 0 0 0 0 0 0 0 0 0 0 0 0 0 0 ]
        [0 0 0 0 0 0 0 0 0 0 0 0 0 0 0 0 ]
        [0 0 0 0 0 0 0 0 0 0 0 0 0 0 0 0 ]
        [0 0 0 0 0 0 0 0 0 0 0 0 0 0 0 0 ]
        [0 0 0 0 0 0 0 0 0 0 0 0 0 0 0 0 ]
        [0 0 0 0 0 0 0 0 0 0 0 0 0 0 0 0 ]
        [0 0 0 0 0 0 0 0 0 0 0 0 0 0 0 0 ]
        [0 0 0 0 0 0 0 0 0 0 0 0 0 0 0 0 ]
        [0 0 0 0 0 0 0 0 0 0 0 0 0 0 0 0 ]
        [0 0 0 0 0 0 0 0 0 0 0 0 0 0 0 0 ]
        [0 0 0 0 0 0 0 0 0 0 0 0 0 0 0 0 ]
        [0 0 0 0 0 0 0 0 0 0 0 0 0 0 0 0 ]
        [0 0 0 0 0 0 0 0 0 0 0 0 0 0 0 0 ]
        [0 0 0 0 0 0 0 0 0 0 0 0 0 0 0 0 ]
        [0 0 0 0 0 0 0 0 0 0 0 0 0 0 0 0 ]
        [0 0 0 0 0 0 0 0 0 0 0 0 0 0 0 0 ]
        [0 0 0 0 0 0 0 0 0 0 0 0 0 0 0 0 ]
        [0 0 0 0 0 0 0 0 0 0 0 0 0 0 0 0 ]
        [0 0 0 0 0 0 0 0 0 0 0 0 0 0 0 0 ]
        [0 0 0 0 0 0 0 0 0 0 0 0 0 0 0 0 ]
        [0 0 0 0 0 0 0 0 0 0 0 0 0 0 0 0 ]
        [0 0 0 0 0 0 0 0 0 0 0 0 0 0 0 0 ]
        [0 0 0 0 0 0 0 0 0 0 0 0 0 0 0 0 ]
        [0 0 0 0 0 0 0 0 0 0 0 0 0 0 0 0 ]
        [0 0 0 0 0 0 0 0 0 0 0 0 0 0 0 0 ]
        [0 0 0 0 0 0 0 0 0 0 0 0 0 0 0 0 ]
        [0 0 0 0 0 0 0 0 0 0 0 0 0 0 0 0 ]
        [0 0 0 0 0 0 0 0 0 0 0 0 0 0 0 0 ]
        [0 0 0 0 0 0 0 0 0 0 0 0 0 0 0 0 ]
        [0 0 0 0 0 0 0 0 0 0 0 0 0 0 0 0 ]
        [0 0 0 0 0 0 0 0 0 0 0 0 0 0 0 0 ]
        [0 0 0 0 0 0 0 0 0 0 0 0 0 0 0 0 ]
        [0 0 0 0 0 0 0 0 0 0 0 0 0 0 0 0 ]
        [0 0 0 0 0 0 0 0 0 0 0 0 0 0 0 0 ]
        [0 0 0 0 0 0 0 0 0 0 0 0 0 0 0 0 ]
        [0 0 0 0 0 0 0 0 0 0 0 0 0 0 0 0 ]
        [0 0 0 0 0 0 0 0 0 0 0 0 0 0 0 0 ]
        [0 0 0 0 0 0 0 0 0 0 0 0 0 0 0 0 ]
        [0 0 0 0 0 0 0 0 0 0 0 0 0 0 0 0 ]
        [0 0 0 0 0 0 0 0 0 0 0 0 0 0 0 0 ]
        [0 0 0 0 0 0 0 0 0 0 0 0 0 0 0 0 ]
        [0 0 0 0 0 0 0 0 0 0 0 0 0 0 0 0 ]
        [0 0 0 0 0 0 0 0 0 0 0 0 0 0 0 0 ]
        [0 0 0 0 0 0 0 0 0 0 0 0 0 0 0 0 ]
        [0 0 0 0 0 0 0 0 0 0 0 0 0 0 0 0 ]
        [0 0 0 0 0 0 0 0 0 0 0 0 0 0 0 0 ]
        [0 0 0 0 0 0 0 0 0 0 0 0 0 0 0 0 ]
        [0 0 0 0 0 0 0 0 0 0 0 0 0 0 0 0 ]
        [0 0 0 0 0 0 0 0 0 0 0 0 0 0 0 0 ]
        [0 0 0 0 0 0 0 0 0 0 0 0 0 0 0 0 ]
        [0 0 0 0 0 0 0 0 0 0 0 0 0 0 0 0 ]
        [0 0 0 0 0 0 0 0 0 0 0 0 0 0 0 0 ]
        [0 0 0 0 0 0 0 0 0 0 0 0 0 0 0 0 ]
        [0 0 0 0 0 0 0 0 0 0 0 0 0 0 0 0 ]
        [0 0 0 0 0 0 0 0 0 0 0 0 0 0 0 0 ]
        [0 0 0 0 0 0 0 0 0 0 0 0 0 0 0 0 ]
        [0 0 0 0 0 0 0 0 0 0 0 0 0 0 0 0 ]
        [0 0 0 0 0 0 0 0 0 0 0 0 0 0 0 0 ]
        [0 0 0 0 0 0 0 0 0 0 0 0 0 0 0 0 ]
        [0 0 0 0 0 0 0 0 0 0 0 0 0 0 0 0 ]
        [0 0 0 0 0 0 0 0 0 0 0 0 0 0 0 0 ]
        [0 0 0 0 0 0 0 0 0 0 0 0 0 0 0 0 ]
        [0 0 0 0 0 0 0 0 0 0 0 0 0 0 0 0 ]
        [0 0 0 0 0 0 0 0 0 0 0 0 0 0 0 0 ]
        [0 0 0 0 0 0 0 0 0 0 0 0 0 0 0 0 ]
        [0 0 0 0 0 0 0 0 0 0 0 0 0 0 0 0 ]
        [0 0 0 0 0 0 0 0 0 0 0 0 0 0 0 0 ]
        [0 0 0 0 0 0 0 0 0 0 0 0 0 0 0 0 ]
        [0 0 0 0 0 0 0 0 0 0 0 0 0 0 0 0 ]
        [0 0 0 0 0 0 0 0 0 0 0 0 0 0 0 0 ]
        [0 0 0 0 0 0 0 0 0 0 0 0 0 0 0 0 ]
        [0 0 0 0 0 0 0 0 0 0 0 0 0 0 0 0 ]
        [0 0 0 0 0 0 0 0 0 0 0 0 0 0 0 0 ]
        [0 0 0 0 0 0 0 0 0 0 0 0 0 0 0 0 ]
        [0 0 0 0 0 0 0 0 0 0 0 0 0 0 0 0 ]
        [0 0 0 0 0 0 0 0 0 0 0 0 0 0 0 0 ]
        [0 0 0 0 0 0 0 0 0 0 0 0 0 0 0 0 ]
        [0 0 0 0 0 0 0 0 0 0 0 0 0 0 0 0 ]
        [0 0 0 0 0 0 0 0 0 0 0 0 0 0 0 0 ]
        [0 0 0 0 0 0 0 0 0 0 0 0 0 0 0 0 ]
        [0 0 0 0 0 0 0 0 0 0 0 0 0 0 0 0 ]
        [0 0 0 0 0 0 0 0 0 0 0 0 0 0 0 0 ]
        [0 0 0 0 0 0 0 0 0 0 0 0 0 0 0 0 ]
        [0 0 0 0 0 0 0 0 0 0 0 0 0 0 0 0 ]
        [0 0 0 0 0 0 0 0 0 0 0 0 0 0 0 0 ]
        [0 0 0 0 0 0 0 0 0 0 0 0 0 0 0 0 ]
        [0 0 0 0 0 0 0 0 0 0 0 0 0 0 0 0 ]
        [0 0 0 0 0 0 0 0 0 0 0 0 0 0 0 0 ]
        [0 0 0 0 0 0 0 0 0 0 0 0 0 0 0 0 ]
        [0 0 0 0 0 0 0 0 0 0 0 0 0 0 0 0 ]
        [0 0 0 0 0 0 0 0 0 0 0 0 0 0 0 0 ]
        [0 0 0 0 0 0 0 0 0 0 0 0 0 0 0 0 ]
        [0 0 0 0 0 0 0 0 0 0 0 0 0 0 0 0 ]
        [0 0 0 0 0 0 0 0 0 0 0 0 0 0 0 0 ]
        [0 0 0 0 0 0 0 0 0 0 0 0 0 0 0 0 ]
        [0 0 0 0 0 0 0 0 0 0 0 0 0 0 0 0 ]
        [0 0 0 0 0 0 0 0 0 0 0 0 0 0 0 0 ]
        [0 0 0 0 0 0 0 0 0 0 0 0 0 0 0 0 ]
        [0 0 0 0 0 0 0 0 0 0 0 0 0 0 0 0 ]
        [0 0 0 0 0 0 0 0 0 0 0 0 0 0 0 0 ]
        [0 0 0 0 0 0 0 0 0 0 0 0 0 0 0 0 ]
        [0 0 0 0 0 0 0 0 0 0 0 0 0 0 0 0 ]
        [0 0 0 0 0 0 0 0 0 0 0 0 0 0 0 0 ]
        [0 0 0 0 0 0 0 0 0 0 0 0 0 0 0 0 ]
        [0 0 0 0 0 0 0 0 0 0 0 0 0 0 0 0 ]
        [0 0 0 0 0 0 0 0 0 0 0 0 0 0 0 0 ]
        [0 0 0 0 0 0 0 0 0 0 0 0 0 0 0 0 ]
        [0 0 0 0 0 0 0 0 0 0 0 0 0 0 0 0 ]
        [0 0 0 0 0 0 0 0 0 0 0 0 0 0 0 0 ]
        [0 0 0 0 0 0 0 0 0 0 0 0 0 0 0 0 ]
        [0 0 0 0 0 0 0 0 0 0 0 0 0 0 0 0 ]
        [0 0 0 0 0 0 0 0 0 0 0 0 0 0 0 0 ]
        [0 0 0 0 0 0 0 0 0 0 0 0 0 0 0 0 ]
        [0 0 0 0 0 0 0 0 0 0 0 0 0 0 0 0 ]
        [0 0 0 0 0 0 0 0 0 0 0 0 0 0 0 0 ]
        [0 0 0 0 0 0 0 0 0 0 0 0 0 0 0 0 ]
        [0 0 0 0 0 0 0 0 0 0 0 0 0 0 0 0 ]
        [0 0 0 0 0 0 0 0 0 0 0 0 0 0 0 0 ]
        [0 0 0 0 0 0 0 0 0 0 0 0 0 0 0 0 ]
        [0 0 0 0 0 0 0 0 0 0 0 0 0 0 0 0 ]
        [0 0 0 0 0 0 0 0 0 0 0 0 0 0 0 0 ]
        [0 0 0 0 0 0 0 0 0 0 0 0 0 0 0 0 ]
        [0 0 0 0 0 0 0 0 0 0 0 0 0 0 0 0 ]
        [0 0 0 0 0 0 0 0 0 0 0 0 0 0 0 0 ]
        [0 0 0 0 0 0 0 0 0 0 0 0 0 0 0 0 ]
        [0 0 0 0 0 0 0 0 0 0 0 0 0 0 0 0 ]
        [0 0 0 0 0 0 0 0 0 0 0 0 0 0 0 0 ]
        [0 0 0 0 0 0 0 0 0 0 0 0 0 0 0 0 ]
        [0 0 0 0 0 0 0 0 0 0 0 0 0 0 0 0 ]
        [0 0 0 0 0 0 0 0 0 0 0 0 0 0 0 0 ]
        [0 0 0 0 0 0 0 0 0 0 0 0 0 0 0 0 ]
        [0 0 0 0 0 0 0 0 0 0 0 0 0 0 0 0 ]
        [0 0 0 0 0 0 0 0 0 0 0 0 0 0 0 0 ]
        [0 0 0 0 0 0 0 0 0 0 0 0 0 0 0 0 ]
        [0 0 0 0 0 0 0 0 0 0 0 0 0 0 0 0 ]
        [0 0 0 0 0 0 0 0 0 0 0 0 0 0 0 0 ]
        [0 0 0 0 0 0 0 0 0 0 0 0 0 0 0 0 ]
        [0 0 0 0 0 0 0 0 0 0 0 0 0 0 0 0 ]
        [0 0 0 0 0 0 0 0 0 0 0 0 0 0 0 0 ]
        [0 0 0 0 0 0 0 0 0 0 0 0 0 0 0 0 ]
        [0 0 0 0 0 0 0 0 0 0 0 0 0 0 0 0 ]
        [0 0 0 0 0 0 0 0 0 0 0 0 0 0 0 0 ]
        [0 0 0 0 0 0 0 0 0 0 0 0 0 0 0 0 ]
        [0 0 0 0 0 0 0 0 0 0 0 0 0 0 0 0 ]
        [0 0 0 0 0 0 0 0 0 0 0 0 0 0 0 0 ]
        [0 0 0 0 0 0 0 0 0 0 0 0 0 0 0 0 ]
        [0 0 0 0 0 0 0 0 0 0 0 0 0 0 0 0 ]
        [0 0 0 0 0 0 0 0 0 0 0 0 0 0 0 0 ]
        [0 0 0 0 0 0 0 0 0 0 0 0 0 0 0 0 ]
        [0 0 0 0 0 0 0 0 0 0 0 0 0 0 0 0 ]
        [0 0 0 0 0 0 0 0 0 0 0 0 0 0 0 0 ]
        [0 0 0 0 0 0 0 0 0 0 0 0 0 0 0 0 ]
        [0 0 0 0 0 0 0 0 0 0 0 0 0 0 0 0 ]
        [0 0 0 0 0 0 0 0 0 0 0 0 0 0 0 0 ]
        [0 0 0 0 0 0 0 0 0 0 0 0 0 0 0 0 ]
        [0 0 0 0 0 0 0 0 0 0 0 0 0 0 0 0 ]
        [0 0 0 0 0 0 0 0 0 0 0 0 0 0 0 0 ]
        [0 0 0 0 0 0 0 0 0 0 0 0 0 0 0 0 ]
        [0 0 0 0 0 0 0 0 0 0 0 0 0 0 0 0 ]
        [0 0 0 0 0 0 0 0 0 0 0 0 0 0 0 0 ]
        [0 0 0 0 0 0 0 0 0 0 0 0 0 0 0 0 ]
        [0 0 0 0 0 0 0 0 0 0 0 0 0 0 0 0 ]
        [0 0 0 0 0 0 0 0 0 0 0 0 0 0 0 0 ]
        [0 0 0 0 0 0 0 0 0 0 0 0 0 0 0 0 ]
        [0 0 0 0 0 0 0 0 0 0 0 0 0 0 0 0 ]
        [0 0 0 0 0 0 0 0 0 0 0 0 0 0 0 0 ]
        [0 0 0 0 0 0 0 0 0 0 0 0 0 0 0 0 ]
        [0 0 0 0 0 0 0 0 0 0 0 0 0 0 0 0 ]
        [0 0 0 0 0 0 0 0 0 0 0 0 0 0 0 0 ]
        [0 0 0 0 0 0 0 0 0 0 0 0 0 0 0 0 ]
        [0 0 0 0 0 0 0 0 0 0 0 0 0 0 0 0 ]
        [0 0 0 0 0 0 0 0 0 0 0 0 0 0 0 0 ]
        [0 0 0 0 0 0 0 0 0 0 0 0 0 0 0 0 ]
        [0 0 0 0 0 0 0 0 0 0 0 0 0 0 0 0 ]
        [0 0 0 0 0 0 0 0 0 0 0 0 0 0 0 0 ]
        [0 0 0 0 0 0 0 0 0 0 0 0 0 0 0 0 ]
        [0 0 0 0 0 0 0 0 0 0 0 0 0 0 0 0 ]
        [0 0 0 0 0 0 0 0 0 0 0 0 0 0 0 0 ]
        [0 0 0 0 0 0 0 0 0 0 0 0 0 0 0 0 ]
        [0 0 0 0 0 0 0 0 0 0 0 0 0 0 0 0 ]
        [0 0 0 0 0 0 0 0 0 0 0 0 0 0 0 0 ]
        [0 0 0 0 0 0 0 0 0 0 0 0 0 0 0 0 ]
        [0 0 0 0 0 0 0 0 0 0 0 0 0 0 0 0 ]
        [0 0 0 0 0 0 0 0 0 0 0 0 0 0 0 0 ]
        [0 0 0 0 0 0 0 0 0 0 0 0 0 0 0 0 ]
        [0 0 0 0 0 0 0 0 0 0 0 0 0 0 0 0 ]
        [0 0 0 0 0 0 0 0 0 0 0 0 0 0 0 0 ]
        [0 0 0 0 0 0 0 0 0 0 0 0 0 0 0 0 ]
        [0 0 0 0 0 0 0 0 0 0 0 0 0 0 0 0 ]
        [0 0 0 0 0 0 0 0 0 0 0 0 0 0 0 0 ]
        [0 0 0 0 0 0 0 0 0 0 0 0 0 0 0 0 ]
        [0 0 0 0 0 0 0 0 0 0 0 0 0 0 0 0 ]
        [0 0 0 0 0 0 0 0 0 0 0 0 0 0 0 0 ]
        [0 0 0 0 0 0 0 0 0 0 0 0 0 0 0 0 ]
        [0 0 0 0 0 0 0 0 0 0 0 0 0 0 0 0 ]
        [0 0 0 0 0 0 0 0 0 0 0 0 0 0 0 0 ]
        [0 0 0 0 0 0 0 0 0 0 0 0 0 0 0 0 ]
        [0 0 0 0 0 0 0 0 0 0 0 0 0 0 0 0 ]
        [0 0 0 0 0 0 0 0 0 0 0 0 0 0 0 0 ]
        [0 0 0 0 0 0 0 0 0 0 0 0 0 0 0 0 ]
        [0 0 0 0 0 0 0 0 0 0 0 0 0 0 0 0 ]
        [0 0 0 0 0 0 0 0 0 0 0 0 0 0 0 0 ]
        [0 0 0 0 0 0 0 0 0 0 0 0 0 0 0 0 ]
        [0 0 0 0 0 0 0 0 0 0 0 0 0 0 0 0 ]
        [0 0 0 0 0 0 0 0 0 0 0 0 0 0 0 0 ]
        [0 0 0 0 0 0 0 0 0 0 0 0 0 0 0 0 ]
        [0 0 0 0 0 0 0 0 0 0 0 0 0 0 0 0 ]
        [0 0 0 0 0 0 0 0 0 0 0 0 0 0 0 0 ]
        [0 0 0 0 0 0 0 0 0 0 0 0 0 0 0 0 ]
        [0 0 0 0 0 0 0 0 0 0 0 0 0 0 0 0 ]
        [0 0 0 0 0 0 0 0 0 0 0 0 0 0 0 0 ]
        [0 0 0 0 0 0 0 0 0 0 0 0 0 0 0 0 ]
        [0 0 0 0 0 0 0 0 0 0 0 0 0 0 0 0 ]
        [0 0 0 0 0 0 0 0 0 0 0 0 0 0 0 0 ]
        [0 0 0 0 0 0 0 0 0 0 0 0 0 0 0 0 ]
        [0 0 0 0 0 0 0 0 0 0 0 0 0 0 0 0 ]
        [0 0 0 0 0 0 0 0 0 0 0 0 0 0 0 0 ]
        [0 0 0 0 0 0 0 0 0 0 0 0 0 0 0 0 ]
        [0 0 0 0 0 0 0 0 0 0 0 0 0 0 0 0 ]
        [0 0 0 0 0 0 0 0 0 0 0 0 0 0 0 0 ]
        [0 0 0 0 0 0 0 0 0 0 0 0 0 0 0 0 ]
        [0 0 0 0 0 0 0 0 0 0 0 0 0 0 0 0 ]
        [0 0 0 0 0 0 0 0 0 0 0 0 0 0 0 0 ]
        [0 0 0 0 0 0 0 0 0 0 0 0 0 0 0 0 ]
        [0 0 0 0 0 0 0 0 0 0 0 0 0 0 0 0 ]
        [0 0 0 0 0 0 0 0 0 0 0 0 0 0 0 0 ]
        [0 0 0 0 0 0 0 0 0 0 0 0 0 0 0 0 ]
        [0 0 0 0 0 0 0 0 0 0 0 0 0 0 0 0 ]
        [0 0 0 0 0 0 0 0 0 0 0 0 0 0 0 0 ]
        [0 0 0 0 0 0 0 0 0 0 0 0 0 0 0 0 ]
        [0 0 0 0 0 0 0 0 0 0 0 0 0 0 0 0 ]
        [0 0 0 0 0 0 0 0 0 0 0 0 0 0 0 0 ]
        [0 0 0 0 0 0 0 0 0 0 0 0 0 0 0 0 ]
        [0 0 0 0 0 0 0 0 0 0 0 0 0 0 0 0 ]
        [0 0 0 0 0 0 0 0 0 0 0 0 0 0 0 0 ]
        [0 0 0 0 0 0 0 0 0 0 0 0 0 0 0 0 ]
        [0 0 0 0 0 0 0 0 0 0 0 0 0 0 0 0 ]
        [0 0 0 0 0 0 0 0 0 0 0 0 0 0 0 0 ]
        [0 0 0 0 0 0 0 0 0 0 0 0 0 0 0 0 ]
        [0 0 0 0 0 0 0 0 0 0 0 0 0 0 0 0 ]
        [0 0 0 0 0 0 0 0 0 0 0 0 0 0 0 0 ]
        [0 0 0 0 0 0 0 0 0 0 0 0 0 0 0 0 ]
        [0 0 0 0 0 0 0 0 0 0 0 0 0 0 0 0 ]
        [0 0 0 0 0 0 0 0 0 0 0 0 0 0 0 0 ]
        [0 0 0 0 0 0 0 0 0 0 0 0 0 0 0 0 ]
        [0 0 0 0 0 0 0 0 0 0 0 0 0 0 0 0 ]
        [0 0 0 0 0 0 0 0 0 0 0 0 0 0 0 0 ]
        [0 0 0 0 0 0 0 0 0 0 0 0 0 0 0 0 ]
        [0 0 0 0 0 0 0 0 0 0 0 0 0 0 0 0 ]
        [0 0 0 0 0 0 0 0 0 0 0 0 0 0 0 0 ]
        [0 0 0 0 0 0 0 0 0 0 0 0 0 0 0 0 ]
        [0 0 0 0 0 0 0 0 0 0 0 0 0 0 0 0 ]
        [0 0 0 0 0 0 0 0 0 0 0 0 0 0 0 0 ]
        [0 0 0 0 0 0 0 0 0 0 0 0 0 0 0 0 ]
        [0 0 0 0 0 0 0 0 0 0 0 0 0 0 0 0 ]
        [0 0 0 0 0 0 0 0 0 0 0 0 0 0 0 0 ]
        [0 0 0 0 0 0 0 0 0 0 0 0 0 0 0 0 ]
        [0 0 0 0 0 0 0 0 0 0 0 0 0 0 0 0 ]
        [0 0 0 0 0 0 0 0 0 0 0 0 0 0 0 0 ]
        [0 0 0 0 0 0 0 0 0 0 0 0 0 0 0 0 ]
        [0 0 0 0 0 0 0 0 0 0 0 0 0 0 0 0 ]
        [0 0 0 0 0 0 0 0 0 0 0 0 0 0 0 0 ]
        [0 0 0 0 0 0 0 0 0 0 0 0 0 0 0 0 ]
        [0 0 0 0 0 0 0 0 0 0 0 0 0 0 0 0 ]
        [0 0 0 0 0 0 0 0 0 0 0 0 0 0 0 0 ]
        [0 0 0 0 0 0 0 0 0 0 0 0 0 0 0 0 ]
        [0 0 0 0 0 0 0 0 0 0 0 0 0 0 0 0 ]
        [0 0 0 0 0 0 0 0 0 0 0 0 0 0 0 0 ]
        [0 0 0 0 0 0 0 0 0 0 0 0 0 0 0 0 ]
        [0 0 0 0 0 0 0 0 0 0 0 0 0 0 0 0 ]
        [0 0 0 0 0 0 0 0 0 0 0 0 0 0 0 0 ]
        [0 0 0 0 0 0 0 0 0 0 0 0 0 0 0 0 ]
        [0 0 0 0 0 0 0 0 0 0 0 0 0 0 0 0 ]
        [0 0 0 0 0 0 0 0 0 0 0 0 0 0 0 0 ]
        [0 0 0 0 0 0 0 0 0 0 0 0 0 0 0 0 ]
        [0 0 0 0 0 0 0 0 0 0 0 0 0 0 0 0 ]
        [0 0 0 0 0 0 0 0 0 0 0 0 0 0 0 0 ]
        [0 0 0 0 0 0 0 0 0 0 0 0 0 0 0 0 ]
        [0 0 0 0 0 0 0 0 0 0 0 0 0 0 0 0 ]
        [0 0 0 0 0 0 0 0 0 0 0 0 0 0 0 0 ]
        [0 0 0 0 0 0 0 0 0 0 0 0 0 0 0 0 ]
        [0 0 0 0 0 0 0 0 0 0 0 0 0 0 0 0 ]
        [0 0 0 0 0 0 0 0 0 0 0 0 0 0 0 0 ]
        [0 0 0 0 0 0 0 0 0 0 0 0 0 0 0 0 ]
        [0 0 0 0 0 0 0 0 0 0 0 0 0 0 0 0 ]
        [0 0 0 0 0 0 0 0 0 0 0 0 0 0 0 0 ]
        [0 0 0 0 0 0 0 0 0 0 0 0 0 0 0 0 ]
        [0 0 0 0 0 0 0 0 0 0 0 0 0 0 0 0 ]
        [0 0 0 0 0 0 0 0 0 0 0 0 0 0 0 0 ]
        [0 0 0 0 0 0 0 0 0 0 0 0 0 0 0 0 ]
        [0 0 0 0 0 0 0 0 0 0 0 0 0 0 0 0 ]
        [0 0 0 0 0 0 0 0 0 0 0 0 0 0 0 0 ]
        [0 0 0 0 0 0 0 0 0 0 0 0 0 0 0 0 ]
        [0 0 0 0 0 0 0 0 0 0 0 0 0 0 0 0 ]
        [0 0 0 0 0 0 0 0 0 0 0 0 0 0 0 0 ]
        [0 0 0 0 0 0 0 0 0 0 0 0 0 0 0 0 ]
        [0 0 0 0 0 0 0 0 0 0 0 0 0 0 0 0 ]
        [0 0 0 0 0 0 0 0 0 0 0 0 0 0 0 0 ]
        [0 0 0 0 0 0 0 0 0 0 0 0 0 0 0 0 ]
        [0 0 0 0 0 0 0 0 0 0 0 0 0 0 0 0 ]
        [0 0 0 0 0 0 0 0 0 0 0 0 0 0 0 0 ]
        [0 0 0 0 0 0 0 0 0 0 0 0 0 0 0 0 ]
        [0 0 0 0 0 0 0 0 0 0 0 0 0 0 0 0 ]
        [0 0 0 0 0 0 0 0 0 0 0 0 0 0 0 0 ]
        [0 0 0 0 0 0 0 0 0 0 0 0 0 0 0 0 ]
        [0 0 0 0 0 0 0 0 0 0 0 0 0 0 0 0 ]
        [0 0 0 0 0 0 0 0 0 0 0 0 0 0 0 0 ]
        [0 0 0 0 0 0 0 0 0 0 0 0 0 0 0 0 ]
        [0 0 0 0 0 0 0 0 0 0 0 0 0 0 0 0 ]
        [0 0 0 0 0 0 0 0 0 0 0 0 0 0 0 0 ]
        [0 0 0 0 0 0 0 0 0 0 0 0 0 0 0 0 ]
        [0 0 0 0 0 0 0 0 0 0 0 0 0 0 0 0 ]
        [0 0 0 0 0 0 0 0 0 0 0 0 0 0 0 0 ]
        [0 0 0 0 0 0 0 0 0 0 0 0 0 0 0 0 ]
        [0 0 0 0 0 0 0 0 0 0 0 0 0 0 0 0 ]
        [0 0 0 0 0 0 0 0 0 0 0 0 0 0 0 0 ]
        [0 0 0 0 0 0 0 0 0 0 0 0 0 0 0 0 ]
        [0 0 0 0 0 0 0 0 0 0 0 0 0 0 0 0 ]
        [0 0 0 0 0 0 0 0 0 0 0 0 0 0 0 0 ]
        [0 0 0 0 0 0 0 0 0 0 0 0 0 0 0 0 ]
        [0 0 0 0 0 0 0 0 0 0 0 0 0 0 0 0 ]
        [0 0 0 0 0 0 0 0 0 0 0 0 0 0 0 0 ]
        [0 0 0 0 0 0 0 0 0 0 0 0 0 0 0 0 ]
        [0 0 0 0 0 0 0 0 0 0 0 0 0 0 0 0 ]
        [0 0 0 0 0 0 0 0 0 0 0 0 0 0 0 0 ]
        [0 0 0 0 0 0 0 0 0 0 0 0 0 0 0 0 ]
        [0 0 0 0 0 0 0 0 0 0 0 0 0 0 0 0 ]
        [0 0 0 0 0 0 0 0 0 0 0 0 0 0 0 0 ]
        [0 0 0 0 0 0 0 0 0 0 0 0 0 0 0 0 ]
        [0 0 0 0 0 0 0 0 0 0 0 0 0 0 0 0 ]
        [0 0 0 0 0 0 0 0 0 0 0 0 0 0 0 0 ]
        [0 0 0 0 0 0 0 0 0 0 0 0 0 0 0 0 ]
        [0 0 0 0 0 0 0 0 0 0 0 0 0 0 0 0 ]
        [0 0 0 0 0 0 0 0 0 0 0 0 0 0 0 0 ]
        [0 0 0 0 0 0 0 0 0 0 0 0 0 0 0 0 ]
        [0 0 0 0 0 0 0 0 0 0 0 0 0 0 0 0 ]
        [0 0 0 0 0 0 0 0 0 0 0 0 0 0 0 0 ]
        [0 0 0 0 0 0 0 0 0 0 0 0 0 0 0 0 ]
        [0 0 0 0 0 0 0 0 0 0 0 0 0 0 0 0 ]
        [0 0 0 0 0 0 0 0 0 0 0 0 0 0 0 0 ]
        [0 0 0 0 0 0 0 0 0 0 0 0 0 0 0 0 ]
        [0 0 0 0 0 0 0 0 0 0 0 0 0 0 0 0 ]
        [0 0 0 0 0 0 0 0 0 0 0 0 0 0 0 0 ]
        [0 0 0 0 0 0 0 0 0 0 0 0 0 0 0 0 ]
        [0 0 0 0 0 0 0 0 0 0 0 0 0 0 0 0 ]
        [0 0 0 0 0 0 0 0 0 0 0 0 0 0 0 0 ]
        [0 0 0 0 0 0 0 0 0 0 0 0 0 0 0 0 ]
        [0 0 0 0 0 0 0 0 0 0 0 0 0 0 0 0 ]
        [0 0 0 0 0 0 0 0 0 0 0 0 0 0 0 0 ]
        [0 0 0 0 0 0 0 0 0 0 0 0 0 0 0 0 ]
        [0 0 0 0 0 0 0 0 0 0 0 0 0 0 0 0 ]
        [0 0 0 0 0 0 0 0 0 0 0 0 0 0 0 0 ]
        [0 0 0 0 0 0 0 0 0 0 0 0 0 0 0 0 ]
        [0 0 0 0 0 0 0 0 0 0 0 0 0 0 0 0 ]
        [0 0 0 0 0 0 0 0 0 0 0 0 0 0 0 0 ]
        [0 0 0 0 0 0 0 0 0 0 0 0 0 0 0 0 ]
        [0 0 0 0 0 0 0 0 0 0 0 0 0 0 0 0 ]
        [0 0 0 0 0 0 0 0 0 0 0 0 0 0 0 0 ]
        [0 0 0 0 0 0 0 0 0 0 0 0 0 0 0 0 ]
        [0 0 0 0 0 0 0 0 0 0 0 0 0 0 0 0 ]
        [0 0 0 0 0 0 0 0 0 0 0 0 0 0 0 0 ]
        [0 0 0 0 0 0 0 0 0 0 0 0 0 0 0 0 ]
        [0 0 0 0 0 0 0 0 0 0 0 0 0 0 0 0 ]
        [0 0 0 0 0 0 0 0 0 0 0 0 0 0 0 0 ]
        [0 0 0 0 0 0 0 0 0 0 0 0 0 0 0 0 ]
        [0 0 0 0 0 0 0 0 0 0 0 0 0 0 0 0 ]
        [0 0 0 0 0 0 0 0 0 0 0 0 0 0 0 0 ]
        [0 0 0 0 0 0 0 0 0 0 0 0 0 0 0 0 ]
        [0 0 0 0 0 0 0 0 0 0 0 0 0 0 0 0 ]
        [0 0 0 0 0 0 0 0 0 0 0 0 0 0 0 0 ]
        [0 0 0 0 0 0 0 0 0 0 0 0 0 0 0 0 ]
        [0 0 0 0 0 0 0 0 0 0 0 0 0 0 0 0 ]
        [0 0 0 0 0 0 0 0 0 0 0 0 0 0 0 0 ]
        [0 0 0 0 0 0 0 0 0 0 0 0 0 0 0 0 ]
        [0 0 0 0 0 0 0 0 0 0 0 0 0 0 0 0 ]
        [0 0 0 0 0 0 0 0 0 0 0 0 0 0 0 0 ]
        [0 0 0 0 0 0 0 0 0 0 0 0 0 0 0 0 ]
        [0 0 0 0 0 0 0 0 0 0 0 0 0 0 0 0 ]
        [0 0 0 0 0 0 0 0 0 0 0 0 0 0 0 0 ]
        [0 0 0 0 0 0 0 0 0 0 0 0 0 0 0 0 ]
        [0 0 0 0 0 0 0 0 0 0 0 0 0 0 0 0 ]
        [0 0 0 0 0 0 0 0 0 0 0 0 0 0 0 0 ]
        [0 0 0 0 0 0 0 0 0 0 0 0 0 0 0 0 ]
        [0 0 0 0 0 0 0 0 0 0 0 0 0 0 0 0 ]
        [0 0 0 0 0 0 0 0 0 0 0 0 0 0 0 0 ]
        [0 0 0 0 0 0 0 0 0 0 0 0 0 0 0 0 ]
        [0 0 0 0 0 0 0 0 0 0 0 0 0 0 0 0 ]
        [0 0 0 0 0 0 0 0 0 0 0 0 0 0 0 0 ]
        [0 0 0 0 0 0 0 0 0 0 0 0 0 0 0 0 ]
        [0 0 0 0 0 0 0 0 0 0 0 0 0 0 0 0 ]
        [0 0 0 0 0 0 0 0 0 0 0 0 0 0 0 0 ]
        [0 0 0 0 0 0 0 0 0 0 0 0 0 0 0 0 ]
        [0 0 0 0 0 0 0 0 0 0 0 0 0 0 0 0 ]
        [0 0 0 0 0 0 0 0 0 0 0 0 0 0 0 0 ]
        [0 0 0 0 0 0 0 0 0 0 0 0 0 0 0 0 ]
        [0 0 0 0 0 0 0 0 0 0 0 0 0 0 0 0 ]
        [0 0 0 0 0 0 0 0 0 0 0 0 0 0 0 0 ]
        [0 0 0 0 0 0 0 0 0 0 0 0 0 0 0 0 ]
        [0 0 0 0 0 0 0 0 0 0 0 0 0 0 0 0 ]
        [0 0 0 0 0 0 0 0 0 0 0 0 0 0 0 0 ]
        [0 0 0 0 0 0 0 0 0 0 0 0 0 0 0 0 ]
        [0 0 0 0 0 0 0 0 0 0 0 0 0 0 0 0 ]
        [0 0 0 0 0 0 0 0 0 0 0 0 0 0 0 0 ]
        [0 0 0 0 0 0 0 0 0 0 0 0 0 0 0 0 ]
        [0 0 0 0 0 0 0 0 0 0 0 0 0 0 0 0 ]
        [0 0 0 0 0 0 0 0 0 0 0 0 0 0 0 0 ]
        [0 0 0 0 0 0 0 0 0 0 0 0 0 0 0 0 ]
        [0 0 0 0 0 0 0 0 0 0 0 0 0 0 0 0 ]
        [0 0 0 0 0 0 0 0 0 0 0 0 0 0 0 0 ]
        [0 0 0 0 0 0 0 0 0 0 0 0 0 0 0 0 ]
        [0 0 0 0 0 0 0 0 0 0 0 0 0 0 0 0 ]
        [0 0 0 0 0 0 0 0 0 0 0 0 0 0 0 0 ]
        [0 0 0 0 0 0 0 0 0 0 0 0 0 0 0 0 ]
        [0 0 0 0 0 0 0 0 0 0 0 0 0 0 0 0 ]
        [0 0 0 0 0 0 0 0 0 0 0 0 0 0 0 0 ]
        [0 0 0 0 0 0 0 0 0 0 0 0 0 0 0 0 ]
        [0 0 0 0 0 0 0 0 0 0 0 0 0 0 0 0 ]
        [0 0 0 0 0 0 0 0 0 0 0 0 0 0 0 0 ]
        [0 0 0 0 0 0 0 0 0 0 0 0 0 0 0 0 ]
        [0 0 0 0 0 0 0 0 0 0 0 0 0 0 0 0 ]
        [0 0 0 0 0 0 0 0 0 0 0 0 0 0 0 0 ]
        [0 0 0 0 0 0 0 0 0 0 0 0 0 0 0 0 ]
        [0 0 0 0 0 0 0 0 0 0 0 0 0 0 0 0 ]
        [0 0 0 0 0 0 0 0 0 0 0 0 0 0 0 0 ]
        [0 0 0 0 0 0 0 0 0 0 0 0 0 0 0 0 ]
        [0 0 0 0 0 0 0 0 0 0 0 0 0 0 0 0 ]
        [0 0 0 0 0 0 0 0 0 0 0 0 0 0 0 0 ]
        [0 0 0 0 0 0 0 0 0 0 0 0 0 0 0 0 ]
        [0 0 0 0 0 0 0 0 0 0 0 0 0 0 0 0 ]
        [0 0 0 0 0 0 0 0 0 0 0 0 0 0 0 0 ]
        [0 0 0 0 0 0 0 0 0 0 0 0 0 0 0 0 ]
        [0 0 0 0 0 0 0 0 0 0 0 0 0 0 0 0 ]
        [0 0 0 0 0 0 0 0 0 0 0 0 0 0 0 0 ]
        [0 0 0 0 0 0 0 0 0 0 0 0 0 0 0 0 ]
        [0 0 0 0 0 0 0 0 0 0 0 0 0 0 0 0 ]
        [0 0 0 0 0 0 0 0 0 0 0 0 0 0 0 0 ]
        [0 0 0 0 0 0 0 0 0 0 0 0 0 0 0 0 ]
        [0 0 0 0 0 0 0 0 0 0 0 0 0 0 0 0 ]
        [0 0 0 0 0 0 0 0 0 0 0 0 0 0 0 0 ]
        [0 0 0 0 0 0 0 0 0 0 0 0 0 0 0 0 ]
        [0 0 0 0 0 0 0 0 0 0 0 0 0 0 0 0 ]
        [0 0 0 0 0 0 0 0 0 0 0 0 0 0 0 0 ]
        [0 0 0 0 0 0 0 0 0 0 0 0 0 0 0 0 ]
        [0 0 0 0 0 0 0 0 0 0 0 0 0 0 0 0 ]
        [0 0 0 0 0 0 0 0 0 0 0 0 0 0 0 0 ]
        [0 0 0 0 0 0 0 0 0 0 0 0 0 0 0 0 ]
        [0 0 0 0 0 0 0 0 0 0 0 0 0 0 0 0 ]
        [0 0 0 0 0 0 0 0 0 0 0 0 0 0 0 0 ]
        [0 0 0 0 0 0 0 0 0 0 0 0 0 0 0 0 ]
        [0 0 0 0 0 0 0 0 0 0 0 0 0 0 0 0 ]
        [0 0 0 0 0 0 0 0 0 0 0 0 0 0 0 0 ]
        [0 0 0 0 0 0 0 0 0 0 0 0 0 0 0 0 ]
        [0 0 0 0 0 0 0 0 0 0 0 0 0 0 0 0 ]
        [0 0 0 0 0 0 0 0 0 0 0 0 0 0 0 0 ]
        [0 0 0 0 0 0 0 0 0 0 0 0 0 0 0 0 ]
        [0 0 0 0 0 0 0 0 0 0 0 0 0 0 0 0 ]
        [0 0 0 0 0 0 0 0 0 0 0 0 0 0 0 0 ]
        [0 0 0 0 0 0 0 0 0 0 0 0 0 0 0 0 ]
        [0 0 0 0 0 0 0 0 0 0 0 0 0 0 0 0 ]
        [0 0 0 0 0 0 0 0 0 0 0 0 0 0 0 0 ]
        [0 0 0 0 0 0 0 0 0 0 0 0 0 0 0 0 ]
        [0 0 0 0 0 0 0 0 0 0 0 0 0 0 0 0 ]
        [0 0 0 0 0 0 0 0 0 0 0 0 0 0 0 0 ]
        [0 0 0 0 0 0 0 0 0 0 0 0 0 0 0 0 ]
        [0 0 0 0 0 0 0 0 0 0 0 0 0 0 0 0 ]
        [0 0 0 0 0 0 0 0 0 0 0 0 0 0 0 0 ]
        [0 0 0 0 0 0 0 0 0 0 0 0 0 0 0 0 ]
        [0 0 0 0 0 0 0 0 0 0 0 0 0 0 0 0 ]
        [0 0 0 0 0 0 0 0 0 0 0 0 0 0 0 0 ]
        [0 0 0 0 0 0 0 0 0 0 0 0 0 0 0 0 ]
        [0 0 0 0 0 0 0 0 0 0 0 0 0 0 0 0 ]
        [0 0 0 0 0 0 0 0 0 0 0 0 0 0 0 0 ]
        [0 0 0 0 0 0 0 0 0 0 0 0 0 0 0 0 ]
        [0 0 0 0 0 0 0 0 0 0 0 0 0 0 0 0 ]
        [0 0 0 0 0 0 0 0 0 0 0 0 0 0 0 0 ]
        [0 0 0 0 0 0 0 0 0 0 0 0 0 0 0 0 ]
        [0 0 0 0 0 0 0 0 0 0 0 0 0 0 0 0 ]
        [0 0 0 0 0 0 0 0 0 0 0 0 0 0 0 0 ]
        [0 0 0 0 0 0 0 0 0 0 0 0 0 0 0 0 ]
        [0 0 0 0 0 0 0 0 0 0 0 0 0 0 0 0 ]
        [0 0 0 0 0 0 0 0 0 0 0 0 0 0 0 0 ]
        [0 0 0 0 0 0 0 0 0 0 0 0 0 0 0 0 ]
        [0 0 0 0 0 0 0 0 0 0 0 0 0 0 0 0 ]
        [0 0 0 0 0 0 0 0 0 0 0 0 0 0 0 0 ]
        [0 0 0 0 0 0 0 0 0 0 0 0 0 0 0 0 ]
        [0 0 0 0 0 0 0 0 0 0 0 0 0 0 0 0 ]
        [0 0 0 0 0 0 0 0 0 0 0 0 0 0 0 0 ]
        [0 0 0 0 0 0 0 0 0 0 0 0 0 0 0 0 ]
        [0 0 0 0 0 0 0 0 0 0 0 0 0 0 0 0 ]
        [0 0 0 0 0 0 0 0 0 0 0 0 0 0 0 0 ]
        [0 0 0 0 0 0 0 0 0 0 0 0 0 0 0 0 ]
        [0 0 0 0 0 0 0 0 0 0 0 0 0 0 0 0 ]
        [0 0 0 0 0 0 0 0 0 0 0 0 0 0 0 0 ]
        [0 0 0 0 0 0 0 0 0 0 0 0 0 0 0 0 ]
        [0 0 0 0 0 0 0 0 0 0 0 0 0 0 0 0 ]
        [0 0 0 0 0 0 0 0 0 0 0 0 0 0 0 0 ]
        [0 0 0 0 0 0 0 0 0 0 0 0 0 0 0 0 ]
        [0 0 0 0 0 0 0 0 0 0 0 0 0 0 0 0 ]
        [0 0 0 0 0 0 0 0 0 0 0 0 0 0 0 0 ]
        [0 0 0 0 0 0 0 0 0 0 0 0 0 0 0 0 ]
        [0 0 0 0 0 0 0 0 0 0 0 0 0 0 0 0 ]
        [0 0 0 0 0 0 0 0 0 0 0 0 0 0 0 0 ]
        [0 0 0 0 0 0 0 0 0 0 0 0 0 0 0 0 ]
        [0 0 0 0 0 0 0 0 0 0 0 0 0 0 0 0 ]
        [0 0 0 0 0 0 0 0 0 0 0 0 0 0 0 0 ]
        [0 0 0 0 0 0 0 0 0 0 0 0 0 0 0 0 ]
        [0 0 0 0 0 0 0 0 0 0 0 0 0 0 0 0 ]
        [0 0 0 0 0 0 0 0 0 0 0 0 0 0 0 0 ]
        [0 0 0 0 0 0 0 0 0 0 0 0 0 0 0 0 ]
        [0 0 0 0 0 0 0 0 0 0 0 0 0 0 0 0 ]
        [0 0 0 0 0 0 0 0 0 0 0 0 0 0 0 0 ]
        [0 0 0 0 0 0 0 0 0 0 0 0 0 0 0 0 ]
        [0 0 0 0 0 0 0 0 0 0 0 0 0 0 0 0 ]
        [0 0 0 0 0 0 0 0 0 0 0 0 0 0 0 0 ]
        [0 0 0 0 0 0 0 0 0 0 0 0 0 0 0 0 ]
        [0 0 0 0 0 0 0 0 0 0 0 0 0 0 0 0 ]
        [0 0 0 0 0 0 0 0 0 0 0 0 0 0 0 0 ]
        [0 0 0 0 0 0 0 0 0 0 0 0 0 0 0 0 ]
        [0 0 0 0 0 0 0 0 0 0 0 0 0 0 0 0 ]
        [0 0 0 0 0 0 0 0 0 0 0 0 0 0 0 0 ]
        [0 0 0 0 0 0 0 0 0 0 0 0 0 0 0 0 ]
        [0 0 0 0 0 0 0 0 0 0 0 0 0 0 0 0 ]
        [0 0 0 0 0 0 0 0 0 0 0 0 0 0 0 0 ]
        [0 0 0 0 0 0 0 0 0 0 0 0 0 0 0 0 ]
        [0 0 0 0 0 0 0 0 0 0 0 0 0 0 0 0 ]
        [0 0 0 0 0 0 0 0 0 0 0 0 0 0 0 0 ]
        [0 0 0 0 0 0 0 0 0 0 0 0 0 0 0 0 ]
        [0 0 0 0 0 0 0 0 0 0 0 0 0 0 0 0 ]
        [0 0 0 0 0 0 0 0 0 0 0 0 0 0 0 0 ]
        [0 0 0 0 0 0 0 0 0 0 0 0 0 0 0 0 ]
        [0 0 0 0 0 0 0 0 0 0 0 0 0 0 0 0 ]
        [0 0 0 0 0 0 0 0 0 0 0 0 0 0 0 0 ]
        [0 0 0 0 0 0 0 0 0 0 0 0 0 0 0 0 ]
        [0 0 0 0 0 0 0 0 0 0 0 0 0 0 0 0 ]
        [0 0 0 0 0 0 0 0 0 0 0 0 0 0 0 0 ]
        [0 0 0 0 0 0 0 0 0 0 0 0 0 0 0 0 ]
        [0 0 0 0 0 0 0 0 0 0 0 0 0 0 0 0 ]
        [0 0 0 0 0 0 0 0 0 0 0 0 0 0 0 0 ]
        [0 0 0 0 0 0 0 0 0 0 0 0 0 0 0 0 ]
        [0 0 0 0 0 0 0 0 0 0 0 0 0 0 0 0 ]
        [0 0 0 0 0 0 0 0 0 0 0 0 0 0 0 0 ]
        [0 0 0 0 0 0 0 0 0 0 0 0 0 0 0 0 ]
        [0 0 0 0 0 0 0 0 0 0 0 0 0 0 0 0 ]
        [0 0 0 0 0 0 0 0 0 0 0 0 0 0 0 0 ]
        [0 0 0 0 0 0 0 0 0 0 0 0 0 0 0 0 ]
        [0 0 0 0 0 0 0 0 0 0 0 0 0 0 0 0 ]
        [0 0 0 0 0 0 0 0 0 0 0 0 0 0 0 0 ]
        [0 0 0 0 0 0 0 0 0 0 0 0 0 0 0 0 ]
        [0 0 0 0 0 0 0 0 0 0 0 0 0 0 0 0 ]
        [0 0 0 0 0 0 0 0 0 0 0 0 0 0 0 0 ]
        [0 0 0 0 0 0 0 0 0 0 0 0 0 0 0 0 ]
        [0 0 0 0 0 0 0 0 0 0 0 0 0 0 0 0 ]
        [0 0 0 0 0 0 0 0 0 0 0 0 0 0 0 0 ]
        [0 0 0 0 0 0 0 0 0 0 0 0 0 0 0 0 ]
        [0 0 0 0 0 0 0 0 0 0 0 0 0 0 0 0 ]
        [0 0 0 0 0 0 0 0 0 0 0 0 0 0 0 0 ]
        [0 0 0 0 0 0 0 0 0 0 0 0 0 0 0 0 ]
        [0 0 0 0 0 0 0 0 0 0 0 0 0 0 0 0 ]
        [0 0 0 0 0 0 0 0 0 0 0 0 0 0 0 0 ]
        [0 0 0 0 0 0 0 0 0 0 0 0 0 0 0 0 ]
        [0 0 0 0 0 0 0 0 0 0 0 0 0 0 0 0 ]
        [0 0 0 0 0 0 0 0 0 0 0 0 0 0 0 0 ]
        [0 0 0 0 0 0 0 0 0 0 0 0 0 0 0 0 ]
        [0 0 0 0 0 0 0 0 0 0 0 0 0 0 0 0 ]
        [0 0 0 0 0 0 0 0 0 0 0 0 0 0 0 0 ]
        [0 0 0 0 0 0 0 0 0 0 0 0 0 0 0 0 ]
        [0 0 0 0 0 0 0 0 0 0 0 0 0 0 0 0 ]
        [0 0 0 0 0 0 0 0 0 0 0 0 0 0 0 0 ]
        [0 0 0 0 0 0 0 0 0 0 0 0 0 0 0 0 ]
        [0 0 0 0 0 0 0 0 0 0 0 0 0 0 0 0 ]
        [0 0 0 0 0 0 0 0 0 0 0 0 0 0 0 0 ]
        [0 0 0 0 0 0 0 0 0 0 0 0 0 0 0 0 ]
        [0 0 0 0 0 0 0 0 0 0 0 0 0 0 0 0 ]
        [0 0 0 0 0 0 0 0 0 0 0 0 0 0 0 0 ]
        [0 0 0 0 0 0 0 0 0 0 0 0 0 0 0 0 ]
        [0 0 0 0 0 0 0 0 0 0 0 0 0 0 0 0 ]
        [0 0 0 0 0 0 0 0 0 0 0 0 0 0 0 0 ]
        [0 0 0 0 0 0 0 0 0 0 0 0 0 0 0 0 ]
        [0 0 0 0 0 0 0 0 0 0 0 0 0 0 0 0 ]
        [0 0 0 0 0 0 0 0 0 0 0 0 0 0 0 0 ]
        [0 0 0 0 0 0 0 0 0 0 0 0 0 0 0 0 ]
        [0 0 0 0 0 0 0 0 0 0 0 0 0 0 0 0 ]
        [0 0 0 0 0 0 0 0 0 0 0 0 0 0 0 0 ]
        [0 0 0 0 0 0 0 0 0 0 0 0 0 0 0 0 ]
        [0 0 0 0 0 0 0 0 0 0 0 0 0 0 0 0 ]
        [0 0 0 0 0 0 0 0 0 0 0 0 0 0 0 0 ]
        [0 0 0 0 0 0 0 0 0 0 0 0 0 0 0 0 ]
        [0 0 0 0 0 0 0 0 0 0 0 0 0 0 0 0 ]
        [0 0 0 0 0 0 0 0 0 0 0 0 0 0 0 0 ]
        [0 0 0 0 0 0 0 0 0 0 0 0 0 0 0 0 ]
        [0 0 0 0 0 0 0 0 0 0 0 0 0 0 0 0 ]
        [0 0 0 0 0 0 0 0 0 0 0 0 0 0 0 0 ]
        [0 0 0 0 0 0 0 0 0 0 0 0 0 0 0 0 ]
        [0 0 0 0 0 0 0 0 0 0 0 0 0 0 0 0 ]
        [0 0 0 0 0 0 0 0 0 0 0 0 0 0 0 0 ]
        [0 0 0 0 0 0 0 0 0 0 0 0 0 0 0 0 ]
        [0 0 0 0 0 0 0 0 0 0 0 0 0 0 0 0 ]
        [0 0 0 0 0 0 0 0 0 0 0 0 0 0 0 0 ]
        [0 0 0 0 0 0 0 0 0 0 0 0 0 0 0 0 ]
        [0 0 0 0 0 0 0 0 0 0 0 0 0 0 0 0 ]
        [0 0 0 0 0 0 0 0 0 0 0 0 0 0 0 0 ]
        [0 0 0 0 0 0 0 0 0 0 0 0 0 0 0 0 ]
        [0 0 0 0 0 0 0 0 0 0 0 0 0 0 0 0 ]
        [0 0 0 0 0 0 0 0 0 0 0 0 0 0 0 0 ]
        [0 0 0 0 0 0 0 0 0 0 0 0 0 0 0 0 ]
        [0 0 0 0 0 0 0 0 0 0 0 0 0 0 0 0 ]
        [0 0 0 0 0 0 0 0 0 0 0 0 0 0 0 0 ]
        [0 0 0 0 0 0 0 0 0 0 0 0 0 0 0 0 ]
        [0 0 0 0 0 0 0 0 0 0 0 0 0 0 0 0 ]
        [0 0 0 0 0 0 0 0 0 0 0 0 0 0 0 0 ]
        [0 0 0 0 0 0 0 0 0 0 0 0 0 0 0 0 ]
        [0 0 0 0 0 0 0 0 0 0 0 0 0 0 0 0 ]
        [0 0 0 0 0 0 0 0 0 0 0 0 0 0 0 0 ]
        [0 0 0 0 0 0 0 0 0 0 0 0 0 0 0 0 ]
        [0 0 0 0 0 0 0 0 0 0 0 0 0 0 0 0 ]
        [0 0 0 0 0 0 0 0 0 0 0 0 0 0 0 0 ]
        [0 0 0 0 0 0 0 0 0 0 0 0 0 0 0 0 ]
        [0 0 0 0 0 0 0 0 0 0 0 0 0 0 0 0 ]
        [0 0 0 0 0 0 0 0 0 0 0 0 0 0 0 0 ]
        [0 0 0 0 0 0 0 0 0 0 0 0 0 0 0 0 ]
        [0 0 0 0 0 0 0 0 0 0 0 0 0 0 0 0 ]
        [0 0 0 0 0 0 0 0 0 0 0 0 0 0 0 0 ]
        [0 0 0 0 0 0 0 0 0 0 0 0 0 0 0 0 ]
        [0 0 0 0 0 0 0 0 0 0 0 0 0 0 0 0 ]
        [0 0 0 0 0 0 0 0 0 0 0 0 0 0 0 0 ]
        [0 0 0 0 0 0 0 0 0 0 0 0 0 0 0 0 ]
        [0 0 0 0 0 0 0 0 0 0 0 0 0 0 0 0 ]
        [0 0 0 0 0 0 0 0 0 0 0 0 0 0 0 0 ]
        [0 0 0 0 0 0 0 0 0 0 0 0 0 0 0 0 ]
        [0 0 0 0 0 0 0 0 0 0 0 0 0 0 0 0 ]
        [0 0 0 0 0 0 0 0 0 0 0 0 0 0 0 0 ]
        [0 0 0 0 0 0 0 0 0 0 0 0 0 0 0 0 ]
        [0 0 0 0 0 0 0 0 0 0 0 0 0 0 0 0 ]
        [0 0 0 0 0 0 0 0 0 0 0 0 0 0 0 0 ]
        [0 0 0 0 0 0 0 0 0 0 0 0 0 0 0 0 ]
        [0 0 0 0 0 0 0 0 0 0 0 0 0 0 0 0 ]
        [0 0 0 0 0 0 0 0 0 0 0 0 0 0 0 0 ]
        [0 0 0 0 0 0 0 0 0 0 0 0 0 0 0 0 ]
        [0 0 0 0 0 0 0 0 0 0 0 0 0 0 0 0 ]
        [0 0 0 0 0 0 0 0 0 0 0 0 0 0 0 0 ]
        [0 0 0 0 0 0 0 0 0 0 0 0 0 0 0 0 ]
        [0 0 0 0 0 0 0 0 0 0 0 0 0 0 0 0 ]
        [0 0 0 0 0 0 0 0 0 0 0 0 0 0 0 0 ]
        [0 0 0 0 0 0 0 0 0 0 0 0 0 0 0 0 ]
        [0 0 0 0 0 0 0 0 0 0 0 0 0 0 0 0 ]
        [0 0 0 0 0 0 0 0 0 0 0 0 0 0 0 0 ]
        [0 0 0 0 0 0 0 0 0 0 0 0 0 0 0 0 ]
        [0 0 0 0 0 0 0 0 0 0 0 0 0 0 0 0 ]
        [0 0 0 0 0 0 0 0 0 0 0 0 0 0 0 0 ]
        [0 0 0 0 0 0 0 0 0 0 0 0 0 0 0 0 ]
        [0 0 0 0 0 0 0 0 0 0 0 0 0 0 0 0 ]
        [0 0 0 0 0 0 0 0 0 0 0 0 0 0 0 0 ]
        [0 0 0 0 0 0 0 0 0 0 0 0 0 0 0 0 ]
        [0 0 0 0 0 0 0 0 0 0 0 0 0 0 0 0 ]
        [0 0 0 0 0 0 0 0 0 0 0 0 0 0 0 0 ]
        [0 0 0 0 0 0 0 0 0 0 0 0 0 0 0 0 ]
        [0 0 0 0 0 0 0 0 0 0 0 0 0 0 0 0 ]
        [0 0 0 0 0 0 0 0 0 0 0 0 0 0 0 0 ]
        [0 0 0 0 0 0 0 0 0 0 0 0 0 0 0 0 ]
        [0 0 0 0 0 0 0 0 0 0 0 0 0 0 0 0 ]
        [0 0 0 0 0 0 0 0 0 0 0 0 0 0 0 0 ]
        [0 0 0 0 0 0 0 0 0 0 0 0 0 0 0 0 ]
        [0 0 0 0 0 0 0 0 0 0 0 0 0 0 0 0 ]
        [0 0 0 0 0 0 0 0 0 0 0 0 0 0 0 0 ]
        [0 0 0 0 0 0 0 0 0 0 0 0 0 0 0 0 ]
        [0 0 0 0 0 0 0 0 0 0 0 0 0 0 0 0 ]
        [0 0 0 0 0 0 0 0 0 0 0 0 0 0 0 0 ]
        [0 0 0 0 0 0 0 0 0 0 0 0 0 0 0 0 ]
        [0 0 0 0 0 0 0 0 0 0 0 0 0 0 0 0 ]
        [0 0 0 0 0 0 0 0 0 0 0 0 0 0 0 0 ]
        [0 0 0 0 0 0 0 0 0 0 0 0 0 0 0 0 ]
        [0 0 0 0 0 0 0 0 0 0 0 0 0 0 0 0 ]
        [0 0 0 0 0 0 0 0 0 0 0 0 0 0 0 0 ]
        [0 0 0 0 0 0 0 0 0 0 0 0 0 0 0 0 ]
        [0 0 0 0 0 0 0 0 0 0 0 0 0 0 0 0 ]
        [0 0 0 0 0 0 0 0 0 0 0 0 0 0 0 0 ]
        [0 0 0 0 0 0 0 0 0 0 0 0 0 0 0 0 ]
        [0 0 0 0 0 0 0 0 0 0 0 0 0 0 0 0 ]
        [0 0 0 0 0 0 0 0 0 0 0 0 0 0 0 0 ]
        [0 0 0 0 0 0 0 0 0 0 0 0 0 0 0 0 ]
        [0 0 0 0 0 0 0 0 0 0 0 0 0 0 0 0 ]
        [0 0 0 0 0 0 0 0 0 0 0 0 0 0 0 0 ]
        [0 0 0 0 0 0 0 0 0 0 0 0 0 0 0 0 ]
        [0 0 0 0 0 0 0 0 0 0 0 0 0 0 0 0 ]
        [0 0 0 0 0 0 0 0 0 0 0 0 0 0 0 0 ]
        [0 0 0 0 0 0 0 0 0 0 0 0 0 0 0 0 ]
        [0 0 0 0 0 0 0 0 0 0 0 0 0 0 0 0 ]
        [0 0 0 0 0 0 0 0 0 0 0 0 0 0 0 0 ]
        [0 0 0 0 0 0 0 0 0 0 0 0 0 0 0 0 ]
        [0 0 0 0 0 0 0 0 0 0 0 0 0 0 0 0 ]
        [0 0 0 0 0 0 0 0 0 0 0 0 0 0 0 0 ]
        [0 0 0 0 0 0 0 0 0 0 0 0 0 0 0 0 ]
        [0 0 0 0 0 0 0 0 0 0 0 0 0 0 0 0 ]
        [0 0 0 0 0 0 0 0 0 0 0 0 0 0 0 0 ]
        [0 0 0 0 0 0 0 0 0 0 0 0 0 0 0 0 ]
        [0 0 0 0 0 0 0 0 0 0 0 0 0 0 0 0 ]
        [0 0 0 0 0 0 0 0 0 0 0 0 0 0 0 0 ]
        [0 0 0 0 0 0 0 0 0 0 0 0 0 0 0 0 ]
        [0 0 0 0 0 0 0 0 0 0 0 0 0 0 0 0 ]
        [0 0 0 0 0 0 0 0 0 0 0 0 0 0 0 0 ]
        [0 0 0 0 0 0 0 0 0 0 0 0 0 0 0 0 ]
        [0 0 0 0 0 0 0 0 0 0 0 0 0 0 0 0 ]
        [0 0 0 0 0 0 0 0 0 0 0 0 0 0 0 0 ]
        [0 0 0 0 0 0 0 0 0 0 0 0 0 0 0 0 ]
        [0 0 0 0 0 0 0 0 0 0 0 0 0 0 0 0 ]
        [0 0 0 0 0 0 0 0 0 0 0 0 0 0 0 0 ]
        [0 0 0 0 0 0 0 0 0 0 0 0 0 0 0 0 ]
        [0 0 0 0 0 0 0 0 0 0 0 0 0 0 0 0 ]
        [0 0 0 0 0 0 0 0 0 0 0 0 0 0 0 0 ]
        [0 0 0 0 0 0 0 0 0 0 0 0 0 0 0 0 ]
        [0 0 0 0 0 0 0 0 0 0 0 0 0 0 0 0 ]
        [0 0 0 0 0 0 0 0 0 0 0 0 0 0 0 0 ]
        [0 0 0 0 0 0 0 0 0 0 0 0 0 0 0 0 ]
        [0 0 0 0 0 0 0 0 0 0 0 0 0 0 0 0 ]
        [0 0 0 0 0 0 0 0 0 0 0 0 0 0 0 0 ]
        [0 0 0 0 0 0 0 0 0 0 0 0 0 0 0 0 ]
        [0 0 0 0 0 0 0 0 0 0 0 0 0 0 0 0 ]
        [0 0 0 0 0 0 0 0 0 0 0 0 0 0 0 0 ]
        [0 0 0 0 0 0 0 0 0 0 0 0 0 0 0 0 ]
        [0 0 0 0 0 0 0 0 0 0 0 0 0 0 0 0 ]
        [0 0 0 0 0 0 0 0 0 0 0 0 0 0 0 0 ]
        [0 0 0 0 0 0 0 0 0 0 0 0 0 0 0 0 ]
        [0 0 0 0 0 0 0 0 0 0 0 0 0 0 0 0 ]
        [0 0 0 0 0 0 0 0 0 0 0 0 0 0 0 0 ]
        [0 0 0 0 0 0 0 0 0 0 0 0 0 0 0 0 ]
        [0 0 0 0 0 0 0 0 0 0 0 0 0 0 0 0 ]
        [0 0 0 0 0 0 0 0 0 0 0 0 0 0 0 0 ]
        [0 0 0 0 0 0 0 0 0 0 0 0 0 0 0 0 ]
        [0 0 0 0 0 0 0 0 0 0 0 0 0 0 0 0 ]
        [0 0 0 0 0 0 0 0 0 0 0 0 0 0 0 0 ]
        [0 0 0 0 0 0 0 0 0 0 0 0 0 0 0 0 ]
        [0 0 0 0 0 0 0 0 0 0 0 0 0 0 0 0 ]
        [0 0 0 0 0 0 0 0 0 0 0 0 0 0 0 0 ]
        [0 0 0 0 0 0 0 0 0 0 0 0 0 0 0 0 ]
        [0 0 0 0 0 0 0 0 0 0 0 0 0 0 0 0 ]
        [0 0 0 0 0 0 0 0 0 0 0 0 0 0 0 0 ]
        [0 0 0 0 0 0 0 0 0 0 0 0 0 0 0 0 ]
        [0 0 0 0 0 0 0 0 0 0 0 0 0 0 0 0 ]
        [0 0 0 0 0 0 0 0 0 0 0 0 0 0 0 0 ]
        [0 0 0 0 0 0 0 0 0 0 0 0 0 0 0 0 ]
        [0 0 0 0 0 0 0 0 0 0 0 0 0 0 0 0 ]
        [0 0 0 0 0 0 0 0 0 0 0 0 0 0 0 0 ]
        [0 0 0 0 0 0 0 0 0 0 0 0 0 0 0 0 ]
        [0 0 0 0 0 0 0 0 0 0 0 0 0 0 0 0 ]
        [0 0 0 0 0 0 0 0 0 0 0 0 0 0 0 0 ]
        [0 0 0 0 0 0 0 0 0 0 0 0 0 0 0 0 ]
        [0 0 0 0 0 0 0 0 0 0 0 0 0 0 0 0 ]
        [0 0 0 0 0 0 0 0 0 0 0 0 0 0 0 0 ]
        [0 0 0 0 0 0 0 0 0 0 0 0 0 0 0 0 ]
        [0 0 0 0 0 0 0 0 0 0 0 0 0 0 0 0 ]
        [0 0 0 0 0 0 0 0 0 0 0 0 0 0 0 0 ]
        [0 0 0 0 0 0 0 0 0 0 0 0 0 0 0 0 ]
        [0 0 0 0 0 0 0 0 0 0 0 0 0 0 0 0 ]
        [0 0 0 0 0 0 0 0 0 0 0 0 0 0 0 0 ]
        [0 0 0 0 0 0 0 0 0 0 0 0 0 0 0 0 ]
        [0 0 0 0 0 0 0 0 0 0 0 0 0 0 0 0 ]
        [0 0 0 0 0 0 0 0 0 0 0 0 0 0 0 0 ]
        [0 0 0 0 0 0 0 0 0 0 0 0 0 0 0 0 ]
        [0 0 0 0 0 0 0 0 0 0 0 0 0 0 0 0 ]
        [0 0 0 0 0 0 0 0 0 0 0 0 0 0 0 0 ]
        [0 0 0 0 0 0 0 0 0 0 0 0 0 0 0 0 ]
        [0 0 0 0 0 0 0 0 0 0 0 0 0 0 0 0 ]
        [0 0 0 0 0 0 0 0 0 0 0 0 0 0 0 0 ]
        [0 0 0 0 0 0 0 0 0 0 0 0 0 0 0 0 ]
        [0 0 0 0 0 0 0 0 0 0 0 0 0 0 0 0 ]
        [0 0 0 0 0 0 0 0 0 0 0 0 0 0 0 0 ]
        [0 0 0 0 0 0 0 0 0 0 0 0 0 0 0 0 ]
        [0 0 0 0 0 0 0 0 0 0 0 0 0 0 0 0 ]
        [0 0 0 0 0 0 0 0 0 0 0 0 0 0 0 0 ]
        [0 0 0 0 0 0 0 0 0 0 0 0 0 0 0 0 ]
        [0 0 0 0 0 0 0 0 0 0 0 0 0 0 0 0 ]
        [0 0 0 0 0 0 0 0 0 0 0 0 0 0 0 0 ]
        [0 0 0 0 0 0 0 0 0 0 0 0 0 0 0 0 ]
        [0 0 0 0 0 0 0 0 0 0 0 0 0 0 0 0 ]
        [0 0 0 0 0 0 0 0 0 0 0 0 0 0 0 0 ]
        [0 0 0 0 0 0 0 0 0 0 0 0 0 0 0 0 ]
        [0 0 0 0 0 0 0 0 0 0 0 0 0 0 0 0 ]
        [0 0 0 0 0 0 0 0 0 0 0 0 0 0 0 0 ]
        [0 0 0 0 0 0 0 0 0 0 0 0 0 0 0 0 ]
        [0 0 0 0 0 0 0 0 0 0 0 0 0 0 0 0 ]
        [0 0 0 0 0 0 0 0 0 0 0 0 0 0 0 0 ]
        [0 0 0 0 0 0 0 0 0 0 0 0 0 0 0 0 ]
        [0 0 0 0 0 0 0 0 0 0 0 0 0 0 0 0 ]
        [0 0 0 0 0 0 0 0 0 0 0 0 0 0 0 0 ]
        [0 0 0 0 0 0 0 0 0 0 0 0 0 0 0 0 ]
        [0 0 0 0 0 0 0 0 0 0 0 0 0 0 0 0 ]
        [0 0 0 0 0 0 0 0 0 0 0 0 0 0 0 0 ]
        [0 0 0 0 0 0 0 0 0 0 0 0 0 0 0 0 ]
        [0 0 0 0 0 0 0 0 0 0 0 0 0 0 0 0 ]
        [0 0 0 0 0 0 0 0 0 0 0 0 0 0 0 0 ]
        [0 0 0 0 0 0 0 0 0 0 0 0 0 0 0 0 ]
        [0 0 0 0 0 0 0 0 0 0 0 0 0 0 0 0 ]
        [0 0 0 0 0 0 0 0 0 0 0 0 0 0 0 0 ]
        [0 0 0 0 0 0 0 0 0 0 0 0 0 0 0 0 ]
        [0 0 0 0 0 0 0 0 0 0 0 0 0 0 0 0 ]
        [0 0 0 0 0 0 0 0 0 0 0 0 0 0 0 0 ]
        [0 0 0 0 0 0 0 0 0 0 0 0 0 0 0 0 ]
        [0 0 0 0 0 0 0 0 0 0 0 0 0 0 0 0 ]
        [0 0 0 0 0 0 0 0 0 0 0 0 0 0 0 0 ]
        [0 0 0 0 0 0 0 0 0 0 0 0 0 0 0 0 ]
        [0 0 0 0 0 0 0 0 0 0 0 0 0 0 0 0 ]
        [0 0 0 0 0 0 0 0 0 0 0 0 0 0 0 0 ]
        [0 0 0 0 0 0 0 0 0 0 0 0 0 0 0 0 ]
        [0 0 0 0 0 0 0 0 0 0 0 0 0 0 0 0 ]
        [0 0 0 0 0 0 0 0 0 0 0 0 0 0 0 0 ]
        [0 0 0 0 0 0 0 0 0 0 0 0 0 0 0 0 ]
        [0 0 0 0 0 0 0 0 0 0 0 0 0 0 0 0 ]
        [0 0 0 0 0 0 0 0 0 0 0 0 0 0 0 0 ]
        [0 0 0 0 0 0 0 0 0 0 0 0 0 0 0 0 ]
        [0 0 0 0 0 0 0 0 0 0 0 0 0 0 0 0 ]
        [0 0 0 0 0 0 0 0 0 0 0 0 0 0 0 0 ]
        [0 0 0 0 0 0 0 0 0 0 0 0 0 0 0 0 ]
        [0 0 0 0 0 0 0 0 0 0 0 0 0 0 0 0 ]
        [0 0 0 0 0 0 0 0 0 0 0 0 0 0 0 0 ]
        [0 0 0 0 0 0 0 0 0 0 0 0 0 0 0 0 ]
        [0 0 0 0 0 0 0 0 0 0 0 0 0 0 0 0 ]
        [0 0 0 0 0 0 0 0 0 0 0 0 0 0 0 0 ]
        [0 0 0 0 0 0 0 0 0 0 0 0 0 0 0 0 ]
        [0 0 0 0 0 0 0 0 0 0 0 0 0 0 0 0 ]
        [0 0 0 0 0 0 0 0 0 0 0 0 0 0 0 0 ]
        [0 0 0 0 0 0 0 0 0 0 0 0 0 0 0 0 ]
        [0 0 0 0 0 0 0 0 0 0 0 0 0 0 0 0 ]
        [0 0 0 0 0 0 0 0 0 0 0 0 0 0 0 0 ]
        [0 0 0 0 0 0 0 0 0 0 0 0 0 0 0 0 ]
        [0 0 0 0 0 0 0 0 0 0 0 0 0 0 0 0 ]
        [0 0 0 0 0 0 0 0 0 0 0 0 0 0 0 0 ]
        [0 0 0 0 0 0 0 0 0 0 0 0 0 0 0 0 ]
        [0 0 0 0 0 0 0 0 0 0 0 0 0 0 0 0 ]
        [0 0 0 0 0 0 0 0 0 0 0 0 0 0 0 0 ]
        [0 0 0 0 0 0 0 0 0 0 0 0 0 0 0 0 ]
        [0 0 0 0 0 0 0 0 0 0 0 0 0 0 0 0 ]
        [0 0 0 0 0 0 0 0 0 0 0 0 0 0 0 0 ]
        [0 0 0 0 0 0 0 0 0 0 0 0 0 0 0 0 ]
        [0 0 0 0 0 0 0 0 0 0 0 0 0 0 0 0 ]
        [0 0 0 0 0 0 0 0 0 0 0 0 0 0 0 0 ]
        [0 0 0 0 0 0 0 0 0 0 0 0 0 0 0 0 ]
        [0 0 0 0 0 0 0 0 0 0 0 0 0 0 0 0 ]
        [0 0 0 0 0 0 0 0 0 0 0 0 0 0 0 0 ]
        [0 0 0 0 0 0 0 0 0 0 0 0 0 0 0 0 ]
        [0 0 0 0 0 0 0 0 0 0 0 0 0 0 0 0 ]
        [0 0 0 0 0 0 0 0 0 0 0 0 0 0 0 0 ]
        [0 0 0 0 0 0 0 0 0 0 0 0 0 0 0 0 ]
        [0 0 0 0 0 0 0 0 0 0 0 0 0 0 0 0 ]
        [0 0 0 0 0 0 0 0 0 0 0 0 0 0 0 0 ]
        [0 0 0 0 0 0 0 0 0 0 0 0 0 0 0 0 ]
        [0 0 0 0 0 0 0 0 0 0 0 0 0 0 0 0 ]
        [0 0 0 0 0 0 0 0 0 0 0 0 0 0 0 0 ]
        [0 0 0 0 0 0 0 0 0 0 0 0 0 0 0 0 ]
        [0 0 0 0 0 0 0 0 0 0 0 0 0 0 0 0 ]
        [0 0 0 0 0 0 0 0 0 0 0 0 0 0 0 0 ]
        [0 0 0 0 0 0 0 0 0 0 0 0 0 0 0 0 ]
        [0 0 0 0 0 0 0 0 0 0 0 0 0 0 0 0 ]
        [0 0 0 0 0 0 0 0 0 0 0 0 0 0 0 0 ]
        [0 0 0 0 0 0 0 0 0 0 0 0 0 0 0 0 ]
        [0 0 0 0 0 0 0 0 0 0 0 0 0 0 0 0 ]
        [0 0 0 0 0 0 0 0 0 0 0 0 0 0 0 0 ]
        [0 0 0 0 0 0 0 0 0 0 0 0 0 0 0 0 ]
        [0 0 0 0 0 0 0 0 0 0 0 0 0 0 0 0 ]
        [0 0 0 0 0 0 0 0 0 0 0 0 0 0 0 0 ]
        [0 0 0 0 0 0 0 0 0 0 0 0 0 0 0 0 ]
        [0 0 0 0 0 0 0 0 0 0 0 0 0 0 0 0 ]
        [0 0 0 0 0 0 0 0 0 0 0 0 0 0 0 0 ]
        [0 0 0 0 0 0 0 0 0 0 0 0 0 0 0 0 ]
        [0 0 0 0 0 0 0 0 0 0 0 0 0 0 0 0 ]
        [0 0 0 0 0 0 0 0 0 0 0 0 0 0 0 0 ]
        [0 0 0 0 0 0 0 0 0 0 0 0 0 0 0 0 ]
        [0 0 0 0 0 0 0 0 0 0 0 0 0 0 0 0 ]
        [0 0 0 0 0 0 0 0 0 0 0 0 0 0 0 0 ]
        [0 0 0 0 0 0 0 0 0 0 0 0 0 0 0 0 ]
        [0 0 0 0 0 0 0 0 0 0 0 0 0 0 0 0 ]
        [0 0 0 0 0 0 0 0 0 0 0 0 0 0 0 0 ]
        [0 0 0 0 0 0 0 0 0 0 0 0 0 0 0 0 ]
        [0 0 0 0 0 0 0 0 0 0 0 0 0 0 0 0 ]
        [0 0 0 0 0 0 0 0 0 0 0 0 0 0 0 0 ]
        [0 0 0 0 0 0 0 0 0 0 0 0 0 0 0 0 ]
        [0 0 0 0 0 0 0 0 0 0 0 0 0 0 0 0 ]
        [0 0 0 0 0 0 0 0 0 0 0 0 0 0 0 0 ]
        [0 0 0 0 0 0 0 0 0 0 0 0 0 0 0 0 ]
        [0 0 0 0 0 0 0 0 0 0 0 0 0 0 0 0 ]
        [0 0 0 0 0 0 0 0 0 0 0 0 0 0 0 0 ]
        [0 0 0 0 0 0 0 0 0 0 0 0 0 0 0 0 ]
        [0 0 0 0 0 0 0 0 0 0 0 0 0 0 0 0 ]
        [0 0 0 0 0 0 0 0 0 0 0 0 0 0 0 0 ]
        [0 0 0 0 0 0 0 0 0 0 0 0 0 0 0 0 ]
        [0 0 0 0 0 0 0 0 0 0 0 0 0 0 0 0 ]
        [0 0 0 0 0 0 0 0 0 0 0 0 0 0 0 0 ]
        [0 0 0 0 0 0 0 0 0 0 0 0 0 0 0 0 ]
        [0 0 0 0 0 0 0 0 0 0 0 0 0 0 0 0 ]
        [0 0 0 0 0 0 0 0 0 0 0 0 0 0 0 0 ]
        [0 0 0 0 0 0 0 0 0 0 0 0 0 0 0 0 ]
        [0 0 0 0 0 0 0 0 0 0 0 0 0 0 0 0 ]
        [0 0 0 0 0 0 0 0 0 0 0 0 0 0 0 0 ]
        [0 0 0 0 0 0 0 0 0 0 0 0 0 0 0 0 ]
        [0 0 0 0 0 0 0 0 0 0 0 0 0 0 0 0 ]
        [0 0 0 0 0 0 0 0 0 0 0 0 0 0 0 0 ]
        [0 0 0 0 0 0 0 0 0 0 0 0 0 0 0 0 ]
        [0 0 0 0 0 0 0 0 0 0 0 0 0 0 0 0 ]
        [0 0 0 0 0 0 0 0 0 0 0 0 0 0 0 0 ]
        [0 0 0 0 0 0 0 0 0 0 0 0 0 0 0 0 ]
        [0 0 0 0 0 0 0 0 0 0 0 0 0 0 0 0 ]
        [0 0 0 0 0 0 0 0 0 0 0 0 0 0 0 0 ]
        [0 0 0 0 0 0 0 0 0 0 0 0 0 0 0 0 ]
        [0 0 0 0 0 0 0 0 0 0 0 0 0 0 0 0 ]
        [0 0 0 0 0 0 0 0 0 0 0 0 0 0 0 0 ]
        [0 0 0 0 0 0 0 0 0 0 0 0 0 0 0 0 ]
        [0 0 0 0 0 0 0 0 0 0 0 0 0 0 0 0 ]
        [0 0 0 0 0 0 0 0 0 0 0 0 0 0 0 0 ]
        [0 0 0 0 0 0 0 0 0 0 0 0 0 0 0 0 ]
        [0 0 0 0 0 0 0 0 0 0 0 0 0 0 0 0 ]
        [0 0 0 0 0 0 0 0 0 0 0 0 0 0 0 0 ]
        [0 0 0 0 0 0 0 0 0 0 0 0 0 0 0 0 ]
        [0 0 0 0 0 0 0 0 0 0 0 0 0 0 0 0 ]
        [0 0 0 0 0 0 0 0 0 0 0 0 0 0 0 0 ]
        [0 0 0 0 0 0 0 0 0 0 0 0 0 0 0 0 ]
        [0 0 0 0 0 0 0 0 0 0 0 0 0 0 0 0 ]
        [0 0 0 0 0 0 0 0 0 0 0 0 0 0 0 0 ]
        [0 0 0 0 0 0 0 0 0 0 0 0 0 0 0 0 ]
        [0 0 0 0 0 0 0 0 0 0 0 0 0 0 0 0 ]
        [0 0 0 0 0 0 0 0 0 0 0 0 0 0 0 0 ]
        [0 0 0 0 0 0 0 0 0 0 0 0 0 0 0 0 ]
        [0 0 0 0 0 0 0 0 0 0 0 0 0 0 0 0 ]
        [0 0 0 0 0 0 0 0 0 0 0 0 0 0 0 0 ]
        [0 0 0 0 0 0 0 0 0 0 0 0 0 0 0 0 ]
        [0 0 0 0 0 0 0 0 0 0 0 0 0 0 0 0 ]
        [0 0 0 0 0 0 0 0 0 0 0 0 0 0 0 0 ]
        [0 0 0 0 0 0 0 0 0 0 0 0 0 0 0 0 ]
        [0 0 0 0 0 0 0 0 0 0 0 0 0 0 0 0 ]
        [0 0 0 0 0 0 0 0 0 0 0 0 0 0 0 0 ]
        [0 0 0 0 0 0 0 0 0 0 0 0 0 0 0 0 ]
        [0 0 0 0 0 0 0 0 0 0 0 0 0 0 0 0 ]
        [0 0 0 0 0 0 0 0 0 0 0 0 0 0 0 0 ]
        [0 0 0 0 0 0 0 0 0 0 0 0 0 0 0 0 ]
        [0 0 0 0 0 0 0 0 0 0 0 0 0 0 0 0 ]
        [0 0 0 0 0 0 0 0 0 0 0 0 0 0 0 0 ]
        [0 0 0 0 0 0 0 0 0 0 0 0 0 0 0 0 ]
        [0 0 0 0 0 0 0 0 0 0 0 0 0 0 0 0 ]
        [0 0 0 0 0 0 0 0 0 0 0 0 0 0 0 0 ]
        [0 0 0 0 0 0 0 0 0 0 0 0 0 0 0 0 ]
        [0 0 0 0 0 0 0 0 0 0 0 0 0 0 0 0 ]
        [0 0 0 0 0 0 0 0 0 0 0 0 0 0 0 0 ]
        [0 0 0 0 0 0 0 0 0 0 0 0 0 0 0 0 ]
        [0 0 0 0 0 0 0 0 0 0 0 0 0 0 0 0 ]
        [0 0 0 0 0 0 0 0 0 0 0 0 0 0 0 0 ]
        [0 0 0 0 0 0 0 0 0 0 0 0 0 0 0 0 ]
        [0 0 0 0 0 0 0 0 0 0 0 0 0 0 0 0 ]
        [0 0 0 0 0 0 0 0 0 0 0 0 0 0 0 0 ]
        [0 0 0 0 0 0 0 0 0 0 0 0 0 0 0 0 ]
        [0 0 0 0 0 0 0 0 0 0 0 0 0 0 0 0 ]
        [0 0 0 0 0 0 0 0 0 0 0 0 0 0 0 0 ]
        [0 0 0 0 0 0 0 0 0 0 0 0 0 0 0 0 ]
        [0 0 0 0 0 0 0 0 0 0 0 0 0 0 0 0 ]
        [0 0 0 0 0 0 0 0 0 0 0 0 0 0 0 0 ]
        [0 0 0 0 0 0 0 0 0 0 0 0 0 0 0 0 ]
        [0 0 0 0 0 0 0 0 0 0 0 0 0 0 0 0 ]
        [0 0 0 0 0 0 0 0 0 0 0 0 0 0 0 0 ]
        [0 0 0 0 0 0 0 0 0 0 0 0 0 0 0 0 ]
        [0 0 0 0 0 0 0 0 0 0 0 0 0 0 0 0 ]
        [0 0 0 0 0 0 0 0 0 0 0 0 0 0 0 0 ]
        [0 0 0 0 0 0 0 0 0 0 0 0 0 0 0 0 ]
        [0 0 0 0 0 0 0 0 0 0 0 0 0 0 0 0 ]
        [0 0 0 0 0 0 0 0 0 0 0 0 0 0 0 0 ]
        [0 0 0 0 0 0 0 0 0 0 0 0 0 0 0 0 ]
        [0 0 0 0 0 0 0 0 0 0 0 0 0 0 0 0 ]
        [0 0 0 0 0 0 0 0 0 0 0 0 0 0 0 0 ]
        [0 0 0 0 0 0 0 0 0 0 0 0 0 0 0 0 ]
        [0 0 0 0 0 0 0 0 0 0 0 0 0 0 0 0 ]
        [0 0 0 0 0 0 0 0 0 0 0 0 0 0 0 0 ]
        [0 0 0 0 0 0 0 0 0 0 0 0 0 0 0 0 ]
        [0 0 0 0 0 0 0 0 0 0 0 0 0 0 0 0 ]
        [0 0 0 0 0 0 0 0 0 0 0 0 0 0 0 0 ]
        [0 0 0 0 0 0 0 0 0 0 0 0 0 0 0 0 ]
        [0 0 0 0 0 0 0 0 0 0 0 0 0 0 0 0 ]
        [0 0 0 0 0 0 0 0 0 0 0 0 0 0 0 0 ]
        [0 0 0 0 0 0 0 0 0 0 0 0 0 0 0 0 ]
        [0 0 0 0 0 0 0 0 0 0 0 0 0 0 0 0 ]
        [0 0 0 0 0 0 0 0 0 0 0 0 0 0 0 0 ]
        [0 0 0 0 0 0 0 0 0 0 0 0 0 0 0 0 ]
        [0 0 0 0 0 0 0 0 0 0 0 0 0 0 0 0 ]
        [0 0 0 0 0 0 0 0 0 0 0 0 0 0 0 0 ]
        [0 0 0 0 0 0 0 0 0 0 0 0 0 0 0 0 ]
        [0 0 0 0 0 0 0 0 0 0 0 0 0 0 0 0 ]
        [0 0 0 0 0 0 0 0 0 0 0 0 0 0 0 0 ]
        [0 0 0 0 0 0 0 0 0 0 0 0 0 0 0 0 ]
        [0 0 0 0 0 0 0 0 0 0 0 0 0 0 0 0 ]
        [0 0 0 0 0 0 0 0 0 0 0 0 0 0 0 0 ]
        [0 0 0 0 0 0 0 0 0 0 0 0 0 0 0 0 ]
        [0 0 0 0 0 0 0 0 0 0 0 0 0 0 0 0 ]
        [0 0 0 0 0 0 0 0 0 0 0 0 0 0 0 0 ]
        [0 0 0 0 0 0 0 0 0 0 0 0 0 0 0 0 ]
        [0 0 0 0 0 0 0 0 0 0 0 0 0 0 0 0 ]
        [0 0 0 0 0 0 0 0 0 0 0 0 0 0 0 0 ]
        [0 0 0 0 0 0 0 0 0 0 0 0 0 0 0 0 ]
        [0 0 0 0 0 0 0 0 0 0 0 0 0 0 0 0 ]
        [0 0 0 0 0 0 0 0 0 0 0 0 0 0 0 0 ]
        [0 0 0 0 0 0 0 0 0 0 0 0 0 0 0 0 ]
        [0 0 0 0 0 0 0 0 0 0 0 0 0 0 0 0 ]
        [0 0 0 0 0 0 0 0 0 0 0 0 0 0 0 0 ]
        [0 0 0 0 0 0 0 0 0 0 0 0 0 0 0 0 ]
        [0 0 0 0 0 0 0 0 0 0 0 0 0 0 0 0 ]
        [0 0 0 0 0 0 0 0 0 0 0 0 0 0 0 0 ]
        [0 0 0 0 0 0 0 0 0 0 0 0 0 0 0 0 ]
        [0 0 0 0 0 0 0 0 0 0 0 0 0 0 0 0 ]
        [0 0 0 0 0 0 0 0 0 0 0 0 0 0 0 0 ]
        [0 0 0 0 0 0 0 0 0 0 0 0 0 0 0 0 ]
        [0 0 0 0 0 0 0 0 0 0 0 0 0 0 0 0 ]
        [0 0 0 0 0 0 0 0 0 0 0 0 0 0 0 0 ]
        [0 0 0 0 0 0 0 0 0 0 0 0 0 0 0 0 ]
        [0 0 0 0 0 0 0 0 0 0 0 0 0 0 0 0 ]
        [0 0 0 0 0 0 0 0 0 0 0 0 0 0 0 0 ]
        [0 0 0 0 0 0 0 0 0 0 0 0 0 0 0 0 ]
        [0 0 0 0 0 0 0 0 0 0 0 0 0 0 0 0 ]
        [0 0 0 0 0 0 0 0 0 0 0 0 0 0 0 0 ]
        [0 0 0 0 0 0 0 0 0 0 0 0 0 0 0 0 ]
        [0 0 0 0 0 0 0 0 0 0 0 0 0 0 0 0 ]
        [0 0 0 0 0 0 0 0 0 0 0 0 0 0 0 0 ]
        [0 0 0 0 0 0 0 0 0 0 0 0 0 0 0 0 ]
        [0 0 0 0 0 0 0 0 0 0 0 0 0 0 0 0 ]
        [0 0 0 0 0 0 0 0 0 0 0 0 0 0 0 0 ]
        [0 0 0 0 0 0 0 0 0 0 0 0 0 0 0 0 ]
        [0 0 0 0 0 0 0 0 0 0 0 0 0 0 0 0 ]
        [0 0 0 0 0 0 0 0 0 0 0 0 0 0 0 0 ]
        [0 0 0 0 0 0 0 0 0 0 0 0 0 0 0 0 ]
        [0 0 0 0 0 0 0 0 0 0 0 0 0 0 0 0 ]
        [0 0 0 0 0 0 0 0 0 0 0 0 0 0 0 0 ]
        [0 0 0 0 0 0 0 0 0 0 0 0 0 0 0 0 ]
        [0 0 0 0 0 0 0 0 0 0 0 0 0 0 0 0 ]
        [0 0 0 0 0 0 0 0 0 0 0 0 0 0 0 0 ]
        [0 0 0 0 0 0 0 0 0 0 0 0 0 0 0 0 ]
        [0 0 0 0 0 0 0 0 0 0 0 0 0 0 0 0 ]
        [0 0 0 0 0 0 0 0 0 0 0 0 0 0 0 0 ]
        [0 0 0 0 0 0 0 0 0 0 0 0 0 0 0 0 ]
        [0 0 0 0 0 0 0 0 0 0 0 0 0 0 0 0 ]
        [0 0 0 0 0 0 0 0 0 0 0 0 0 0 0 0 ]
        [0 0 0 0 0 0 0 0 0 0 0 0 0 0 0 0 ]
        [0 0 0 0 0 0 0 0 0 0 0 0 0 0 0 0 ]
        [0 0 0 0 0 0 0 0 0 0 0 0 0 0 0 0 ]
        [0 0 0 0 0 0 0 0 0 0 0 0 0 0 0 0 ]
        [0 0 0 0 0 0 0 0 0 0 0 0 0 0 0 0 ]
        [0 0 0 0 0 0 0 0 0 0 0 0 0 0 0 0 ]
        [0 0 0 0 0 0 0 0 0 0 0 0 0 0 0 0 ]
        [0 0 0 0 0 0 0 0 0 0 0 0 0 0 0 0 ]
        [0 0 0 0 0 0 0 0 0 0 0 0 0 0 0 0 ]
        [0 0 0 0 0 0 0 0 0 0 0 0 0 0 0 0 ]
        [0 0 0 0 0 0 0 0 0 0 0 0 0 0 0 0 ]
        [0 0 0 0 0 0 0 0 0 0 0 0 0 0 0 0 ]
        [0 0 0 0 0 0 0 0 0 0 0 0 0 0 0 0 ]
        [0 0 0 0 0 0 0 0 0 0 0 0 0 0 0 0 ]
        [0 0 0 0 0 0 0 0 0 0 0 0 0 0 0 0 ]
        [0 0 0 0 0 0 0 0 0 0 0 0 0 0 0 0 ]
        [0 0 0 0 0 0 0 0 0 0 0 0 0 0 0 0 ]
        [0 0 0 0 0 0 0 0 0 0 0 0 0 0 0 0 ]
        [0 0 0 0 0 0 0 0 0 0 0 0 0 0 0 0 ]
        [0 0 0 0 0 0 0 0 0 0 0 0 0 0 0 0 ]
        [0 0 0 0 0 0 0 0 0 0 0 0 0 0 0 0 ]
        [0 0 0 0 0 0 0 0 0 0 0 0 0 0 0 0 ]
        [0 0 0 0 0 0 0 0 0 0 0 0 0 0 0 0 ]
        [0 0 0 0 0 0 0 0 0 0 0 0 0 0 0 0 ]
        [0 0 0 0 0 0 0 0 0 0 0 0 0 0 0 0 ]
        [0 0 0 0 0 0 0 0 0 0 0 0 0 0 0 0 ]
        [0 0 0 0 0 0 0 0 0 0 0 0 0 0 0 0 ]
        [0 0 0 0 0 0 0 0 0 0 0 0 0 0 0 0 ]
        [0 0 0 0 0 0 0 0 0 0 0 0 0 0 0 0 ]
        [0 0 0 0 0 0 0 0 0 0 0 0 0 0 0 0 ]
        [0 0 0 0 0 0 0 0 0 0 0 0 0 0 0 0 ]
        [0 0 0 0 0 0 0 0 0 0 0 0 0 0 0 0 ]
        [0 0 0 0 0 0 0 0 0 0 0 0 0 0 0 0 ]
        [0 0 0 0 0 0 0 0 0 0 0 0 0 0 0 0 ]
        [0 0 0 0 0 0 0 0 0 0 0 0 0 0 0 0 ]
        [0 0 0 0 0 0 0 0 0 0 0 0 0 0 0 0 ]
        [0 0 0 0 0 0 0 0 0 0 0 0 0 0 0 0 ]
        [0 0 0 0 0 0 0 0 0 0 0 0 0 0 0 0 ]
        [0 0 0 0 0 0 0 0 0 0 0 0 0 0 0 0 ]
        [0 0 0 0 0 0 0 0 0 0 0 0 0 0 0 0 ]
        [0 0 0 0 0 0 0 0 0 0 0 0 0 0 0 0 ]
        [0 0 0 0 0 0 0 0 0 0 0 0 0 0 0 0 ]
        [0 0 0 0 0 0 0 0 0 0 0 0 0 0 0 0 ]
        [0 0 0 0 0 0 0 0 0 0 0 0 0 0 0 0 ]
        [0 0 0 0 0 0 0 0 0 0 0 0 0 0 0 0 ]
        [0 0 0 0 0 0 0 0 0 0 0 0 0 0 0 0 ]
        [0 0 0 0 0 0 0 0 0 0 0 0 0 0 0 0 ]
        [0 0 0 0 0 0 0 0 0 0 0 0 0 0 0 0 ]
        [0 0 0 0 0 0 0 0 0 0 0 0 0 0 0 0 ]
        [0 0 0 0 0 0 0 0 0 0 0 0 0 0 0 0 ]
        [0 0 0 0 0 0 0 0 0 0 0 0 0 0 0 0 ]
        [0 0 0 0 0 0 0 0 0 0 0 0 0 0 0 0 ]
        [0 0 0 0 0 0 0 0 0 0 0 0 0 0 0 0 ]
        [0 0 0 0 0 0 0 0 0 0 0 0 0 0 0 0 ]
        [0 0 0 0 0 0 0 0 0 0 0 0 0 0 0 0 ]
        [0 0 0 0 0 0 0 0 0 0 0 0 0 0 0 0 ]
        [0 0 0 0 0 0 0 0 0 0 0 0 0 0 0 0 ]
        [0 0 0 0 0 0 0 0 0 0 0 0 0 0 0 0 ]
        [0 0 0 0 0 0 0 0 0 0 0 0 0 0 0 0 ]
        [0 0 0 0 0 0 0 0 0 0 0 0 0 0 0 0 ]
        [0 0 0 0 0 0 0 0 0 0 0 0 0 0 0 0 ]
        [0 0 0 0 0 0 0 0 0 0 0 0 0 0 0 0 ]
        [0 0 0 0 0 0 0 0 0 0 0 0 0 0 0 0 ]
        [0 0 0 0 0 0 0 0 0 0 0 0 0 0 0 0 ]
        [0 0 0 0 0 0 0 0 0 0 0 0 0 0 0 0 ]
        [0 0 0 0 0 0 0 0 0 0 0 0 0 0 0 0 ]
        [0 0 0 0 0 0 0 0 0 0 0 0 0 0 0 0 ]
        [0 0 0 0 0 0 0 0 0 0 0 0 0 0 0 0 ]
        [0 0 0 0 0 0 0 0 0 0 0 0 0 0 0 0 ]
        [0 0 0 0 0 0 0 0 0 0 0 0 0 0 0 0 ]
        [0 0 0 0 0 0 0 0 0 0 0 0 0 0 0 0 ]
        [0 0 0 0 0 0 0 0 0 0 0 0 0 0 0 0 ]
        [0 0 0 0 0 0 0 0 0 0 0 0 0 0 0 0 ]
        [0 0 0 0 0 0 0 0 0 0 0 0 0 0 0 0 ]
        [0 0 0 0 0 0 0 0 0 0 0 0 0 0 0 0 ]
        [0 0 0 0 0 0 0 0 0 0 0 0 0 0 0 0 ]
        [0 0 0 0 0 0 0 0 0 0 0 0 0 0 0 0 ]
        [0 0 0 0 0 0 0 0 0 0 0 0 0 0 0 0 ]
        [0 0 0 0 0 0 0 0 0 0 0 0 0 0 0 0 ]
        [0 0 0 0 0 0 0 0 0 0 0 0 0 0 0 0 ]
        [0 0 0 0 0 0 0 0 0 0 0 0 0 0 0 0 ]
        [0 0 0 0 0 0 0 0 0 0 0 0 0 0 0 0 ]
        [0 0 0 0 0 0 0 0 0 0 0 0 0 0 0 0 ]
        [0 0 0 0 0 0 0 0 0 0 0 0 0 0 0 0 ]
        [0 0 0 0 0 0 0 0 0 0 0 0 0 0 0 0 ]
        [0 0 0 0 0 0 0 0 0 0 0 0 0 0 0 0 ]
        [0 0 0 0 0 0 0 0 0 0 0 0 0 0 0 0 ]
        [0 0 0 0 0 0 0 0 0 0 0 0 0 0 0 0 ]
        [0 0 0 0 0 0 0 0 0 0 0 0 0 0 0 0 ]
        [0 0 0 0 0 0 0 0 0 0 0 0 0 0 0 0 ]
        [0 0 0 0 0 0 0 0 0 0 0 0 0 0 0 0 ]
        [0 0 0 0 0 0 0 0 0 0 0 0 0 0 0 0 ]
        [0 0 0 0 0 0 0 0 0 0 0 0 0 0 0 0 ]
        [0 0 0 0 0 0 0 0 0 0 0 0 0 0 0 0 ]
        [0 0 0 0 0 0 0 0 0 0 0 0 0 0 0 0 ]
        [0 0 0 0 0 0 0 0 0 0 0 0 0 0 0 0 ]
        [0 0 0 0 0 0 0 0 0 0 0 0 0 0 0 0 ]
        [0 0 0 0 0 0 0 0 0 0 0 0 0 0 0 0 ]
        [0 0 0 0 0 0 0 0 0 0 0 0 0 0 0 0 ]
        [0 0 0 0 0 0 0 0 0 0 0 0 0 0 0 0 ]
        [0 0 0 0 0 0 0 0 0 0 0 0 0 0 0 0 ]
        [0 0 0 0 0 0 0 0 0 0 0 0 0 0 0 0 ]
        [0 0 0 0 0 0 0 0 0 0 0 0 0 0 0 0 ]
        [0 0 0 0 0 0 0 0 0 0 0 0 0 0 0 0 ]
        [0 0 0 0 0 0 0 0 0 0 0 0 0 0 0 0 ]
        [0 0 0 0 0 0 0 0 0 0 0 0 0 0 0 0 ]
        [0 0 0 0 0 0 0 0 0 0 0 0 0 0 0 0 ]
        [0 0 0 0 0 0 0 0 0 0 0 0 0 0 0 0 ]
        [0 0 0 0 0 0 0 0 0 0 0 0 0 0 0 0 ]
        [0 0 0 0 0 0 0 0 0 0 0 0 0 0 0 0 ]
        [0 0 0 0 0 0 0 0 0 0 0 0 0 0 0 0 ]
        [0 0 0 0 0 0 0 0 0 0 0 0 0 0 0 0 ]
        [0 0 0 0 0 0 0 0 0 0 0 0 0 0 0 0 ]
        [0 0 0 0 0 0 0 0 0 0 0 0 0 0 0 0 ]
        [0 0 0 0 0 0 0 0 0 0 0 0 0 0 0 0 ]
        [0 0 0 0 0 0 0 0 0 0 0 0 0 0 0 0 ]
        [0 0 0 0 0 0 0 0 0 0 0 0 0 0 0 0 ]
        [0 0 0 0 0 0 0 0 0 0 0 0 0 0 0 0 ]
        [0 0 0 0 0 0 0 0 0 0 0 0 0 0 0 0 ]
        [0 0 0 0 0 0 0 0 0 0 0 0 0 0 0 0 ]
        [0 0 0 0 0 0 0 0 0 0 0 0 0 0 0 0 ]
        [0 0 0 0 0 0 0 0 0 0 0 0 0 0 0 0 ]
        [0 0 0 0 0 0 0 0 0 0 0 0 0 0 0 0 ]
        [0 0 0 0 0 0 0 0 0 0 0 0 0 0 0 0 ]
        [0 0 0 0 0 0 0 0 0 0 0 0 0 0 0 0 ]
        [0 0 0 0 0 0 0 0 0 0 0 0 0 0 0 0 ]
        [0 0 0 0 0 0 0 0 0 0 0 0 0 0 0 0 ]
        [0 0 0 0 0 0 0 0 0 0 0 0 0 0 0 0 ]
        [0 0 0 0 0 0 0 0 0 0 0 0 0 0 0 0 ]
        [0 0 0 0 0 0 0 0 0 0 0 0 0 0 0 0 ]
        [0 0 0 0 0 0 0 0 0 0 0 0 0 0 0 0 ]
        [0 0 0 0 0 0 0 0 0 0 0 0 0 0 0 0 ]
        [0 0 0 0 0 0 0 0 0 0 0 0 0 0 0 0 ]
        [0 0 0 0 0 0 0 0 0 0 0 0 0 0 0 0 ]
        [0 0 0 0 0 0 0 0 0 0 0 0 0 0 0 0 ]
        [0 0 0 0 0 0 0 0 0 0 0 0 0 0 0 0 ]
        [0 0 0 0 0 0 0 0 0 0 0 0 0 0 0 0 ]
        [0 0 0 0 0 0 0 0 0 0 0 0 0 0 0 0 ]
        [0 0 0 0 0 0 0 0 0 0 0 0 0 0 0 0 ]
        [0 0 0 0 0 0 0 0 0 0 0 0 0 0 0 0 ]
        [0 0 0 0 0 0 0 0 0 0 0 0 0 0 0 0 ]
        [0 0 0 0 0 0 0 0 0 0 0 0 0 0 0 0 ]
        [0 0 0 0 0 0 0 0 0 0 0 0 0 0 0 0 ]
        [0 0 0 0 0 0 0 0 0 0 0 0 0 0 0 0 ]
        [0 0 0 0 0 0 0 0 0 0 0 0 0 0 0 0 ]
        [0 0 0 0 0 0 0 0 0 0 0 0 0 0 0 0 ]
        [0 0 0 0 0 0 0 0 0 0 0 0 0 0 0 0 ]
        [0 0 0 0 0 0 0 0 0 0 0 0 0 0 0 0 ]
        [0 0 0 0 0 0 0 0 0 0 0 0 0 0 0 0 ]
        [0 0 0 0 0 0 0 0 0 0 0 0 0 0 0 0 ]
        [0 0 0 0 0 0 0 0 0 0 0 0 0 0 0 0 ]
        [0 0 0 0 0 0 0 0 0 0 0 0 0 0 0 0 ]
        [0 0 0 0 0 0 0 0 0 0 0 0 0 0 0 0 ]
        [0 0 0 0 0 0 0 0 0 0 0 0 0 0 0 0 ]
        [0 0 0 0 0 0 0 0 0 0 0 0 0 0 0 0 ]
        [0 0 0 0 0 0 0 0 0 0 0 0 0 0 0 0 ]
        [0 0 0 0 0 0 0 0 0 0 0 0 0 0 0 0 ]
        [0 0 0 0 0 0 0 0 0 0 0 0 0 0 0 0 ]
        [0 0 0 0 0 0 0 0 0 0 0 0 0 0 0 0 ]
        [0 0 0 0 0 0 0 0 0 0 0 0 0 0 0 0 ]
        [0 0 0 0 0 0 0 0 0 0 0 0 0 0 0 0 ]
        [0 0 0 0 0 0 0 0 0 0 0 0 0 0 0 0 ]
        [0 0 0 0 0 0 0 0 0 0 0 0 0 0 0 0 ]
        [0 0 0 0 0 0 0 0 0 0 0 0 0 0 0 0 ]
        [0 0 0 0 0 0 0 0 0 0 0 0 0 0 0 0 ]
        [0 0 0 0 0 0 0 0 0 0 0 0 0 0 0 0 ]
        [0 0 0 0 0 0 0 0 0 0 0 0 0 0 0 0 ]
        [0 0 0 0 0 0 0 0 0 0 0 0 0 0 0 0 ]
        [0 0 0 0 0 0 0 0 0 0 0 0 0 0 0 0 ]
        [0 0 0 0 0 0 0 0 0 0 0 0 0 0 0 0 ]
        [0 0 0 0 0 0 0 0 0 0 0 0 0 0 0 0 ]
        [0 0 0 0 0 0 0 0 0 0 0 0 0 0 0 0 ]
        [0 0 0 0 0 0 0 0 0 0 0 0 0 0 0 0 ]
        [0 0 0 0 0 0 0 0 0 0 0 0 0 0 0 0 ]
        [0 0 0 0 0 0 0 0 0 0 0 0 0 0 0 0 ]
        [0 0 0 0 0 0 0 0 0 0 0 0 0 0 0 0 ]
        [0 0 0 0 0 0 0 0 0 0 0 0 0 0 0 0 ]
        [0 0 0 0 0 0 0 0 0 0 0 0 0 0 0 0 ]
        [0 0 0 0 0 0 0 0 0 0 0 0 0 0 0 0 ]
        [0 0 0 0 0 0 0 0 0 0 0 0 0 0 0 0 ]
        [0 0 0 0 0 0 0 0 0 0 0 0 0 0 0 0 ]
        [0 0 0 0 0 0 0 0 0 0 0 0 0 0 0 0 ]
        [0 0 0 0 0 0 0 0 0 0 0 0 0 0 0 0 ]
        [0 0 0 0 0 0 0 0 0 0 0 0 0 0 0 0 ]
        [0 0 0 0 0 0 0 0 0 0 0 0 0 0 0 0 ]
        [0 0 0 0 0 0 0 0 0 0 0 0 0 0 0 0 ]
        [0 0 0 0 0 0 0 0 0 0 0 0 0 0 0 0 ]
        [0 0 0 0 0 0 0 0 0 0 0 0 0 0 0 0 ]
        [0 0 0 0 0 0 0 0 0 0 0 0 0 0 0 0 ]
        [0 0 0 0 0 0 0 0 0 0 0 0 0 0 0 0 ]
        [0 0 0 0 0 0 0 0 0 0 0 0 0 0 0 0 ]
        [0 0 0 0 0 0 0 0 0 0 0 0 0 0 0 0 ]
        [0 0 0 0 0 0 0 0 0 0 0 0 0 0 0 0 ]
        [0 0 0 0 0 0 0 0 0 0 0 0 0 0 0 0 ]
        [0 0 0 0 0 0 0 0 0 0 0 0 0 0 0 0 ]
        [0 0 0 0 0 0 0 0 0 0 0 0 0 0 0 0 ]
        [0 0 0 0 0 0 0 0 0 0 0 0 0 0 0 0 ]
        [0 0 0 0 0 0 0 0 0 0 0 0 0 0 0 0 ]
        [0 0 0 0 0 0 0 0 0 0 0 0 0 0 0 0 ]
        [0 0 0 0 0 0 0 0 0 0 0 0 0 0 0 0 ]
        [0 0 0 0 0 0 0 0 0 0 0 0 0 0 0 0 ]
        [0 0 0 0 0 0 0 0 0 0 0 0 0 0 0 0 ]
        [0 0 0 0 0 0 0 0 0 0 0 0 0 0 0 0 ]
        [0 0 0 0 0 0 0 0 0 0 0 0 0 0 0 0 ]
        [0 0 0 0 0 0 0 0 0 0 0 0 0 0 0 0 ]
        [0 0 0 0 0 0 0 0 0 0 0 0 0 0 0 0 ]
        [0 0 0 0 0 0 0 0 0 0 0 0 0 0 0 0 ]
        [0 0 0 0 0 0 0 0 0 0 0 0 0 0 0 0 ]
        [0 0 0 0 0 0 0 0 0 0 0 0 0 0 0 0 ]
        [0 0 0 0 0 0 0 0 0 0 0 0 0 0 0 0 ]
        [0 0 0 0 0 0 0 0 0 0 0 0 0 0 0 0 ]
        [0 0 0 0 0 0 0 0 0 0 0 0 0 0 0 0 ]
        [0 0 0 0 0 0 0 0 0 0 0 0 0 0 0 0 ]
        [0 0 0 0 0 0 0 0 0 0 0 0 0 0 0 0 ]
        [0 0 0 0 0 0 0 0 0 0 0 0 0 0 0 0 ]
        [0 0 0 0 0 0 0 0 0 0 0 0 0 0 0 0 ]
        [0 0 0 0 0 0 0 0 0 0 0 0 0 0 0 0 ]
        [0 0 0 0 0 0 0 0 0 0 0 0 0 0 0 0 ]
        [0 0 0 0 0 0 0 0 0 0 0 0 0 0 0 0 ]
        [0 0 0 0 0 0 0 0 0 0 0 0 0 0 0 0 ]
        [0 0 0 0 0 0 0 0 0 0 0 0 0 0 0 0 ]
        [0 0 0 0 0 0 0 0 0 0 0 0 0 0 0 0 ]
        [0 0 0 0 0 0 0 0 0 0 0 0 0 0 0 0 ]
        [0 0 0 0 0 0 0 0 0 0 0 0 0 0 0 0 ]
        [0 0 0 0 0 0 0 0 0 0 0 0 0 0 0 0 ]
        [0 0 0 0 0 0 0 0 0 0 0 0 0 0 0 0 ]
        [0 0 0 0 0 0 0 0 0 0 0 0 0 0 0 0 ]
        [0 0 0 0 0 0 0 0 0 0 0 0 0 0 0 0 ]
        [0 0 0 0 0 0 0 0 0 0 0 0 0 0 0 0 ]
        [0 0 0 0 0 0 0 0 0 0 0 0 0 0 0 0 ]
        [0 0 0 0 0 0 0 0 0 0 0 0 0 0 0 0 ]
        [0 0 0 0 0 0 0 0 0 0 0 0 0 0 0 0 ]
        [0 0 0 0 0 0 0 0 0 0 0 0 0 0 0 0 ]
        [0 0 0 0 0 0 0 0 0 0 0 0 0 0 0 0 ]
        [0 0 0 0 0 0 0 0 0 0 0 0 0 0 0 0 ]
        [0 0 0 0 0 0 0 0 0 0 0 0 0 0 0 0 ]
        [0 0 0 0 0 0 0 0 0 0 0 0 0 0 0 0 ]
        [0 0 0 0 0 0 0 0 0 0 0 0 0 0 0 0 ]
        [0 0 0 0 0 0 0 0 0 0 0 0 0 0 0 0 ]
        [0 0 0 0 0 0 0 0 0 0 0 0 0 0 0 0 ]
        [0 0 0 0 0 0 0 0 0 0 0 0 0 0 0 0 ]
        [0 0 0 0 0 0 0 0 0 0 0 0 0 0 0 0 ]
        [0 0 0 0 0 0 0 0 0 0 0 0 0 0 0 0 ]
        [0 0 0 0 0 0 0 0 0 0 0 0 0 0 0 0 ]
        [0 0 0 0 0 0 0 0 0 0 0 0 0 0 0 0 ]
        [0 0 0 0 0 0 0 0 0 0 0 0 0 0 0 0 ]
        [0 0 0 0 0 0 0 0 0 0 0 0 0 0 0 0 ]
        [0 0 0 0 0 0 0 0 0 0 0 0 0 0 0 0 ]
        [0 0 0 0 0 0 0 0 0 0 0 0 0 0 0 0 ]
        [0 0 0 0 0 0 0 0 0 0 0 0 0 0 0 0 ]
        [0 0 0 0 0 0 0 0 0 0 0 0 0 0 0 0 ]
        [0 0 0 0 0 0 0 0 0 0 0 0 0 0 0 0 ]
        [0 0 0 0 0 0 0 0 0 0 0 0 0 0 0 0 ]
        [0 0 0 0 0 0 0 0 0 0 0 0 0 0 0 0 ]
        [0 0 0 0 0 0 0 0 0 0 0 0 0 0 0 0 ]
        [0 0 0 0 0 0 0 0 0 0 0 0 0 0 0 0 ]
        [0 0 0 0 0 0 0 0 0 0 0 0 0 0 0 0 ]
        [0 0 0 0 0 0 0 0 0 0 0 0 0 0 0 0 ]
        [0 0 0 0 0 0 0 0 0 0 0 0 0 0 0 0 ]
        [0 0 0 0 0 0 0 0 0 0 0 0 0 0 0 0 ]
        [0 0 0 0 0 0 0 0 0 0 0 0 0 0 0 0 ]
        [0 0 0 0 0 0 0 0 0 0 0 0 0 0 0 0 ]
        [0 0 0 0 0 0 0 0 0 0 0 0 0 0 0 0 ]
        [0 0 0 0 0 0 0 0 0 0 0 0 0 0 0 0 ]
        [0 0 0 0 0 0 0 0 0 0 0 0 0 0 0 0 ]
        [0 0 0 0 0 0 0 0 0 0 0 0 0 0 0 0 ]
        [0 0 0 0 0 0 0 0 0 0 0 0 0 0 0 0 ]
        [0 0 0 0 0 0 0 0 0 0 0 0 0 0 0 0 ]
        [0 0 0 0 0 0 0 0 0 0 0 0 0 0 0 0 ]
        [0 0 0 0 0 0 0 0 0 0 0 0 0 0 0 0 ]
        [0 0 0 0 0 0 0 0 0 0 0 0 0 0 0 0 ]
        [0 0 0 0 0 0 0 0 0 0 0 0 0 0 0 0 ]
        [0 0 0 0 0 0 0 0 0 0 0 0 0 0 0 0 ]
        [0 0 0 0 0 0 0 0 0 0 0 0 0 0 0 0 ]
        [0 0 0 0 0 0 0 0 0 0 0 0 0 0 0 0 ]
        [0 0 0 0 0 0 0 0 0 0 0 0 0 0 0 0 ]
        [0 0 0 0 0 0 0 0 0 0 0 0 0 0 0 0 ]
        [0 0 0 0 0 0 0 0 0 0 0 0 0 0 0 0 ]
        [0 0 0 0 0 0 0 0 0 0 0 0 0 0 0 0 ]
        [0 0 0 0 0 0 0 0 0 0 0 0 0 0 0 0 ]
        [0 0 0 0 0 0 0 0 0 0 0 0 0 0 0 0 ]
        [0 0 0 0 0 0 0 0 0 0 0 0 0 0 0 0 ]
        [0 0 0 0 0 0 0 0 0 0 0 0 0 0 0 0 ]
        [0 0 0 0 0 0 0 0 0 0 0 0 0 0 0 0 ]
        [0 0 0 0 0 0 0 0 0 0 0 0 0 0 0 0 ]
        [0 0 0 0 0 0 0 0 0 0 0 0 0 0 0 0 ]
        [0 0 0 0 0 0 0 0 0 0 0 0 0 0 0 0 ]
        [0 0 0 0 0 0 0 0 0 0 0 0 0 0 0 0 ]
        [0 0 0 0 0 0 0 0 0 0 0 0 0 0 0 0 ]
        [0 0 0 0 0 0 0 0 0 0 0 0 0 0 0 0 ]
        [0 0 0 0 0 0 0 0 0 0 0 0 0 0 0 0 ]
        [0 0 0 0 0 0 0 0 0 0 0 0 0 0 0 0 ]
        [0 0 0 0 0 0 0 0 0 0 0 0 0 0 0 0 ]
        [0 0 0 0 0 0 0 0 0 0 0 0 0 0 0 0 ]
        [0 0 0 0 0 0 0 0 0 0 0 0 0 0 0 0 ]
        [0 0 0 0 0 0 0 0 0 0 0 0 0 0 0 0 ]
        [0 0 0 0 0 0 0 0 0 0 0 0 0 0 0 0 ]
        [0 0 0 0 0 0 0 0 0 0 0 0 0 0 0 0 ]
        [0 0 0 0 0 0 0 0 0 0 0 0 0 0 0 0 ]
        [0 0 0 0 0 0 0 0 0 0 0 0 0 0 0 0 ]
        [0 0 0 0 0 0 0 0 0 0 0 0 0 0 0 0 ]
        [0 0 0 0 0 0 0 0 0 0 0 0 0 0 0 0 ]
        [0 0 0 0 0 0 0 0 0 0 0 0 0 0 0 0 ]
        [0 0 0 0 0 0 0 0 0 0 0 0 0 0 0 0 ]
        [0 0 0 0 0 0 0 0 0 0 0 0 0 0 0 0 ]
        [0 0 0 0 0 0 0 0 0 0 0 0 0 0 0 0 ]
        [0 0 0 0 0 0 0 0 0 0 0 0 0 0 0 0 ]
        [0 0 0 0 0 0 0 0 0 0 0 0 0 0 0 0 ]
        [0 0 0 0 0 0 0 0 0 0 0 0 0 0 0 0 ]
        [0 0 0 0 0 0 0 0 0 0 0 0 0 0 0 0 ]
        [0 0 0 0 0 0 0 0 0 0 0 0 0 0 0 0 ]
        [0 0 0 0 0 0 0 0 0 0 0 0 0 0 0 0 ]
        [0 0 0 0 0 0 0 0 0 0 0 0 0 0 0 0 ]
        [0 0 0 0 0 0 0 0 0 0 0 0 0 0 0 0 ]
        [0 0 0 0 0 0 0 0 0 0 0 0 0 0 0 0 ]
        [0 0 0 0 0 0 0 0 0 0 0 0 0 0 0 0 ]
        [0 0 0 0 0 0 0 0 0 0 0 0 0 0 0 0 ]
        [0 0 0 0 0 0 0 0 0 0 0 0 0 0 0 0 ]
        [0 0 0 0 0 0 0 0 0 0 0 0 0 0 0 0 ]
        [0 0 0 0 0 0 0 0 0 0 0 0 0 0 0 0 ]
        [0 0 0 0 0 0 0 0 0 0 0 0 0 0 0 0 ]
        [0 0 0 0 0 0 0 0 0 0 0 0 0 0 0 0 ]
        [0 0 0 0 0 0 0 0 0 0 0 0 0 0 0 0 ]
        [0 0 0 0 0 0 0 0 0 0 0 0 0 0 0 0 ]
        [0 0 0 0 0 0 0 0 0 0 0 0 0 0 0 0 ]
        [0 0 0 0 0 0 0 0 0 0 0 0 0 0 0 0 ]
        [0 0 0 0 0 0 0 0 0 0 0 0 0 0 0 0 ]
        [0 0 0 0 0 0 0 0 0 0 0 0 0 0 0 0 ]
        [0 0 0 0 0 0 0 0 0 0 0 0 0 0 0 0 ]
        [0 0 0 0 0 0 0 0 0 0 0 0 0 0 0 0 ]
        [0 0 0 0 0 0 0 0 0 0 0 0 0 0 0 0 ]
        [0 0 0 0 0 0 0 0 0 0 0 0 0 0 0 0 ]
        [0 0 0 0 0 0 0 0 0 0 0 0 0 0 0 0 ]
        [0 0 0 0 0 0 0 0 0 0 0 0 0 0 0 0 ]
        [0 0 0 0 0 0 0 0 0 0 0 0 0 0 0 0 ]
        [0 0 0 0 0 0 0 0 0 0 0 0 0 0 0 0 ]
        [0 0 0 0 0 0 0 0 0 0 0 0 0 0 0 0 ]
        [0 0 0 0 0 0 0 0 0 0 0 0 0 0 0 0 ]
        [0 0 0 0 0 0 0 0 0 0 0 0 0 0 0 0 ]
        [0 0 0 0 0 0 0 0 0 0 0 0 0 0 0 0 ]
        [0 0 0 0 0 0 0 0 0 0 0 0 0 0 0 0 ]
        [0 0 0 0 0 0 0 0 0 0 0 0 0 0 0 0 ]
        [0 0 0 0 0 0 0 0 0 0 0 0 0 0 0 0 ]
        [0 0 0 0 0 0 0 0 0 0 0 0 0 0 0 0 ]
        [0 0 0 0 0 0 0 0 0 0 0 0 0 0 0 0 ]
        [0 0 0 0 0 0 0 0 0 0 0 0 0 0 0 0 ]
        [0 0 0 0 0 0 0 0 0 0 0 0 0 0 0 0 ]
        [0 0 0 0 0 0 0 0 0 0 0 0 0 0 0 0 ]
        [0 0 0 0 0 0 0 0 0 0 0 0 0 0 0 0 ]
        [0 0 0 0 0 0 0 0 0 0 0 0 0 0 0 0 ]
        [0 0 0 0 0 0 0 0 0 0 0 0 0 0 0 0 ]
        [0 0 0 0 0 0 0 0 0 0 0 0 0 0 0 0 ]
        [0 0 0 0 0 0 0 0 0 0 0 0 0 0 0 0 ]
        [0 0 0 0 0 0 0 0 0 0 0 0 0 0 0 0 ]
        [0 0 0 0 0 0 0 0 0 0 0 0 0 0 0 0 ]
        [0 0 0 0 0 0 0 0 0 0 0 0 0 0 0 0 ]
        [0 0 0 0 0 0 0 0 0 0 0 0 0 0 0 0 ]
        [0 0 0 0 0 0 0 0 0 0 0 0 0 0 0 0 ]
        [0 0 0 0 0 0 0 0 0 0 0 0 0 0 0 0 ]
        [0 0 0 0 0 0 0 0 0 0 0 0 0 0 0 0 ]
        [0 0 0 0 0 0 0 0 0 0 0 0 0 0 0 0 ]
        [0 0 0 0 0 0 0 0 0 0 0 0 0 0 0 0 ]
        [0 0 0 0 0 0 0 0 0 0 0 0 0 0 0 0 ]
        [0 0 0 0 0 0 0 0 0 0 0 0 0 0 0 0 ]
        [0 0 0 0 0 0 0 0 0 0 0 0 0 0 0 0 ]
        [0 0 0 0 0 0 0 0 0 0 0 0 0 0 0 0 ]
        [0 0 0 0 0 0 0 0 0 0 0 0 0 0 0 0 ]
        [0 0 0 0 0 0 0 0 0 0 0 0 0 0 0 0 ]
        [0 0 0 0 0 0 0 0 0 0 0 0 0 0 0 0 ]
        [0 0 0 0 0 0 0 0 0 0 0 0 0 0 0 0 ]
        [0 0 0 0 0 0 0 0 0 0 0 0 0 0 0 0 ]
        [0 0 0 0 0 0 0 0 0 0 0 0 0 0 0 0 ]
        [0 0 0 0 0 0 0 0 0 0 0 0 0 0 0 0 ]
        [0 0 0 0 0 0 0 0 0 0 0 0 0 0 0 0 ]
        [0 0 0 0 0 0 0 0 0 0 0 0 0 0 0 0 ]
        [0 0 0 0 0 0 0 0 0 0 0 0 0 0 0 0 ]
        [0 0 0 0 0 0 0 0 0 0 0 0 0 0 0 0 ]
        [0 0 0 0 0 0 0 0 0 0 0 0 0 0 0 0 ]
        [0 0 0 0 0 0 0 0 0 0 0 0 0 0 0 0 ]
        [0 0 0 0 0 0 0 0 0 0 0 0 0 0 0 0 ]
        [0 0 0 0 0 0 0 0 0 0 0 0 0 0 0 0 ]
        [0 0 0 0 0 0 0 0 0 0 0 0 0 0 0 0 ]
        [0 0 0 0 0 0 0 0 0 0 0 0 0 0 0 0 ]
        [0 0 0 0 0 0 0 0 0 0 0 0 0 0 0 0 ]
        [0 0 0 0 0 0 0 0 0 0 0 0 0 0 0 0 ]
        [0 0 0 0 0 0 0 0 0 0 0 0 0 0 0 0 ]
        [0 0 0 0 0 0 0 0 0 0 0 0 0 0 0 0 ]
        [0 0 0 0 0 0 0 0 0 0 0 0 0 0 0 0 ]
        [0 0 0 0 0 0 0 0 0 0 0 0 0 0 0 0 ]
        [0 0 0 0 0 0 0 0 0 0 0 0 0 0 0 0 ]
        [0 0 0 0 0 0 0 0 0 0 0 0 0 0 0 0 ]
        [0 0 0 0 0 0 0 0 0 0 0 0 0 0 0 0 ]
        [0 0 0 0 0 0 0 0 0 0 0 0 0 0 0 0 ]
        [0 0 0 0 0 0 0 0 0 0 0 0 0 0 0 0 ]
        [0 0 0 0 0 0 0 0 0 0 0 0 0 0 0 0 ]
        [0 0 0 0 0 0 0 0 0 0 0 0 0 0 0 0 ]
        [0 0 0 0 0 0 0 0 0 0 0 0 0 0 0 0 ]
        [0 0 0 0 0 0 0 0 0 0 0 0 0 0 0 0 ]
        [0 0 0 0 0 0 0 0 0 0 0 0 0 0 0 0 ]
        [0 0 0 0 0 0 0 0 0 0 0 0 0 0 0 0 ]
        [0 0 0 0 0 0 0 0 0 0 0 0 0 0 0 0 ]
        [0 0 0 0 0 0 0 0 0 0 0 0 0 0 0 0 ]
        [0 0 0 0 0 0 0 0 0 0 0 0 0 0 0 0 ]
        [0 0 0 0 0 0 0 0 0 0 0 0 0 0 0 0 ]
        [0 0 0 0 0 0 0 0 0 0 0 0 0 0 0 0 ]
        [0 0 0 0 0 0 0 0 0 0 0 0 0 0 0 0 ]
        [0 0 0 0 0 0 0 0 0 0 0 0 0 0 0 0 ]
        [0 0 0 0 0 0 0 0 0 0 0 0 0 0 0 0 ]
        [0 0 0 0 0 0 0 0 0 0 0 0 0 0 0 0 ]
        [0 0 0 0 0 0 0 0 0 0 0 0 0 0 0 0 ]
        [0 0 0 0 0 0 0 0 0 0 0 0 0 0 0 0 ]
        [0 0 0 0 0 0 0 0 0 0 0 0 0 0 0 0 ]
        [0 0 0 0 0 0 0 0 0 0 0 0 0 0 0 0 ]
        [0 0 0 0 0 0 0 0 0 0 0 0 0 0 0 0 ]
        [0 0 0 0 0 0 0 0 0 0 0 0 0 0 0 0 ]
        [0 0 0 0 0 0 0 0 0 0 0 0 0 0 0 0 ]
        [0 0 0 0 0 0 0 0 0 0 0 0 0 0 0 0 ]
        [0 0 0 0 0 0 0 0 0 0 0 0 0 0 0 0 ]
        [0 0 0 0 0 0 0 0 0 0 0 0 0 0 0 0 ]
        [0 0 0 0 0 0 0 0 0 0 0 0 0 0 0 0 ]
        [0 0 0 0 0 0 0 0 0 0 0 0 0 0 0 0 ]
        [0 0 0 0 0 0 0 0 0 0 0 0 0 0 0 0 ]
        [0 0 0 0 0 0 0 0 0 0 0 0 0 0 0 0 ]
        [0 0 0 0 0 0 0 0 0 0 0 0 0 0 0 0 ]
        [0 0 0 0 0 0 0 0 0 0 0 0 0 0 0 0 ]
        [0 0 0 0 0 0 0 0 0 0 0 0 0 0 0 0 ]
        [0 0 0 0 0 0 0 0 0 0 0 0 0 0 0 0 ]
        [0 0 0 0 0 0 0 0 0 0 0 0 0 0 0 0 ]
        [0 0 0 0 0 0 0 0 0 0 0 0 0 0 0 0 ]
        [0 0 0 0 0 0 0 0 0 0 0 0 0 0 0 0 ]
        [0 0 0 0 0 0 0 0 0 0 0 0 0 0 0 0 ]
        [0 0 0 0 0 0 0 0 0 0 0 0 0 0 0 0 ]
        [0 0 0 0 0 0 0 0 0 0 0 0 0 0 0 0 ]
        [0 0 0 0 0 0 0 0 0 0 0 0 0 0 0 0 ]
        [0 0 0 0 0 0 0 0 0 0 0 0 0 0 0 0 ]
        [0 0 0 0 0 0 0 0 0 0 0 0 0 0 0 0 ]
        [0 0 0 0 0 0 0 0 0 0 0 0 0 0 0 0 ]
        [0 0 0 0 0 0 0 0 0 0 0 0 0 0 0 0 ]
        [0 0 0 0 0 0 0 0 0 0 0 0 0 0 0 0 ]
        [0 0 0 0 0 0 0 0 0 0 0 0 0 0 0 0 ]
        [0 0 0 0 0 0 0 0 0 0 0 0 0 0 0 0 ]
        [0 0 0 0 0 0 0 0 0 0 0 0 0 0 0 0 ]
        [0 0 0 0 0 0 0 0 0 0 0 0 0 0 0 0 ]
        [0 0 0 0 0 0 0 0 0 0 0 0 0 0 0 0 ]
        [0 0 0 0 0 0 0 0 0 0 0 0 0 0 0 0 ]
        [0 0 0 0 0 0 0 0 0 0 0 0 0 0 0 0 ]
        [0 0 0 0 0 0 0 0 0 0 0 0 0 0 0 0 ]
        [0 0 0 0 0 0 0 0 0 0 0 0 0 0 0 0 ]
        [0 0 0 0 0 0 0 0 0 0 0 0 0 0 0 0 ]
        [0 0 0 0 0 0 0 0 0 0 0 0 0 0 0 0 ]
        [0 0 0 0 0 0 0 0 0 0 0 0 0 0 0 0 ]
        [0 0 0 0 0 0 0 0 0 0 0 0 0 0 0 0 ]
        [0 0 0 0 0 0 0 0 0 0 0 0 0 0 0 0 ]
        [0 0 0 0 0 0 0 0 0 0 0 0 0 0 0 0 ]
        [0 0 0 0 0 0 0 0 0 0 0 0 0 0 0 0 ]
        [0 0 0 0 0 0 0 0 0 0 0 0 0 0 0 0 ]
        [0 0 0 0 0 0 0 0 0 0 0 0 0 0 0 0 ]
        [0 0 0 0 0 0 0 0 0 0 0 0 0 0 0 0 ]
        [0 0 0 0 0 0 0 0 0 0 0 0 0 0 0 0 ]
        [0 0 0 0 0 0 0 0 0 0 0 0 0 0 0 0 ]
        [0 0 0 0 0 0 0 0 0 0 0 0 0 0 0 0 ]
        [0 0 0 0 0 0 0 0 0 0 0 0 0 0 0 0 ]
        [0 0 0 0 0 0 0 0 0 0 0 0 0 0 0 0 ]
        [0 0 0 0 0 0 0 0 0 0 0 0 0 0 0 0 ]
        [0 0 0 0 0 0 0 0 0 0 0 0 0 0 0 0 ]
        [0 0 0 0 0 0 0 0 0 0 0 0 0 0 0 0 ]
        [0 0 0 0 0 0 0 0 0 0 0 0 0 0 0 0 ]
        [0 0 0 0 0 0 0 0 0 0 0 0 0 0 0 0 ]
        [0 0 0 0 0 0 0 0 0 0 0 0 0 0 0 0 ]
        [0 0 0 0 0 0 0 0 0 0 0 0 0 0 0 0 ]
        [0 0 0 0 0 0 0 0 0 0 0 0 0 0 0 0 ]
        [0 0 0 0 0 0 0 0 0 0 0 0 0 0 0 0 ]
        [0 0 0 0 0 0 0 0 0 0 0 0 0 0 0 0 ]
        [0 0 0 0 0 0 0 0 0 0 0 0 0 0 0 0 ]
        [0 0 0 0 0 0 0 0 0 0 0 0 0 0 0 0 ]
        [0 0 0 0 0 0 0 0 0 0 0 0 0 0 0 0 ]
        [0 0 0 0 0 0 0 0 0 0 0 0 0 0 0 0 ]
        [0 0 0 0 0 0 0 0 0 0 0 0 0 0 0 0 ]
        [0 0 0 0 0 0 0 0 0 0 0 0 0 0 0 0 ]
        [0 0 0 0 0 0 0 0 0 0 0 0 0 0 0 0 ]
        [0 0 0 0 0 0 0 0 0 0 0 0 0 0 0 0 ]
        [0 0 0 0 0 0 0 0 0 0 0 0 0 0 0 0 ]
        [0 0 0 0 0 0 0 0 0 0 0 0 0 0 0 0 ]
        [0 0 0 0 0 0 0 0 0 0 0 0 0 0 0 0 ]
        [0 0 0 0 0 0 0 0 0 0 0 0 0 0 0 0 ]
        [0 0 0 0 0 0 0 0 0 0 0 0 0 0 0 0 ]
        [0 0 0 0 0 0 0 0 0 0 0 0 0 0 0 0 ]
        [0 0 0 0 0 0 0 0 0 0 0 0 0 0 0 0 ]
        [0 0 0 0 0 0 0 0 0 0 0 0 0 0 0 0 ]
        [0 0 0 0 0 0 0 0 0 0 0 0 0 0 0 0 ]
        [0 0 0 0 0 0 0 0 0 0 0 0 0 0 0 0 ]
        [0 0 0 0 0 0 0 0 0 0 0 0 0 0 0 0 ]
        [0 0 0 0 0 0 0 0 0 0 0 0 0 0 0 0 ]
        [0 0 0 0 0 0 0 0 0 0 0 0 0 0 0 0 ]
        [0 0 0 0 0 0 0 0 0 0 0 0 0 0 0 0 ]
        [0 0 0 0 0 0 0 0 0 0 0 0 0 0 0 0 ]
        [0 0 0 0 0 0 0 0 0 0 0 0 0 0 0 0 ]
        [0 0 0 0 0 0 0 0 0 0 0 0 0 0 0 0 ]
        [0 0 0 0 0 0 0 0 0 0 0 0 0 0 0 0 ]
        [0 0 0 0 0 0 0 0 0 0 0 0 0 0 0 0 ]
        [0 0 0 0 0 0 0 0 0 0 0 0 0 0 0 0 ]
        [0 0 0 0 0 0 0 0 0 0 0 0 0 0 0 0 ]
        [0 0 0 0 0 0 0 0 0 0 0 0 0 0 0 0 ]
        [0 0 0 0 0 0 0 0 0 0 0 0 0 0 0 0 ]
        [0 0 0 0 0 0 0 0 0 0 0 0 0 0 0 0 ]
        [0 0 0 0 0 0 0 0 0 0 0 0 0 0 0 0 ]
        [0 0 0 0 0 0 0 0 0 0 0 0 0 0 0 0 ]
        [0 0 0 0 0 0 0 0 0 0 0 0 0 0 0 0 ]
        [0 0 0 0 0 0 0 0 0 0 0 0 0 0 0 0 ]
        [0 0 0 0 0 0 0 0 0 0 0 0 0 0 0 0 ]
        [0 0 0 0 0 0 0 0 0 0 0 0 0 0 0 0 ]
        [0 0 0 0 0 0 0 0 0 0 0 0 0 0 0 0 ]
        [0 0 0 0 0 0 0 0 0 0 0 0 0 0 0 0 ]
        [0 0 0 0 0 0 0 0 0 0 0 0 0 0 0 0 ]
        [0 0 0 0 0 0 0 0 0 0 0 0 0 0 0 0 ]
        [0 0 0 0 0 0 0 0 0 0 0 0 0 0 0 0 ]
        [0 0 0 0 0 0 0 0 0 0 0 0 0 0 0 0 ]
        [0 0 0 0 0 0 0 0 0 0 0 0 0 0 0 0 ]
        [0 0 0 0 0 0 0 0 0 0 0 0 0 0 0 0 ]
        [0 0 0 0 0 0 0 0 0 0 0 0 0 0 0 0 ]
        [0 0 0 0 0 0 0 0 0 0 0 0 0 0 0 0 ]
        [0 0 0 0 0 0 0 0 0 0 0 0 0 0 0 0 ]
        [0 0 0 0 0 0 0 0 0 0 0 0 0 0 0 0 ]
        [0 0 0 0 0 0 0 0 0 0 0 0 0 0 0 0 ]
        [0 0 0 0 0 0 0 0 0 0 0 0 0 0 0 0 ]
        [0 0 0 0 0 0 0 0 0 0 0 0 0 0 0 0 ]
        [0 0 0 0 0 0 0 0 0 0 0 0 0 0 0 0 ]
        [0 0 0 0 0 0 0 0 0 0 0 0 0 0 0 0 ]
        [0 0 0 0 0 0 0 0 0 0 0 0 0 0 0 0 ]
        [0 0 0 0 0 0 0 0 0 0 0 0 0 0 0 0 ]
        [0 0 0 0 0 0 0 0 0 0 0 0 0 0 0 0 ]
        [0 0 0 0 0 0 0 0 0 0 0 0 0 0 0 0 ]
        [0 0 0 0 0 0 0 0 0 0 0 0 0 0 0 0 ]
        [0 0 0 0 0 0 0 0 0 0 0 0 0 0 0 0 ]
        [0 0 0 0 0 0 0 0 0 0 0 0 0 0 0 0 ]
        [0 0 0 0 0 0 0 0 0 0 0 0 0 0 0 0 ]
        [0 0 0 0 0 0 0 0 0 0 0 0 0 0 0 0 ]
        [0 0 0 0 0 0 0 0 0 0 0 0 0 0 0 0 ]
        [0 0 0 0 0 0 0 0 0 0 0 0 0 0 0 0 ]
        [0 0 0 0 0 0 0 0 0 0 0 0 0 0 0 0 ]
        [0 0 0 0 0 0 0 0 0 0 0 0 0 0 0 0 ]
        [0 0 0 0 0 0 0 0 0 0 0 0 0 0 0 0 ]
        [0 0 0 0 0 0 0 0 0 0 0 0 0 0 0 0 ]
        [0 0 0 0 0 0 0 0 0 0 0 0 0 0 0 0 ]
        [0 0 0 0 0 0 0 0 0 0 0 0 0 0 0 0 ]
        [0 0 0 0 0 0 0 0 0 0 0 0 0 0 0 0 ]
        [0 0 0 0 0 0 0 0 0 0 0 0 0 0 0 0 ]
        [0 0 0 0 0 0 0 0 0 0 0 0 0 0 0 0 ]
        [0 0 0 0 0 0 0 0 0 0 0 0 0 0 0 0 ]
        [0 0 0 0 0 0 0 0 0 0 0 0 0 0 0 0 ]
        [0 0 0 0 0 0 0 0 0 0 0 0 0 0 0 0 ]
        [0 0 0 0 0 0 0 0 0 0 0 0 0 0 0 0 ]
        [0 0 0 0 0 0 0 0 0 0 0 0 0 0 0 0 ]
        [0 0 0 0 0 0 0 0 0 0 0 0 0 0 0 0 ]
        [0 0 0 0 0 0 0 0 0 0 0 0 0 0 0 0 ]
        [0 0 0 0 0 0 0 0 0 0 0 0 0 0 0 0 ]
        [0 0 0 0 0 0 0 0 0 0 0 0 0 0 0 0 ]
        [0 0 0 0 0 0 0 0 0 0 0 0 0 0 0 0 ]
        [0 0 0 0 0 0 0 0 0 0 0 0 0 0 0 0 ]
        [0 0 0 0 0 0 0 0 0 0 0 0 0 0 0 0 ]
        [0 0 0 0 0 0 0 0 0 0 0 0 0 0 0 0 ]
        [0 0 0 0 0 0 0 0 0 0 0 0 0 0 0 0 ]
        [0 0 0 0 0 0 0 0 0 0 0 0 0 0 0 0 ]
        [0 0 0 0 0 0 0 0 0 0 0 0 0 0 0 0 ]
        [0 0 0 0 0 0 0 0 0 0 0 0 0 0 0 0 ]
        [0 0 0 0 0 0 0 0 0 0 0 0 0 0 0 0 ]
        [0 0 0 0 0 0 0 0 0 0 0 0 0 0 0 0 ]
        [0 0 0 0 0 0 0 0 0 0 0 0 0 0 0 0 ]
        [0 0 0 0 0 0 0 0 0 0 0 0 0 0 0 0 ]
        [0 0 0 0 0 0 0 0 0 0 0 0 0 0 0 0 ]
        [0 0 0 0 0 0 0 0 0 0 0 0 0 0 0 0 ]
        [0 0 0 0 0 0 0 0 0 0 0 0 0 0 0 0 ]
        [0 0 0 0 0 0 0 0 0 0 0 0 0 0 0 0 ]
        [0 0 0 0 0 0 0 0 0 0 0 0 0 0 0 0 ]
        [0 0 0 0 0 0 0 0 0 0 0 0 0 0 0 0 ]
        [0 0 0 0 0 0 0 0 0 0 0 0 0 0 0 0 ]
        [0 0 0 0 0 0 0 0 0 0 0 0 0 0 0 0 ]
        [0 0 0 0 0 0 0 0 0 0 0 0 0 0 0 0 ]
        [0 0 0 0 0 0 0 0 0 0 0 0 0 0 0 0 ]
        [0 0 0 0 0 0 0 0 0 0 0 0 0 0 0 0 ]
        [0 0 0 0 0 0 0 0 0 0 0 0 0 0 0 0 ]
        [0 0 0 0 0 0 0 0 0 0 0 0 0 0 0 0 ]
        [0 0 0 0 0 0 0 0 0 0 0 0 0 0 0 0 ]
        [0 0 0 0 0 0 0 0 0 0 0 0 0 0 0 0 ]
        [0 0 0 0 0 0 0 0 0 0 0 0 0 0 0 0 ]
        [0 0 0 0 0 0 0 0 0 0 0 0 0 0 0 0 ]
        [0 0 0 0 0 0 0 0 0 0 0 0 0 0 0 0 ]
        [0 0 0 0 0 0 0 0 0 0 0 0 0 0 0 0 ]
        [0 0 0 0 0 0 0 0 0 0 0 0 0 0 0 0 ]
        [0 0 0 0 0 0 0 0 0 0 0 0 0 0 0 0 ]
        [0 0 0 0 0 0 0 0 0 0 0 0 0 0 0 0 ]
        [0 0 0 0 0 0 0 0 0 0 0 0 0 0 0 0 ]
        [0 0 0 0 0 0 0 0 0 0 0 0 0 0 0 0 ]
        [0 0 0 0 0 0 0 0 0 0 0 0 0 0 0 0 ]
        [0 0 0 0 0 0 0 0 0 0 0 0 0 0 0 0 ]
        [0 0 0 0 0 0 0 0 0 0 0 0 0 0 0 0 ]
        [0 0 0 0 0 0 0 0 0 0 0 0 0 0 0 0 ]
        [0 0 0 0 0 0 0 0 0 0 0 0 0 0 0 0 ]
        [0 0 0 0 0 0 0 0 0 0 0 0 0 0 0 0 ]
        [0 0 0 0 0 0 0 0 0 0 0 0 0 0 0 0 ]
        [0 0 0 0 0 0 0 0 0 0 0 0 0 0 0 0 ]
        [0 0 0 0 0 0 0 0 0 0 0 0 0 0 0 0 ]
        [0 0 0 0 0 0 0 0 0 0 0 0 0 0 0 0 ]
        [0 0 0 0 0 0 0 0 0 0 0 0 0 0 0 0 ]
        [0 0 0 0 0 0 0 0 0 0 0 0 0 0 0 0 ]
        [0 0 0 0 0 0 0 0 0 0 0 0 0 0 0 0 ]
        [0 0 0 0 0 0 0 0 0 0 0 0 0 0 0 0 ]
        [0 0 0 0 0 0 0 0 0 0 0 0 0 0 0 0 ]
        [0 0 0 0 0 0 0 0 0 0 0 0 0 0 0 0 ]
        [0 0 0 0 0 0 0 0 0 0 0 0 0 0 0 0 ]
        [0 0 0 0 0 0 0 0 0 0 0 0 0 0 0 0 ]
        [0 0 0 0 0 0 0 0 0 0 0 0 0 0 0 0 ]
        [0 0 0 0 0 0 0 0 0 0 0 0 0 0 0 0 ]
        [0 0 0 0 0 0 0 0 0 0 0 0 0 0 0 0 ]
        [0 0 0 0 0 0 0 0 0 0 0 0 0 0 0 0 ]
        [0 0 0 0 0 0 0 0 0 0 0 0 0 0 0 0 ]
        [0 0 0 0 0 0 0 0 0 0 0 0 0 0 0 0 ]
        [0 0 0 0 0 0 0 0 0 0 0 0 0 0 0 0 ]
        [0 0 0 0 0 0 0 0 0 0 0 0 0 0 0 0 ]
        [0 0 0 0 0 0 0 0 0 0 0 0 0 0 0 0 ]
        [0 0 0 0 0 0 0 0 0 0 0 0 0 0 0 0 ]
        [0 0 0 0 0 0 0 0 0 0 0 0 0 0 0 0 ]
        [0 0 0 0 0 0 0 0 0 0 0 0 0 0 0 0 ]
        [0 0 0 0 0 0 0 0 0 0 0 0 0 0 0 0 ]
        [0 0 0 0 0 0 0 0 0 0 0 0 0 0 0 0 ]
        [0 0 0 0 0 0 0 0 0 0 0 0 0 0 0 0 ]
        [0 0 0 0 0 0 0 0 0 0 0 0 0 0 0 0 ]
        [0 0 0 0 0 0 0 0 0 0 0 0 0 0 0 0 ]
        [0 0 0 0 0 0 0 0 0 0 0 0 0 0 0 0 ]
        [0 0 0 0 0 0 0 0 0 0 0 0 0 0 0 0 ]
        [0 0 0 0 0 0 0 0 0 0 0 0 0 0 0 0 ]
        [0 0 0 0 0 0 0 0 0 0 0 0 0 0 0 0 ]
        [0 0 0 0 0 0 0 0 0 0 0 0 0 0 0 0 ]
        [0 0 0 0 0 0 0 0 0 0 0 0 0 0 0 0 ]
        [0 0 0 0 0 0 0 0 0 0 0 0 0 0 0 0 ]
        [0 0 0 0 0 0 0 0 0 0 0 0 0 0 0 0 ]
        [0 0 0 0 0 0 0 0 0 0 0 0 0 0 0 0 ]
        [0 0 0 0 0 0 0 0 0 0 0 0 0 0 0 0 ]
        [0 0 0 0 0 0 0 0 0 0 0 0 0 0 0 0 ]
        [0 0 0 0 0 0 0 0 0 0 0 0 0 0 0 0 ]
        [0 0 0 0 0 0 0 0 0 0 0 0 0 0 0 0 ]
        [0 0 0 0 0 0 0 0 0 0 0 0 0 0 0 0 ]
        [0 0 0 0 0 0 0 0 0 0 0 0 0 0 0 0 ]
        [0 0 0 0 0 0 0 0 0 0 0 0 0 0 0 0 ]
        [0 0 0 0 0 0 0 0 0 0 0 0 0 0 0 0 ]
        [0 0 0 0 0 0 0 0 0 0 0 0 0 0 0 0 ]
        [0 0 0 0 0 0 0 0 0 0 0 0 0 0 0 0 ]
        [0 0 0 0 0 0 0 0 0 0 0 0 0 0 0 0 ]
        [0 0 0 0 0 0 0 0 0 0 0 0 0 0 0 0 ]
        [0 0 0 0 0 0 0 0 0 0 0 0 0 0 0 0 ]
        [0 0 0 0 0 0 0 0 0 0 0 0 0 0 0 0 ]
        [0 0 0 0 0 0 0 0 0 0 0 0 0 0 0 0 ]
        [0 0 0 0 0 0 0 0 0 0 0 0 0 0 0 0 ]
        [0 0 0 0 0 0 0 0 0 0 0 0 0 0 0 0 ]
        [0 0 0 0 0 0 0 0 0 0 0 0 0 0 0 0 ]
        [0 0 0 0 0 0 0 0 0 0 0 0 0 0 0 0 ]
        [0 0 0 0 0 0 0 0 0 0 0 0 0 0 0 0 ]
        [0 0 0 0 0 0 0 0 0 0 0 0 0 0 0 0 ]
        [0 0 0 0 0 0 0 0 0 0 0 0 0 0 0 0 ]
        [0 0 0 0 0 0 0 0 0 0 0 0 0 0 0 0 ]
        [0 0 0 0 0 0 0 0 0 0 0 0 0 0 0 0 ]
        [0 0 0 0 0 0 0 0 0 0 0 0 0 0 0 0 ]
        [0 0 0 0 0 0 0 0 0 0 0 0 0 0 0 0 ]
        [0 0 0 0 0 0 0 0 0 0 0 0 0 0 0 0 ]
        [0 0 0 0 0 0 0 0 0 0 0 0 0 0 0 0 ]
        [0 0 0 0 0 0 0 0 0 0 0 0 0 0 0 0 ]
        [0 0 0 0 0 0 0 0 0 0 0 0 0 0 0 0 ]
        [0 0 0 0 0 0 0 0 0 0 0 0 0 0 0 0 ]
        [0 0 0 0 0 0 0 0 0 0 0 0 0 0 0 0 ]
        [0 0 0 0 0 0 0 0 0 0 0 0 0 0 0 0 ]
        [0 0 0 0 0 0 0 0 0 0 0 0 0 0 0 0 ]
        [0 0 0 0 0 0 0 0 0 0 0 0 0 0 0 0 ]
        [0 0 0 0 0 0 0 0 0 0 0 0 0 0 0 0 ]
        [0 0 0 0 0 0 0 0 0 0 0 0 0 0 0 0 ]
        [0 0 0 0 0 0 0 0 0 0 0 0 0 0 0 0 ]
        [0 0 0 0 0 0 0 0 0 0 0 0 0 0 0 0 ]
        [0 0 0 0 0 0 0 0 0 0 0 0 0 0 0 0 ]
        [0 0 0 0 0 0 0 0 0 0 0 0 0 0 0 0 ]
        [0 0 0 0 0 0 0 0 0 0 0 0 0 0 0 0 ]
        [0 0 0 0 0 0 0 0 0 0 0 0 0 0 0 0 ]
        [0 0 0 0 0 0 0 0 0 0 0 0 0 0 0 0 ]
        [0 0 0 0 0 0 0 0 0 0 0 0 0 0 0 0 ]
        [0 0 0 0 0 0 0 0 0 0 0 0 0 0 0 0 ]
        [0 0 0 0 0 0 0 0 0 0 0 0 0 0 0 0 ]
        [0 0 0 0 0 0 0 0 0 0 0 0 0 0 0 0 ]
        [0 0 0 0 0 0 0 0 0 0 0 0 0 0 0 0 ]
        [0 0 0 0 0 0 0 0 0 0 0 0 0 0 0 0 ]
        [0 0 0 0 0 0 0 0 0 0 0 0 0 0 0 0 ]
        [0 0 0 0 0 0 0 0 0 0 0 0 0 0 0 0 ]
        [0 0 0 0 0 0 0 0 0 0 0 0 0 0 0 0 ]
        [0 0 0 0 0 0 0 0 0 0 0 0 0 0 0 0 ]
        [0 0 0 0 0 0 0 0 0 0 0 0 0 0 0 0 ]
        [0 0 0 0 0 0 0 0 0 0 0 0 0 0 0 0 ]
        [0 0 0 0 0 0 0 0 0 0 0 0 0 0 0 0 ]
        [0 0 0 0 0 0 0 0 0 0 0 0 0 0 0 0 ]
        [0 0 0 0 0 0 0 0 0 0 0 0 0 0 0 0 ]
        [0 0 0 0 0 0 0 0 0 0 0 0 0 0 0 0 ]
        [0 0 0 0 0 0 0 0 0 0 0 0 0 0 0 0 ]
        [0 0 0 0 0 0 0 0 0 0 0 0 0 0 0 0 ]
        [0 0 0 0 0 0 0 0 0 0 0 0 0 0 0 0 ]
        [0 0 0 0 0 0 0 0 0 0 0 0 0 0 0 0 ]
        [0 0 0 0 0 0 0 0 0 0 0 0 0 0 0 0 ]
        [0 0 0 0 0 0 0 0 0 0 0 0 0 0 0 0 ]
        [0 0 0 0 0 0 0 0 0 0 0 0 0 0 0 0 ]
        [0 0 0 0 0 0 0 0 0 0 0 0 0 0 0 0 ]
        [0 0 0 0 0 0 0 0 0 0 0 0 0 0 0 0 ]
        [0 0 0 0 0 0 0 0 0 0 0 0 0 0 0 0 ]
        [0 0 0 0 0 0 0 0 0 0 0 0 0 0 0 0 ]
        [0 0 0 0 0 0 0 0 0 0 0 0 0 0 0 0 ]
        [0 0 0 0 0 0 0 0 0 0 0 0 0 0 0 0 ]
        [0 0 0 0 0 0 0 0 0 0 0 0 0 0 0 0 ]
        [0 0 0 0 0 0 0 0 0 0 0 0 0 0 0 0 ]
        [0 0 0 0 0 0 0 0 0 0 0 0 0 0 0 0 ]
        [0 0 0 0 0 0 0 0 0 0 0 0 0 0 0 0 ]
        [0 0 0 0 0 0 0 0 0 0 0 0 0 0 0 0 ]
        [0 0 0 0 0 0 0 0 0 0 0 0 0 0 0 0 ]
        [0 0 0 0 0 0 0 0 0 0 0 0 0 0 0 0 ]
        [0 0 0 0 0 0 0 0 0 0 0 0 0 0 0 0 ]
        [0 0 0 0 0 0 0 0 0 0 0 0 0 0 0 0 ]
        [0 0 0 0 0 0 0 0 0 0 0 0 0 0 0 0 ]
        [0 0 0 0 0 0 0 0 0 0 0 0 0 0 0 0 ]
        [0 0 0 0 0 0 0 0 0 0 0 0 0 0 0 0 ]
        [0 0 0 0 0 0 0 0 0 0 0 0 0 0 0 0 ]
        [0 0 0 0 0 0 0 0 0 0 0 0 0 0 0 0 ]
        [0 0 0 0 0 0 0 0 0 0 0 0 0 0 0 0 ]
        [0 0 0 0 0 0 0 0 0 0 0 0 0 0 0 0 ]
        [0 0 0 0 0 0 0 0 0 0 0 0 0 0 0 0 ]
        [0 0 0 0 0 0 0 0 0 0 0 0 0 0 0 0 ]
        [0 0 0 0 0 0 0 0 0 0 0 0 0 0 0 0 ]
        [0 0 0 0 0 0 0 0 0 0 0 0 0 0 0 0 ]
        [0 0 0 0 0 0 0 0 0 0 0 0 0 0 0 0 ]
        [0 0 0 0 0 0 0 0 0 0 0 0 0 0 0 0 ]
        [0 0 0 0 0 0 0 0 0 0 0 0 0 0 0 0 ]
        [0 0 0 0 0 0 0 0 0 0 0 0 0 0 0 0 ]
        [0 0 0 0 0 0 0 0 0 0 0 0 0 0 0 0 ]
        [0 0 0 0 0 0 0 0 0 0 0 0 0 0 0 0 ]
        [0 0 0 0 0 0 0 0 0 0 0 0 0 0 0 0 ]
        [0 0 0 0 0 0 0 0 0 0 0 0 0 0 0 0 ]
        [0 0 0 0 0 0 0 0 0 0 0 0 0 0 0 0 ]
        [0 0 0 0 0 0 0 0 0 0 0 0 0 0 0 0 ]
        [0 0 0 0 0 0 0 0 0 0 0 0 0 0 0 0 ]
        [0 0 0 0 0 0 0 0 0 0 0 0 0 0 0 0 ]
        [0 0 0 0 0 0 0 0 0 0 0 0 0 0 0 0 ]
        [0 0 0 0 0 0 0 0 0 0 0 0 0 0 0 0 ]
        [0 0 0 0 0 0 0 0 0 0 0 0 0 0 0 0 ]
        [0 0 0 0 0 0 0 0 0 0 0 0 0 0 0 0 ]
        [0 0 0 0 0 0 0 0 0 0 0 0 0 0 0 0 ]
        [0 0 0 0 0 0 0 0 0 0 0 0 0 0 0 0 ]
        [0 0 0 0 0 0 0 0 0 0 0 0 0 0 0 0 ]
        [0 0 0 0 0 0 0 0 0 0 0 0 0 0 0 0 ]
        [0 0 0 0 0 0 0 0 0 0 0 0 0 0 0 0 ]
        [0 0 0 0 0 0 0 0 0 0 0 0 0 0 0 0 ]
        [0 0 0 0 0 0 0 0 0 0 0 0 0 0 0 0 ]
        [0 0 0 0 0 0 0 0 0 0 0 0 0 0 0 0 ]
        [0 0 0 0 0 0 0 0 0 0 0 0 0 0 0 0 ]
        [0 0 0 0 0 0 0 0 0 0 0 0 0 0 0 0 ]
        [0 0 0 0 0 0 0 0 0 0 0 0 0 0 0 0 ]
        [0 0 0 0 0 0 0 0 0 0 0 0 0 0 0 0 ]
        [0 0 0 0 0 0 0 0 0 0 0 0 0 0 0 0 ]
        [0 0 0 0 0 0 0 0 0 0 0 0 0 0 0 0 ]
        [0 0 0 0 0 0 0 0 0 0 0 0 0 0 0 0 ]
        [0 0 0 0 0 0 0 0 0 0 0 0 0 0 0 0 ]
        [0 0 0 0 0 0 0 0 0 0 0 0 0 0 0 0 ]
        [0 0 0 0 0 0 0 0 0 0 0 0 0 0 0 0 ]
        [0 0 0 0 0 0 0 0 0 0 0 0 0 0 0 0 ]
        [0 0 0 0 0 0 0 0 0 0 0 0 0 0 0 0 ]
        [0 0 0 0 0 0 0 0 0 0 0 0 0 0 0 0 ]
        [0 0 0 0 0 0 0 0 0 0 0 0 0 0 0 0 ]
        [0 0 0 0 0 0 0 0 0 0 0 0 0 0 0 0 ]
        [0 0 0 0 0 0 0 0 0 0 0 0 0 0 0 0 ]
        [0 0 0 0 0 0 0 0 0 0 0 0 0 0 0 0 ]
        [0 0 0 0 0 0 0 0 0 0 0 0 0 0 0 0 ]
        [0 0 0 0 0 0 0 0 0 0 0 0 0 0 0 0 ]
        [0 0 0 0 0 0 0 0 0 0 0 0 0 0 0 0 ]
        [0 0 0 0 0 0 0 0 0 0 0 0 0 0 0 0 ]
        [0 0 0 0 0 0 0 0 0 0 0 0 0 0 0 0 ]
        [0 0 0 0 0 0 0 0 0 0 0 0 0 0 0 0 ]
        [0 0 0 0 0 0 0 0 0 0 0 0 0 0 0 0 ]
        [0 0 0 0 0 0 0 0 0 0 0 0 0 0 0 0 ]
        [0 0 0 0 0 0 0 0 0 0 0 0 0 0 0 0 ]
        [0 0 0 0 0 0 0 0 0 0 0 0 0 0 0 0 ]
        [0 0 0 0 0 0 0 0 0 0 0 0 0 0 0 0 ]
        [0 0 0 0 0 0 0 0 0 0 0 0 0 0 0 0 ]
        [0 0 0 0 0 0 0 0 0 0 0 0 0 0 0 0 ]
        [0 0 0 0 0 0 0 0 0 0 0 0 0 0 0 0 ]
        [0 0 0 0 0 0 0 0 0 0 0 0 0 0 0 0 ]
        [0 0 0 0 0 0 0 0 0 0 0 0 0 0 0 0 ]
        [0 0 0 0 0 0 0 0 0 0 0 0 0 0 0 0 ]
        [0 0 0 0 0 0 0 0 0 0 0 0 0 0 0 0 ]
        [0 0 0 0 0 0 0 0 0 0 0 0 0 0 0 0 ]
        [0 0 0 0 0 0 0 0 0 0 0 0 0 0 0 0 ]
        [0 0 0 0 0 0 0 0 0 0 0 0 0 0 0 0 ]
        [0 0 0 0 0 0 0 0 0 0 0 0 0 0 0 0 ]
        [0 0 0 0 0 0 0 0 0 0 0 0 0 0 0 0 ]
        [0 0 0 0 0 0 0 0 0 0 0 0 0 0 0 0 ]
        [0 0 0 0 0 0 0 0 0 0 0 0 0 0 0 0 ]
        [0 0 0 0 0 0 0 0 0 0 0 0 0 0 0 0 ]
        [0 0 0 0 0 0 0 0 0 0 0 0 0 0 0 0 ]
        [0 0 0 0 0 0 0 0 0 0 0 0 0 0 0 0 ]
        [0 0 0 0 0 0 0 0 0 0 0 0 0 0 0 0 ]
        [0 0 0 0 0 0 0 0 0 0 0 0 0 0 0 0 ]
        [0 0 0 0 0 0 0 0 0 0 0 0 0 0 0 0 ]
        [0 0 0 0 0 0 0 0 0 0 0 0 0 0 0 0 ]
        [0 0 0 0 0 0 0 0 0 0 0 0 0 0 0 0 ]
        [0 0 0 0 0 0 0 0 0 0 0 0 0 0 0 0 ]
        [0 0 0 0 0 0 0 0 0 0 0 0 0 0 0 0 ]
        [0 0 0 0 0 0 0 0 0 0 0 0 0 0 0 0 ]
        [0 0 0 0 0 0 0 0 0 0 0 0 0 0 0 0 ]
        [0 0 0 0 0 0 0 0 0 0 0 0 0 0 0 0 ]
        [0 0 0 0 0 0 0 0 0 0 0 0 0 0 0 0 ]
        [0 0 0 0 0 0 0 0 0 0 0 0 0 0 0 0 ]
        [0 0 0 0 0 0 0 0 0 0 0 0 0 0 0 0 ]
        [0 0 0 0 0 0 0 0 0 0 0 0 0 0 0 0 ]
        [0 0 0 0 0 0 0 0 0 0 0 0 0 0 0 0 ]
        [0 0 0 0 0 0 0 0 0 0 0 0 0 0 0 0 ]
        [0 0 0 0 0 0 0 0 0 0 0 0 0 0 0 0 ]
        [0 0 0 0 0 0 0 0 0 0 0 0 0 0 0 0 ]
        [0 0 0 0 0 0 0 0 0 0 0 0 0 0 0 0 ]
        [0 0 0 0 0 0 0 0 0 0 0 0 0 0 0 0 ]
        [0 0 0 0 0 0 0 0 0 0 0 0 0 0 0 0 ]
        [0 0 0 0 0 0 0 0 0 0 0 0 0 0 0 0 ]
        [0 0 0 0 0 0 0 0 0 0 0 0 0 0 0 0 ]
        [0 0 0 0 0 0 0 0 0 0 0 0 0 0 0 0 ]
        [0 0 0 0 0 0 0 0 0 0 0 0 0 0 0 0 ]
        [0 0 0 0 0 0 0 0 0 0 0 0 0 0 0 0 ]
        [0 0 0 0 0 0 0 0 0 0 0 0 0 0 0 0 ]
        [0 0 0 0 0 0 0 0 0 0 0 0 0 0 0 0 ]
        [0 0 0 0 0 0 0 0 0 0 0 0 0 0 0 0 ]
        [0 0 0 0 0 0 0 0 0 0 0 0 0 0 0 0 ]
        [0 0 0 0 0 0 0 0 0 0 0 0 0 0 0 0 ]
        [0 0 0 0 0 0 0 0 0 0 0 0 0 0 0 0 ]
        [0 0 0 0 0 0 0 0 0 0 0 0 0 0 0 0 ]
        [0 0 0 0 0 0 0 0 0 0 0 0 0 0 0 0 ]
        [0 0 0 0 0 0 0 0 0 0 0 0 0 0 0 0 ]
        [0 0 0 0 0 0 0 0 0 0 0 0 0 0 0 0 ]
        [0 0 0 0 0 0 0 0 0 0 0 0 0 0 0 0 ]
        [0 0 0 0 0 0 0 0 0 0 0 0 0 0 0 0 ]
        [0 0 0 0 0 0 0 0 0 0 0 0 0 0 0 0 ]
        [0 0 0 0 0 0 0 0 0 0 0 0 0 0 0 0 ]
        [0 0 0 0 0 0 0 0 0 0 0 0 0 0 0 0 ]
        [0 0 0 0 0 0 0 0 0 0 0 0 0 0 0 0 ]
        [0 0 0 0 0 0 0 0 0 0 0 0 0 0 0 0 ]
        [0 0 0 0 0 0 0 0 0 0 0 0 0 0 0 0 ]
        [0 0 0 0 0 0 0 0 0 0 0 0 0 0 0 0 ]
        [0 0 0 0 0 0 0 0 0 0 0 0 0 0 0 0 ]
        [0 0 0 0 0 0 0 0 0 0 0 0 0 0 0 0 ]
        [0 0 0 0 0 0 0 0 0 0 0 0 0 0 0 0 ]
        [0 0 0 0 0 0 0 0 0 0 0 0 0 0 0 0 ]
        [0 0 0 0 0 0 0 0 0 0 0 0 0 0 0 0 ]
        [0 0 0 0 0 0 0 0 0 0 0 0 0 0 0 0 ]
        [0 0 0 0 0 0 0 0 0 0 0 0 0 0 0 0 ]
        [0 0 0 0 0 0 0 0 0 0 0 0 0 0 0 0 ]
        [0 0 0 0 0 0 0 0 0 0 0 0 0 0 0 0 ]
        [0 0 0 0 0 0 0 0 0 0 0 0 0 0 0 0 ]
        [0 0 0 0 0 0 0 0 0 0 0 0 0 0 0 0 ]
        [0 0 0 0 0 0 0 0 0 0 0 0 0 0 0 0 ]
        [0 0 0 0 0 0 0 0 0 0 0 0 0 0 0 0 ]
        [0 0 0 0 0 0 0 0 0 0 0 0 0 0 0 0 ]
        [0 0 0 0 0 0 0 0 0 0 0 0 0 0 0 0 ]
        [0 0 0 0 0 0 0 0 0 0 0 0 0 0 0 0 ]
        [0 0 0 0 0 0 0 0 0 0 0 0 0 0 0 0 ]
        [0 0 0 0 0 0 0 0 0 0 0 0 0 0 0 0 ]
        [0 0 0 0 0 0 0 0 0 0 0 0 0 0 0 0 ]
        [0 0 0 0 0 0 0 0 0 0 0 0 0 0 0 0 ]
        [0 0 0 0 0 0 0 0 0 0 0 0 0 0 0 0 ]
        [0 0 0 0 0 0 0 0 0 0 0 0 0 0 0 0 ]
        [0 0 0 0 0 0 0 0 0 0 0 0 0 0 0 0 ]
        [0 0 0 0 0 0 0 0 0 0 0 0 0 0 0 0 ]
        [0 0 0 0 0 0 0 0 0 0 0 0 0 0 0 0 ]
        [0 0 0 0 0 0 0 0 0 0 0 0 0 0 0 0 ]
        [0 0 0 0 0 0 0 0 0 0 0 0 0 0 0 0 ]
        [0 0 0 0 0 0 0 0 0 0 0 0 0 0 0 0 ]
        [0 0 0 0 0 0 0 0 0 0 0 0 0 0 0 0 ]
        [0 0 0 0 0 0 0 0 0 0 0 0 0 0 0 0 ]
        [0 0 0 0 0 0 0 0 0 0 0 0 0 0 0 0 ]
        [0 0 0 0 0 0 0 0 0 0 0 0 0 0 0 0 ]
        [0 0 0 0 0 0 0 0 0 0 0 0 0 0 0 0 ]
        [0 0 0 0 0 0 0 0 0 0 0 0 0 0 0 0 ]
        [0 0 0 0 0 0 0 0 0 0 0 0 0 0 0 0 ]
        [0 0 0 0 0 0 0 0 0 0 0 0 0 0 0 0 ]
        [0 0 0 0 0 0 0 0 0 0 0 0 0 0 0 0 ]
        [0 0 0 0 0 0 0 0 0 0 0 0 0 0 0 0 ]
        [0 0 0 0 0 0 0 0 0 0 0 0 0 0 0 0 ]
        [0 0 0 0 0 0 0 0 0 0 0 0 0 0 0 0 ]
        [0 0 0 0 0 0 0 0 0 0 0 0 0 0 0 0 ]
        [0 0 0 0 0 0 0 0 0 0 0 0 0 0 0 0 ]
        [0 0 0 0 0 0 0 0 0 0 0 0 0 0 0 0 ]
        [0 0 0 0 0 0 0 0 0 0 0 0 0 0 0 0 ]
        [0 0 0 0 0 0 0 0 0 0 0 0 0 0 0 0 ]
        [0 0 0 0 0 0 0 0 0 0 0 0 0 0 0 0 ]
        [0 0 0 0 0 0 0 0 0 0 0 0 0 0 0 0 ]
        [0 0 0 0 0 0 0 0 0 0 0 0 0 0 0 0 ]
        [0 0 0 0 0 0 0 0 0 0 0 0 0 0 0 0 ]
        [0 0 0 0 0 0 0 0 0 0 0 0 0 0 0 0 ]
        [0 0 0 0 0 0 0 0 0 0 0 0 0 0 0 0 ]
        [0 0 0 0 0 0 0 0 0 0 0 0 0 0 0 0 ]
        [0 0 0 0 0 0 0 0 0 0 0 0 0 0 0 0 ]
        [0 0 0 0 0 0 0 0 0 0 0 0 0 0 0 0 ]
        [0 0 0 0 0 0 0 0 0 0 0 0 0 0 0 0 ]
        [0 0 0 0 0 0 0 0 0 0 0 0 0 0 0 0 ]
        [0 0 0 0 0 0 0 0 0 0 0 0 0 0 0 0 ]
        [0 0 0 0 0 0 0 0 0 0 0 0 0 0 0 0 ]
        [0 0 0 0 0 0 0 0 0 0 0 0 0 0 0 0 ]
        [0 0 0 0 0 0 0 0 0 0 0 0 0 0 0 0 ]
        [0 0 0 0 0 0 0 0 0 0 0 0 0 0 0 0 ]
        [0 0 0 0 0 0 0 0 0 0 0 0 0 0 0 0 ]
        [0 0 0 0 0 0 0 0 0 0 0 0 0 0 0 0 ]
        [0 0 0 0 0 0 0 0 0 0 0 0 0 0 0 0 ]
        [0 0 0 0 0 0 0 0 0 0 0 0 0 0 0 0 ]
        [0 0 0 0 0 0 0 0 0 0 0 0 0 0 0 0 ]
        [0 0 0 0 0 0 0 0 0 0 0 0 0 0 0 0 ]
        [0 0 0 0 0 0 0 0 0 0 0 0 0 0 0 0 ]
        [0 0 0 0 0 0 0 0 0 0 0 0 0 0 0 0 ]
        [0 0 0 0 0 0 0 0 0 0 0 0 0 0 0 0 ]
        [0 0 0 0 0 0 0 0 0 0 0 0 0 0 0 0 ]
        [0 0 0 0 0 0 0 0 0 0 0 0 0 0 0 0 ]
        [0 0 0 0 0 0 0 0 0 0 0 0 0 0 0 0 ]
        [0 0 0 0 0 0 0 0 0 0 0 0 0 0 0 0 ]
        [0 0 0 0 0 0 0 0 0 0 0 0 0 0 0 0 ]
        [0 0 0 0 0 0 0 0 0 0 0 0 0 0 0 0 ]
        [0 0 0 0 0 0 0 0 0 0 0 0 0 0 0 0 ]
        [0 0 0 0 0 0 0 0 0 0 0 0 0 0 0 0 ]
        [0 0 0 0 0 0 0 0 0 0 0 0 0 0 0 0 ]
        [0 0 0 0 0 0 0 0 0 0 0 0 0 0 0 0 ]
        [0 0 0 0 0 0 0 0 0 0 0 0 0 0 0 0 ]
        [0 0 0 0 0 0 0 0 0 0 0 0 0 0 0 0 ]
        [0 0 0 0 0 0 0 0 0 0 0 0 0 0 0 0 ]
        [0 0 0 0 0 0 0 0 0 0 0 0 0 0 0 0 ]
        [0 0 0 0 0 0 0 0 0 0 0 0 0 0 0 0 ]
        [0 0 0 0 0 0 0 0 0 0 0 0 0 0 0 0 ]
        [0 0 0 0 0 0 0 0 0 0 0 0 0 0 0 0 ]
        [0 0 0 0 0 0 0 0 0 0 0 0 0 0 0 0 ]
        [0 0 0 0 0 0 0 0 0 0 0 0 0 0 0 0 ]
        [0 0 0 0 0 0 0 0 0 0 0 0 0 0 0 0 ]
        [0 0 0 0 0 0 0 0 0 0 0 0 0 0 0 0 ]
        [0 0 0 0 0 0 0 0 0 0 0 0 0 0 0 0 ]
        [0 0 0 0 0 0 0 0 0 0 0 0 0 0 0 0 ]
        [0 0 0 0 0 0 0 0 0 0 0 0 0 0 0 0 ]
        [0 0 0 0 0 0 0 0 0 0 0 0 0 0 0 0 ]
        [0 0 0 0 0 0 0 0 0 0 0 0 0 0 0 0 ]
        [0 0 0 0 0 0 0 0 0 0 0 0 0 0 0 0 ]
        [0 0 0 0 0 0 0 0 0 0 0 0 0 0 0 0 ]
        [0 0 0 0 0 0 0 0 0 0 0 0 0 0 0 0 ]
        [0 0 0 0 0 0 0 0 0 0 0 0 0 0 0 0 ]
        [0 0 0 0 0 0 0 0 0 0 0 0 0 0 0 0 ]
        [0 0 0 0 0 0 0 0 0 0 0 0 0 0 0 0 ]
        [0 0 0 0 0 0 0 0 0 0 0 0 0 0 0 0 ]
        [0 0 0 0 0 0 0 0 0 0 0 0 0 0 0 0 ]
        [0 0 0 0 0 0 0 0 0 0 0 0 0 0 0 0 ]
        [0 0 0 0 0 0 0 0 0 0 0 0 0 0 0 0 ]
        [0 0 0 0 0 0 0 0 0 0 0 0 0 0 0 0 ]
        [0 0 0 0 0 0 0 0 0 0 0 0 0 0 0 0 ]
        [0 0 0 0 0 0 0 0 0 0 0 0 0 0 0 0 ]
        [0 0 0 0 0 0 0 0 0 0 0 0 0 0 0 0 ]
        [0 0 0 0 0 0 0 0 0 0 0 0 0 0 0 0 ]
        [0 0 0 0 0 0 0 0 0 0 0 0 0 0 0 0 ]
        [0 0 0 0 0 0 0 0 0 0 0 0 0 0 0 0 ]
        [0 0 0 0 0 0 0 0 0 0 0 0 0 0 0 0 ]
        [0 0 0 0 0 0 0 0 0 0 0 0 0 0 0 0 ]
        [0 0 0 0 0 0 0 0 0 0 0 0 0 0 0 0 ]
        [0 0 0 0 0 0 0 0 0 0 0 0 0 0 0 0 ]
        [0 0 0 0 0 0 0 0 0 0 0 0 0 0 0 0 ]
        [0 0 0 0 0 0 0 0 0 0 0 0 0 0 0 0 ]
        [0 0 0 0 0 0 0 0 0 0 0 0 0 0 0 0 ]
        [0 0 0 0 0 0 0 0 0 0 0 0 0 0 0 0 ]
        [0 0 0 0 0 0 0 0 0 0 0 0 0 0 0 0 ]
        [0 0 0 0 0 0 0 0 0 0 0 0 0 0 0 0 ]
        [0 0 0 0 0 0 0 0 0 0 0 0 0 0 0 0 ]
        [0 0 0 0 0 0 0 0 0 0 0 0 0 0 0 0 ]
        [0 0 0 0 0 0 0 0 0 0 0 0 0 0 0 0 ]
        [0 0 0 0 0 0 0 0 0 0 0 0 0 0 0 0 ]
        [0 0 0 0 0 0 0 0 0 0 0 0 0 0 0 0 ]
        [0 0 0 0 0 0 0 0 0 0 0 0 0 0 0 0 ]
        [0 0 0 0 0 0 0 0 0 0 0 0 0 0 0 0 ]
        [0 0 0 0 0 0 0 0 0 0 0 0 0 0 0 0 ]
        [0 0 0 0 0 0 0 0 0 0 0 0 0 0 0 0 ]
        [0 0 0 0 0 0 0 0 0 0 0 0 0 0 0 0 ]
        [0 0 0 0 0 0 0 0 0 0 0 0 0 0 0 0 ]
        [0 0 0 0 0 0 0 0 0 0 0 0 0 0 0 0 ]
        [0 0 0 0 0 0 0 0 0 0 0 0 0 0 0 0 ]
        [0 0 0 0 0 0 0 0 0 0 0 0 0 0 0 0 ]
        [0 0 0 0 0 0 0 0 0 0 0 0 0 0 0 0 ]
        [0 0 0 0 0 0 0 0 0 0 0 0 0 0 0 0 ]
        [0 0 0 0 0 0 0 0 0 0 0 0 0 0 0 0 ]
        [0 0 0 0 0 0 0 0 0 0 0 0 0 0 0 0 ]
        [0 0 0 0 0 0 0 0 0 0 0 0 0 0 0 0 ]
        [0 0 0 0 0 0 0 0 0 0 0 0 0 0 0 0 ]
        [0 0 0 0 0 0 0 0 0 0 0 0 0 0 0 0 ]
        [0 0 0 0 0 0 0 0 0 0 0 0 0 0 0 0 ]
        [0 0 0 0 0 0 0 0 0 0 0 0 0 0 0 0 ]
        [0 0 0 0 0 0 0 0 0 0 0 0 0 0 0 0 ]
        [0 0 0 0 0 0 0 0 0 0 0 0 0 0 0 0 ]
        [0 0 0 0 0 0 0 0 0 0 0 0 0 0 0 0 ]
        [0 0 0 0 0 0 0 0 0 0 0 0 0 0 0 0 ]
        [0 0 0 0 0 0 0 0 0 0 0 0 0 0 0 0 ]
        [0 0 0 0 0 0 0 0 0 0 0 0 0 0 0 0 ]
        [0 0 0 0 0 0 0 0 0 0 0 0 0 0 0 0 ]
        [0 0 0 0 0 0 0 0 0 0 0 0 0 0 0 0 ]
        [0 0 0 0 0 0 0 0 0 0 0 0 0 0 0 0 ]
        [0 0 0 0 0 0 0 0 0 0 0 0 0 0 0 0 ]
        [0 0 0 0 0 0 0 0 0 0 0 0 0 0 0 0 ]
        [0 0 0 0 0 0 0 0 0 0 0 0 0 0 0 0 ]
        [0 0 0 0 0 0 0 0 0 0 0 0 0 0 0 0 ]
        [0 0 0 0 0 0 0 0 0 0 0 0 0 0 0 0 ]
        [0 0 0 0 0 0 0 0 0 0 0 0 0 0 0 0 ]
        [0 0 0 0 0 0 0 0 0 0 0 0 0 0 0 0 ]
        [0 0 0 0 0 0 0 0 0 0 0 0 0 0 0 0 ]
        [0 0 0 0 0 0 0 0 0 0 0 0 0 0 0 0 ]
        [0 0 0 0 0 0 0 0 0 0 0 0 0 0 0 0 ]
        [0 0 0 0 0 0 0 0 0 0 0 0 0 0 0 0 ]
        [0 0 0 0 0 0 0 0 0 0 0 0 0 0 0 0 ]
        [0 0 0 0 0 0 0 0 0 0 0 0 0 0 0 0 ]
        [0 0 0 0 0 0 0 0 0 0 0 0 0 0 0 0 ]
        [0 0 0 0 0 0 0 0 0 0 0 0 0 0 0 0 ]
        [0 0 0 0 0 0 0 0 0 0 0 0 0 0 0 0 ]
        [0 0 0 0 0 0 0 0 0 0 0 0 0 0 0 0 ]
        [0 0 0 0 0 0 0 0 0 0 0 0 0 0 0 0 ]
        [0 0 0 0 0 0 0 0 0 0 0 0 0 0 0 0 ]
        [0 0 0 0 0 0 0 0 0 0 0 0 0 0 0 0 ]
        [0 0 0 0 0 0 0 0 0 0 0 0 0 0 0 0 ]
        [0 0 0 0 0 0 0 0 0 0 0 0 0 0 0 0 ]
        [0 0 0 0 0 0 0 0 0 0 0 0 0 0 0 0 ]
        [0 0 0 0 0 0 0 0 0 0 0 0 0 0 0 0 ]
        [0 0 0 0 0 0 0 0 0 0 0 0 0 0 0 0 ]
        [0 0 0 0 0 0 0 0 0 0 0 0 0 0 0 0 ]
        [0 0 0 0 0 0 0 0 0 0 0 0 0 0 0 0 ]
        [0 0 0 0 0 0 0 0 0 0 0 0 0 0 0 0 ]
        [0 0 0 0 0 0 0 0 0 0 0 0 0 0 0 0 ]
        [0 0 0 0 0 0 0 0 0 0 0 0 0 0 0 0 ]
        [0 0 0 0 0 0 0 0 0 0 0 0 0 0 0 0 ]
        [0 0 0 0 0 0 0 0 0 0 0 0 0 0 0 0 ]
        [0 0 0 0 0 0 0 0 0 0 0 0 0 0 0 0 ]
        [0 0 0 0 0 0 0 0 0 0 0 0 0 0 0 0 ]
        [0 0 0 0 0 0 0 0 0 0 0 0 0 0 0 0 ]
        [0 0 0 0 0 0 0 0 0 0 0 0 0 0 0 0 ]
        [0 0 0 0 0 0 0 0 0 0 0 0 0 0 0 0 ]
        [0 0 0 0 0 0 0 0 0 0 0 0 0 0 0 0 ]
        [0 0 0 0 0 0 0 0 0 0 0 0 0 0 0 0 ]
        [0 0 0 0 0 0 0 0 0 0 0 0 0 0 0 0 ]
        [0 0 0 0 0 0 0 0 0 0 0 0 0 0 0 0 ]
        [0 0 0 0 0 0 0 0 0 0 0 0 0 0 0 0 ]
        [0 0 0 0 0 0 0 0 0 0 0 0 0 0 0 0 ]
        [0 0 0 0 0 0 0 0 0 0 0 0 0 0 0 0 ]
        [0 0 0 0 0 0 0 0 0 0 0 0 0 0 0 0 ]
        [0 0 0 0 0 0 0 0 0 0 0 0 0 0 0 0 ]
        [0 0 0 0 0 0 0 0 0 0 0 0 0 0 0 0 ]
        [0 0 0 0 0 0 0 0 0 0 0 0 0 0 0 0 ]
        [0 0 0 0 0 0 0 0 0 0 0 0 0 0 0 0 ]
        [0 0 0 0 0 0 0 0 0 0 0 0 0 0 0 0 ]
        [0 0 0 0 0 0 0 0 0 0 0 0 0 0 0 0 ]
        [0 0 0 0 0 0 0 0 0 0 0 0 0 0 0 0 ]
        [0 0 0 0 0 0 0 0 0 0 0 0 0 0 0 0 ]
        [0 0 0 0 0 0 0 0 0 0 0 0 0 0 0 0 ]
        [0 0 0 0 0 0 0 0 0 0 0 0 0 0 0 0 ]
        [0 0 0 0 0 0 0 0 0 0 0 0 0 0 0 0 ]
        [0 0 0 0 0 0 0 0 0 0 0 0 0 0 0 0 ]
        [0 0 0 0 0 0 0 0 0 0 0 0 0 0 0 0 ]
        [0 0 0 0 0 0 0 0 0 0 0 0 0 0 0 0 ]
        [0 0 0 0 0 0 0 0 0 0 0 0 0 0 0 0 ]
        [0 0 0 0 0 0 0 0 0 0 0 0 0 0 0 0 ]
        [0 0 0 0 0 0 0 0 0 0 0 0 0 0 0 0 ]
        [0 0 0 0 0 0 0 0 0 0 0 0 0 0 0 0 ]
        [0 0 0 0 0 0 0 0 0 0 0 0 0 0 0 0 ]
        [0 0 0 0 0 0 0 0 0 0 0 0 0 0 0 0 ]
        [0 0 0 0 0 0 0 0 0 0 0 0 0 0 0 0 ]
        [0 0 0 0 0 0 0 0 0 0 0 0 0 0 0 0 ]
        [0 0 0 0 0 0 0 0 0 0 0 0 0 0 0 0 ]
        [0 0 0 0 0 0 0 0 0 0 0 0 0 0 0 0 ]
        [0 0 0 0 0 0 0 0 0 0 0 0 0 0 0 0 ]
        [0 0 0 0 0 0 0 0 0 0 0 0 0 0 0 0 ]
        [0 0 0 0 0 0 0 0 0 0 0 0 0 0 0 0 ]
        [0 0 0 0 0 0 0 0 0 0 0 0 0 0 0 0 ]
        [0 0 0 0 0 0 0 0 0 0 0 0 0 0 0 0 ]
        [0 0 0 0 0 0 0 0 0 0 0 0 0 0 0 0 ]
        [0 0 0 0 0 0 0 0 0 0 0 0 0 0 0 0 ]
        [0 0 0 0 0 0 0 0 0 0 0 0 0 0 0 0 ]
        [0 0 0 0 0 0 0 0 0 0 0 0 0 0 0 0 ]
        [0 0 0 0 0 0 0 0 0 0 0 0 0 0 0 0 ]
        [0 0 0 0 0 0 0 0 0 0 0 0 0 0 0 0 ]
        [0 0 0 0 0 0 0 0 0 0 0 0 0 0 0 0 ]
        [0 0 0 0 0 0 0 0 0 0 0 0 0 0 0 0 ]
        [0 0 0 0 0 0 0 0 0 0 0 0 0 0 0 0 ]
        [0 0 0 0 0 0 0 0 0 0 0 0 0 0 0 0 ]
        [0 0 0 0 0 0 0 0 0 0 0 0 0 0 0 0 ]
        [0 0 0 0 0 0 0 0 0 0 0 0 0 0 0 0 ]
        [0 0 0 0 0 0 0 0 0 0 0 0 0 0 0 0 ]
        [0 0 0 0 0 0 0 0 0 0 0 0 0 0 0 0 ]
        [0 0 0 0 0 0 0 0 0 0 0 0 0 0 0 0 ]
        [0 0 0 0 0 0 0 0 0 0 0 0 0 0 0 0 ]
        [0 0 0 0 0 0 0 0 0 0 0 0 0 0 0 0 ]
        [0 0 0 0 0 0 0 0 0 0 0 0 0 0 0 0 ]
        [0 0 0 0 0 0 0 0 0 0 0 0 0 0 0 0 ]
        [0 0 0 0 0 0 0 0 0 0 0 0 0 0 0 0 ]
        [0 0 0 0 0 0 0 0 0 0 0 0 0 0 0 0 ]
        [0 0 0 0 0 0 0 0 0 0 0 0 0 0 0 0 ]
        [0 0 0 0 0 0 0 0 0 0 0 0 0 0 0 0 ]
        [0 0 0 0 0 0 0 0 0 0 0 0 0 0 0 0 ]
        [0 0 0 0 0 0 0 0 0 0 0 0 0 0 0 0 ]
        [0 0 0 0 0 0 0 0 0 0 0 0 0 0 0 0 ]
        [0 0 0 0 0 0 0 0 0 0 0 0 0 0 0 0 ]
        [0 0 0 0 0 0 0 0 0 0 0 0 0 0 0 0 ]
        [0 0 0 0 0 0 0 0 0 0 0 0 0 0 0 0 ]
        [0 0 0 0 0 0 0 0 0 0 0 0 0 0 0 0 ]
        [0 0 0 0 0 0 0 0 0 0 0 0 0 0 0 0 ]
        [0 0 0 0 0 0 0 0 0 0 0 0 0 0 0 0 ]
        [0 0 0 0 0 0 0 0 0 0 0 0 0 0 0 0 ]
        [0 0 0 0 0 0 0 0 0 0 0 0 0 0 0 0 ]
        [0 0 0 0 0 0 0 0 0 0 0 0 0 0 0 0 ]
        [0 0 0 0 0 0 0 0 0 0 0 0 0 0 0 0 ]
        [0 0 0 0 0 0 0 0 0 0 0 0 0 0 0 0 ]
        [0 0 0 0 0 0 0 0 0 0 0 0 0 0 0 0 ]
        [0 0 0 0 0 0 0 0 0 0 0 0 0 0 0 0 ]
        [0 0 0 0 0 0 0 0 0 0 0 0 0 0 0 0 ]
        [0 0 0 0 0 0 0 0 0 0 0 0 0 0 0 0 ]
        [0 0 0 0 0 0 0 0 0 0 0 0 0 0 0 0 ]
        [0 0 0 0 0 0 0 0 0 0 0 0 0 0 0 0 ]
        [0 0 0 0 0 0 0 0 0 0 0 0 0 0 0 0 ]
        [0 0 0 0 0 0 0 0 0 0 0 0 0 0 0 0 ]
        [0 0 0 0 0 0 0 0 0 0 0 0 0 0 0 0 ]
        [0 0 0 0 0 0 0 0 0 0 0 0 0 0 0 0 ]
        [0 0 0 0 0 0 0 0 0 0 0 0 0 0 0 0 ]
        [0 0 0 0 0 0 0 0 0 0 0 0 0 0 0 0 ]
        [0 0 0 0 0 0 0 0 0 0 0 0 0 0 0 0 ]
        [0 0 0 0 0 0 0 0 0 0 0 0 0 0 0 0 ]
        [0 0 0 0 0 0 0 0 0 0 0 0 0 0 0 0 ]
        [0 0 0 0 0 0 0 0 0 0 0 0 0 0 0 0 ]
        [0 0 0 0 0 0 0 0 0 0 0 0 0 0 0 0 ]
        [0 0 0 0 0 0 0 0 0 0 0 0 0 0 0 0 ]
        [0 0 0 0 0 0 0 0 0 0 0 0 0 0 0 0 ]
        [0 0 0 0 0 0 0 0 0 0 0 0 0 0 0 0 ]
        [0 0 0 0 0 0 0 0 0 0 0 0 0 0 0 0 ]
        [0 0 0 0 0 0 0 0 0 0 0 0 0 0 0 0 ]
        [0 0 0 0 0 0 0 0 0 0 0 0 0 0 0 0 ]
        [0 0 0 0 0 0 0 0 0 0 0 0 0 0 0 0 ]
        [0 0 0 0 0 0 0 0 0 0 0 0 0 0 0 0 ]
        [0 0 0 0 0 0 0 0 0 0 0 0 0 0 0 0 ]
        [0 0 0 0 0 0 0 0 0 0 0 0 0 0 0 0 ]
        [0 0 0 0 0 0 0 0 0 0 0 0 0 0 0 0 ]
        [0 0 0 0 0 0 0 0 0 0 0 0 0 0 0 0 ]
        [0 0 0 0 0 0 0 0 0 0 0 0 0 0 0 0 ]
        [0 0 0 0 0 0 0 0 0 0 0 0 0 0 0 0 ]
        [0 0 0 0 0 0 0 0 0 0 0 0 0 0 0 0 ]
        [0 0 0 0 0 0 0 0 0 0 0 0 0 0 0 0 ]
        [0 0 0 0 0 0 0 0 0 0 0 0 0 0 0 0 ]
        [0 0 0 0 0 0 0 0 0 0 0 0 0 0 0 0 ]
        [0 0 0 0 0 0 0 0 0 0 0 0 0 0 0 0 ]
        [0 0 0 0 0 0 0 0 0 0 0 0 0 0 0 0 ]
        [0 0 0 0 0 0 0 0 0 0 0 0 0 0 0 0 ]
        [0 0 0 0 0 0 0 0 0 0 0 0 0 0 0 0 ]
        [0 0 0 0 0 0 0 0 0 0 0 0 0 0 0 0 ]
        [0 0 0 0 0 0 0 0 0 0 0 0 0 0 0 0 ]
        [0 0 0 0 0 0 0 0 0 0 0 0 0 0 0 0 ]
        [0 0 0 0 0 0 0 0 0 0 0 0 0 0 0 0 ]
        [0 0 0 0 0 0 0 0 0 0 0 0 0 0 0 0 ]
        [0 0 0 0 0 0 0 0 0 0 0 0 0 0 0 0 ]
        [0 0 0 0 0 0 0 0 0 0 0 0 0 0 0 0 ]
        [0 0 0 0 0 0 0 0 0 0 0 0 0 0 0 0 ]
        [0 0 0 0 0 0 0 0 0 0 0 0 0 0 0 0 ]
        [0 0 0 0 0 0 0 0 0 0 0 0 0 0 0 0 ]
        [0 0 0 0 0 0 0 0 0 0 0 0 0 0 0 0 ]
        [0 0 0 0 0 0 0 0 0 0 0 0 0 0 0 0 ]
        [0 0 0 0 0 0 0 0 0 0 0 0 0 0 0 0 ]
        [0 0 0 0 0 0 0 0 0 0 0 0 0 0 0 0 ]
        [0 0 0 0 0 0 0 0 0 0 0 0 0 0 0 0 ]
        [0 0 0 0 0 0 0 0 0 0 0 0 0 0 0 0 ]
        [0 0 0 0 0 0 0 0 0 0 0 0 0 0 0 0 ]
        [0 0 0 0 0 0 0 0 0 0 0 0 0 0 0 0 ]
        [0 0 0 0 0 0 0 0 0 0 0 0 0 0 0 0 ]
        [0 0 0 0 0 0 0 0 0 0 0 0 0 0 0 0 ]
        [0 0 0 0 0 0 0 0 0 0 0 0 0 0 0 0 ]
        [0 0 0 0 0 0 0 0 0 0 0 0 0 0 0 0 ]
        [0 0 0 0 0 0 0 0 0 0 0 0 0 0 0 0 ]
        [0 0 0 0 0 0 0 0 0 0 0 0 0 0 0 0 ]
        [0 0 0 0 0 0 0 0 0 0 0 0 0 0 0 0 ]
        [0 0 0 0 0 0 0 0 0 0 0 0 0 0 0 0 ]
        [0 0 0 0 0 0 0 0 0 0 0 0 0 0 0 0 ]
      com.oplus.vendor.tag.ids (81170018): int32[1436]
        [-2147483648 -2147418112 -2147352576 -2147287040 ]
        [-2147287039 -2147287038 -2147287037 -2147287036 ]
        [-2147287035 -2147287034 -2147287033 -2147287032 ]
        [-2147287031 -2147287030 -2147287029 -2147287028 ]
        [-2147287027 -2147287026 -2147287025 -2147287024 ]
        [-2147287023 -2147287022 -2147287021 -2147287020 ]
        [-2147287019 -2147287018 -2147287017 -2147287016 ]
        [-2147221504 -2147221503 -2147155968 -2147090432 ]
        [-2147090431 -2147090430 -2147090429 -2147090428 ]
        [-2147090427 -2147090426 -2147090425 -2147090424 ]
        [-2147024896 -2147024895 -2147024894 -2147024893 ]
        [-2147024892 -2147024891 -2147024890 -2147024889 ]
        [-2147024888 -2147024887 -2146959360 -2146959359 ]
        [-2146959358 -2146893824 -2146828288 -2146762752 ]
        [-2146697216 -2146631680 -2146631679 -2146566144 ]
        [-2146500608 -2146500607 -2146435072 -2146369536 ]
        [-2146304000 -2146238464 -2146172928 -2146107392 ]
        [-2146041856 -2145976320 -2145910784 -2145845248 ]
        [-2145845247 -2145845246 -2145845245 -2145779712 ]
        [-2145714176 -2145648640 -2145648639 -2145648638 ]
        [-2145648637 -2145648636 -2145648635 -2145648634 ]
        [-2145583104 -2145517568 -2145517567 -2145517566 ]
        [-2145517565 -2145517564 -2145517563 -2145517562 ]
        [-2145517561 -2145452032 -2145452031 -2145386496 ]
        [-2145386495 -2145386494 -2145386493 -2145386492 ]
        [-2145386491 -2145386490 -2145386489 -2145386488 ]
        [-2145386487 -2145386486 -2145386485 -2145386484 ]
        [-2145386483 -2145386482 -2145386481 -2145386480 ]
        [-2145386479 -2145386478 -2145386477 -2145386476 ]
        [-2145386475 -2145386474 -2145386473 -2145386472 ]
        [-2145386471 -2145386470 -2145386469 -2145386468 ]
        [-2145386467 -2145386466 -2145386465 -2145386464 ]
        [-2145386463 -2145386462 -2145386461 -2145386460 ]
        [-2145386459 -2145386458 -2145386457 -2145386456 ]
        [-2145386455 -2145386454 -2145386453 -2145386452 ]
        [-2145386451 -2145386450 -2145386449 -2145386448 ]
        [-2145386447 -2145386446 -2145386445 -2145386444 ]
        [-2145386443 -2145386442 -2145386441 -2145386440 ]
        [-2145386439 -2145386438 -2145386437 -2145386436 ]
        [-2145386435 -2145386434 -2145386433 -2145386432 ]
        [-2145386431 -2145386430 -2145386429 -2145386428 ]
        [-2145386427 -2145386426 -2145386425 -2145320960 ]
        [-2145255424 -2145189888 -2145189887 -2145189886 ]
        [-2145189885 -2145189884 -2145189883 -2145189882 ]
        [-2145189881 -2145189880 -2145189879 -2145189878 ]
        [-2145124352 -2145058816 -2145058815 -2145058814 ]
        [-2145058813 -2145058812 -2144993280 -2144927744 ]
        [-2144862208 -2144862207 -2144862206 -2144862205 ]
        [-2144862204 -2144862203 -2144862202 -2144862201 ]
        [-2144862200 -2144796672 -2144731136 -2144665600 ]
        [-2144665599 -2144665598 -2144665597 -2144600064 ]
        [-2144600063 -2144534528 -2144468992 -2144403456 ]
        [-2144403455 -2144403454 -2144403453 -2144403452 ]
        [-2144403451 -2144337920 -2144272384 -2144206848 ]
        [-2144141312 -2144075776 -2144010240 -2143944704 ]
        [-2143879168 -2143813632 -2143813631 -2143813630 ]
        [-2143748096 -2143682560 -2143617024 -2143617023 ]
        [-2143617022 -2143617021 -2143551488 -2143485952 ]
        [-2143420416 -2143354880 -2143354879 -2143354878 ]
        [-2143289344 -2143289343 -2143289342 -2143289341 ]
        [-2143289340 -2143289339 -2143289338 -2143289337 ]
        [-2143289336 -2143289335 -2143289334 -2143223808 ]
        [-2143158272 -2143092736 -2143027200 -2142961664 ]
        [-2142961663 -2142961662 -2142961661 -2142961660 ]
        [-2142961659 -2142961658 -2142961657 -2142961656 ]
        [-2142961655 -2142961654 -2142961653 -2142961652 ]
        [-2142896128 -2142830592 -2142830591 -2142830590 ]
        [-2142830589 -2142830588 -2142830587 -2142830586 ]
        [-2142765056 -2142699520 -2142633984 -2142568448 ]
        [-2142502912 -2142502911 -2142437376 -2142437375 ]
        [-2142437374 -2142437373 -2142437372 -2142437371 ]
        [-2142437370 -2142437369 -2142437368 -2142437367 ]
        [-2142437366 -2142437365 -2142371840 -2142306304 ]
        [-2142306303 -2142240768 -2142240767 -2142240766 ]
        [-2142240765 -2142175232 -2142109696 -2142044160 ]
        [-2141978624 -2141913088 -2141913087 -2141913086 ]
        [-2141913085 -2141847552 -2141847551 -2141847550 ]
        [-2141847549 -2141847548 -2141847547 -2141847546 ]
        [-2141847545 -2141847544 -2141782016 -2141782015 ]
        [-2141782014 -2141782013 -2141782012 -2141782011 ]
        [-2141782010 -2141782009 -2141782008 -2141782007 ]
        [-2141782006 -2141782005 -2141716480 -2141716479 ]
        [-2141716478 -2141716477 -2141716476 -2141716475 ]
        [-2141716474 -2141716473 -2141716472 -2141716471 ]
        [-2141716470 -2141716469 -2141716468 -2141716467 ]
        [-2141716466 -2141716465 -2141716464 -2141716463 ]
        [-2141716462 -2141716461 -2141716460 -2141650944 ]
        [-2141650943 -2141650942 -2141650941 -2141585408 ]
        [-2141585407 -2141585406 -2141585405 -2141519872 ]
        [-2141519871 -2141454336 -2141454335 -2141454334 ]
        [-2141454333 -2141454332 -2141454331 -2141454330 ]
        [-2141454329 -2141454328 -2141454327 -2141454326 ]
        [-2141454325 -2141388800 -2141388799 -2141388798 ]
        [-2141388797 -2141388796 -2141388795 -2141388794 ]
        [-2141388793 -2141388792 -2141388791 -2141388790 ]
        [-2141388789 -2141388788 -2141388787 -2141388786 ]
        [-2141388785 -2141388784 -2141388783 -2141388782 ]
        [-2141388781 -2141388780 -2141388779 -2141388778 ]
        [-2141388777 -2141388776 -2141388775 -2141388774 ]
        [-2141388773 -2141388772 -2141388771 -2141388770 ]
        [-2141323264 -2141323263 -2141323262 -2141323261 ]
        [-2141323260 -2141323259 -2141323258 -2141323257 ]
        [-2141323256 -2141323255 -2141323254 -2141257728 ]
        [-2141257727 -2141257726 -2141257725 -2141257724 ]
        [-2141257723 -2141257722 -2141257721 -2141257720 ]
        [-2141257719 -2141257718 -2141257717 -2141257716 ]
        [-2141257715 -2141257714 -2141257713 -2141257712 ]
        [-2141257711 -2141257710 -2141257709 -2141257708 ]
        [-2141257707 -2141257706 -2141257705 -2141257704 ]
        [-2141257703 -2141257702 -2141257701 -2141257700 ]
        [-2141257699 -2141192192 -2141192191 -2141192190 ]
        [-2141192189 -2141192188 -2141192187 -2141192186 ]
        [-2141192185 -2141192184 -2141126656 -2141126655 ]
        [-2141126654 -2141126653 -2141126652 -2141126651 ]
        [-2141126650 -2141126649 -2141126648 -2141126647 ]
        [-2141126646 -2141126645 -2141126644 -2141126643 ]
        [-2141061120 -2140995584 -2140930048 -2140864512 ]
        [-2140798976 -2140733440 -2140667904 -2140602368 ]
        [-2140602367 -2140602366 -2140536832 -2140471296 ]
        [-2140471295 -2140471294 -2140471293 -2140471292 ]
        [-2140405760 -2140405759 -2140405758 -2140405757 ]
        [-2140405756 -2140340224 -2140340223 -2140340222 ]
        [-2140274688 -2140274687 -2140274686 -2140274685 ]
        [-2140209152 -2140143616 -2140078080 -2140078079 ]
        [-2140078078 -2140078077 -2140078076 -2140012544 ]
        [-2139947008 -2139947007 -2139947006 -2139881472 ]
        [-2139815936 -2139815935 -2139815934 -2139815933 ]
        [-2139750400 -2139684864 -2139684863 -2139684862 ]
        [-2139684861 -2139619328 -2139619327 -2139619326 ]
        [-2139619325 -2139553792 -2139553791 -2139553790 ]
        [-2139553789 -2139488256 -2139488255 -2139488254 ]
        [-2139488253 -2139488252 -2139488251 -2139488250 ]
        [-2139488249 -2139488248 -2139488247 -2139422720 ]
        [-2139422719 -2139357184 -2139357183 -2139291648 ]
        [-2139291647 -2139226112 -2139226111 -2139160576 ]
        [-2139160575 -2139095040 -2139095039 -2139095038 ]
        [-2139095037 -2139095036 -2139095035 -2139095034 ]
        [-2139095033 -2139095032 -2139095031 -2139095030 ]
        [-2139095029 -2139029504 -2139029503 -2139029502 ]
        [-2138963968 -2138963967 -2138963966 -2138898432 ]
        [-2138898431 -2138898430 -2138898429 -2138832896 ]
        [-2138767360 -2138767359 -2138701824 -2138701823 ]
        [-2138701822 -2138701821 -2138636288 -2138636287 ]
        [-2138636286 -2138636285 -2138636284 -2138636283 ]
        [-2138636282 -2138636281 -2138636280 -2138636279 ]
        [-2138636278 -2138636277 -2138636276 -2138636275 ]
        [-2138636274 -2138636273 -2138636272 -2138636271 ]
        [-2138636270 -2138636269 -2138636268 -2138636267 ]
        [-2138636266 -2138636265 -2138636264 -2138636263 ]
        [-2138636262 -2138636261 -2138636260 -2138636259 ]
        [-2138636258 -2138636257 -2138570752 -2138570751 ]
        [-2138570750 -2138570749 -2138570748 -2138570747 ]
        [-2138570746 -2138570745 -2138570744 -2138570743 ]
        [-2138570742 -2138505216 -2138505215 -2138505214 ]
        [-2138439680 -2138439679 -2138374144 -2138308608 ]
        [-2138308607 -2138308606 -2138308605 -2138308604 ]
        [-2138308603 -2138243072 -2138177536 -2138112000 ]
        [-2138111999 -2138111998 -2138046464 -2138046463 ]
        [-2137980928 -2137915392 -2137915391 -2137849856 ]
        [-2137849855 -2137849854 -2137849853 -2137784320 ]
        [-2137784319 -2137718784 -2137653248 -2137587712 ]
        [-2137522176 -2137522175 -2137456640 -2137391104 ]
        [-2137391103 -2137325568 -2137260032 -2137260031 ]
        [-2137194496 -2137194495 -2137194494 -2137194493 ]
        [-2137128960 -2137128959 -2137063424 -2137063423 ]
        [-2137063422 -2136997888 -2136932352 -2136866816 ]
        [-2136801280 -2136735744 -2136670208 -2136604672 ]
        [-2136539136 -2136539135 -2136473600 -2136473599 ]
        [-2136408064 -2136342528 -2136342527 -2136342526 ]
        [-2136276992 -2136276991 -2136276990 -2136276989 ]
        [-2136211456 -2136145920 -2136080384 -2136014848 ]
        [-2136014847 -2136014846 -2136014845 -2136014844 ]
        [-2136014843 -2135949312 -2135883776 -2135883775 ]
        [-2135883774 -2135818240 -2135818239 -2135818238 ]
        [-2135818237 -2135818236 -2135818235 -2135752704 ]
        [-2135752703 -2135752702 -2135752701 -2135687168 ]
        [-2135621632 -2135556096 -2135556095 -2135556094 ]
        [-2135556093 -2135556092 -2135490560 -2135425024 ]
        [-2135359488 -2135293952 -2135293951 -2135293950 ]
        [-2135293949 -2135228416 -2135162880 -2135162879 ]
        [-2135097344 -2135097343 -2135097342 -2135031808 ]
        [-2135031807 -2134966272 -2134900736 -2134900735 ]
        [-2134900734 -2134900733 -2134900732 -2134835200 ]
        [-2134835199 -2134835198 -2134835197 -2134835196 ]
        [-2134835195 -2134835194 -2134835193 -2134835192 ]
        [-2134835191 -2134835190 -2134835189 -2134835188 ]
        [-2134835187 -2134835186 -2134835185 -2134835184 ]
        [-2134835183 -2134835182 -2134835181 -2134835180 ]
        [-2134835179 -2134835178 -2134835177 -2134835176 ]
        [-2134835175 -2134835174 -2134835173 -2134835172 ]
        [-2134835171 -2134835170 -2134835169 -2134835168 ]
        [-2134835167 -2134835166 -2134835165 -2134835164 ]
        [-2134835163 -2134835162 -2134835161 -2134835160 ]
        [-2134835159 -2134835158 -2134835157 -2134835156 ]
        [-2134835155 -2134835154 -2134835153 -2134835152 ]
        [-2134835151 -2134835150 -2134769664 -2134704128 ]
        [-2134704127 -2134638592 -2134638591 -2134638590 ]
        [-2134638589 -2134638588 -2134573056 -2134573055 ]
        [-2134573054 -2134573053 -2134573052 -2134573051 ]
        [-2134573050 -2134507520 -2134507519 -2134507518 ]
        [-2134507517 -2134507516 -2134507515 -2134507514 ]
        [-2134507513 -2134507512 -2134507511 -2134507510 ]
        [-2134507509 -2134441984 -2134441983 -2134376448 ]
        [-2134376447 -2134376446 -2134310912 -2134310911 ]
        [-2134310910 -2134310909 -2134310908 -2134310907 ]
        [-2134310906 -2134310905 -2134310904 -2134310903 ]
        [-2134310902 -2134310901 -2134310900 -2134310899 ]
        [-2134310898 -2134310897 -2134310896 -2134310895 ]
        [-2134310894 -2134310893 -2134245376 -2134179840 ]
        [-2134114304 -2134048768 -2133983232 -2133917696 ]
        [-2133852160 -2133786624 -2133721088 -2133655552 ]
        [-2133590016 -2133524480 -2133458944 -2133393408 ]
        [-2133393407 -2133327872 -2133262336 -2133262335 ]
        [-2133196800 -2133196799 -2133131264 -2133131263 ]
        [-2133065728 -2133065727 -2133065726 -2133065725 ]
        [-2133000192 -2133000191 -2132934656 -2132934655 ]
        [-2132934654 -2132934653 -2132934652 -2132934651 ]
        [-2132934650 -2132934649 -2132934648 -2132869120 ]
        [-2132803584 -2132803583 -2132803582 -2132803581 ]
        [-2132803580 -2132738048 -2132738047 -2132672512 ]
        [-2132672511 -2132672510 -2132606976 -2132606975 ]
        [-2132606974 -2132541440 -2132541439 -2132475904 ]
        [-2132410368 -2132344832 -2132279296 -2132279295 ]
        [-2132279294 -2132279293 -2132213760 -2132148224 ]
        [-2132082688 -2132082687 -2132082686 -2132017152 ]
        [-2131951616 -2131951615 -2131886080 -2131886079 ]
        [-2131886078 -2131886077 -2131820544 -2131755008 ]
        [-2131755007 -2131689472 -2131623936 -2131623935 ]
        [-2131558400 -2131492864 -2131427328 -2131361792 ]
        [-2131296256 -2131230720 -2131165184 -2131165183 ]
        [-2131165182 -2131165181 -2131165180 -2131165179 ]
        [-2131099648 -2131034112 -2130968576 -2130968575 ]
        [-2130903040 -2130837504 -2130771968 -2130706432 ]
        [-2130640896 -2130575360 -2130509824 -2130509823 ]
        [-2130509822 -2130444288 -2130378752 -2130378751 ]
        [-2130378750 -2130313216 -2130313215 -2130313214 ]
        [-2130313213 -2130313212 -2130313211 -2130313210 ]
        [-2130313209 -2130313208 -2130313207 -2130313206 ]
        [-2130313205 -2130313204 -2130247680 -2130247679 ]
        [-2130247678 -2130247677 -2130247676 -2130247675 ]
        [-2130247674 -2130247673 -2130247672 -2130182144 ]
        [-2130182143 -2130182142 -2130116608 -2130116607 ]
        [-2130116606 -2130051072 -2129985536 -2129920000 ]
        [-2129854464 -2129788928 -2129723392 -2129723391 ]
        [-2129723390 -2129723389 -2129657856 -2129657855 ]
        [-2129657854 -2129657853 -2129657852 -2129657851 ]
        [-2129657850 -2129657849 -2129657848 -2129592320 ]
        [-2129592319 -2129526784 -2129526783 -2129526782 ]
        [-2129526781 -2129526780 -2129526779 -2129526778 ]
        [-2129526777 -2129526776 -2129526775 -2129526774 ]
        [-2129461248 -2129461247 -2129395712 -2129395711 ]
        [-2129330176 -2129264640 -2129199104 -2129199103 ]
        [-2129199102 -2129199101 -2129199100 -2129199099 ]
        [-2129199098 -2129199097 -2129199096 -2129199095 ]
        [-2129199094 -2129199093 -2129199092 -2129199091 ]
        [-2129199090 -2129199089 -2129199088 -2129199087 ]
        [-2129199086 -2129199085 -2129199084 -2129199083 ]
        [-2129199082 -2129199081 -2129199080 -2129199079 ]
        [-2129199078 -2129199077 -2129199076 -2129199075 ]
        [-2129199074 -2129199073 -2129199072 -2129199071 ]
        [-2129199070 -2129199069 -2129199068 -2129199067 ]
        [-2129199066 -2129199065 -2129199064 -2129199063 ]
        [-2129199062 -2129199061 -2129199060 -2129199059 ]
        [-2129199058 -2129199057 -2129199056 -2129199055 ]
        [-2129199054 -2129199053 -2129199052 -2129199051 ]
        [-2129199050 -2129199049 -2129199048 -2129199047 ]
        [-2129199046 -2129199045 -2129199044 -2129199043 ]
        [-2129199042 -2129199041 -2129199040 -2129199039 ]
        [-2129199038 -2129199037 -2129199036 -2129199035 ]
        [-2129199034 -2129199033 -2129199032 -2129199031 ]
        [-2129199030 -2129199029 -2129199028 -2129199027 ]
        [-2129199026 -2129199025 -2129199024 -2129199023 ]
        [-2129199022 -2129199021 -2129199020 -2129199019 ]
        [-2129199018 -2129199017 -2129199016 -2129199015 ]
        [-2129199014 -2129199013 -2129199012 -2129199011 ]
        [-2129199010 -2129199009 -2129199008 -2129199007 ]
        [-2129199006 -2129199005 -2129199004 -2129199003 ]
        [-2129199002 -2129199001 -2129199000 -2129198999 ]
        [-2129198998 -2129198997 -2129198996 -2129198995 ]
        [-2129198994 -2129198993 -2129198992 -2129198991 ]
        [-2129198990 -2129198989 -2129198988 -2129198987 ]
        [-2129198986 -2129198985 -2129198984 -2129198983 ]
        [-2129198982 -2129198981 -2129198980 -2129198979 ]
        [-2129198978 -2129198977 -2129198976 -2129198975 ]
        [-2129198974 -2129198973 -2129198972 -2129198971 ]
        [-2129198970 -2129198969 -2129198968 -2129198967 ]
        [-2129198966 -2129198965 -2129198964 -2129198963 ]
        [-2129198962 -2129198961 -2129198960 -2129198959 ]
        [-2129198958 -2129198957 -2129198956 -2129198955 ]
        [-2129198954 -2129198953 -2129198952 -2129198951 ]
        [-2129198950 -2129198949 -2129198948 -2129198947 ]
        [-2129198946 -2129198945 -2129198944 -2129198943 ]
        [-2129198942 -2129198941 -2129198940 -2129198939 ]
        [-2129198938 -2129198937 -2129198936 -2129198935 ]
        [-2129198934 -2129198933 -2129198932 -2129198931 ]
        [-2129198930 -2129198929 -2129198928 -2129198927 ]
        [-2129198926 -2129198925 -2129198924 -2129198923 ]
        [-2129198922 -2129198921 -2129198920 -2129198919 ]
        [-2129198918 -2129198917 -2129198916 -2129198915 ]
        [-2129198914 -2129198913 -2129198912 -2129198911 ]
        [-2129198910 -2129198909 -2129198908 -2129198907 ]
        [-2129198906 -2129198905 -2129198904 -2129198903 ]
        [-2129198902 -2129198901 -2129198900 -2129198899 ]
        [-2129198898 -2129198897 -2129198896 -2129198895 ]
        [-2129198894 -2129198893 -2129198892 -2129198891 ]
        [-2129198890 -2129198889 -2129198888 -2129198887 ]
        [-2129198886 -2129198885 -2129198884 -2129198883 ]
        [-2129198882 -2129198881 -2129198880 -2129198879 ]
        [-2129198878 -2129198877 -2129198876 -2129198875 ]
        [-2129198874 -2129198873 -2129198872 -2129198871 ]
        [-2129198870 -2129198869 -2129198868 -2129198867 ]
        [-2129198866 -2129198865 -2129198864 -2129198863 ]
        [-2129198862 -2129198861 -2129198860 -2129198859 ]
        [-2129198858 -2129198857 -2129198856 -2129198855 ]
        [-2129198854 -2129198853 -2129198852 -2129198851 ]
        [-2129198850 -2129198849 -2129198848 -2129198847 ]
        [-2129198846 -2129198845 -2129198844 -2129198843 ]
        [-2129198842 -2129198841 -2129198840 -2129198839 ]
        [-2129198838 -2129198837 -2129198836 -2129198835 ]
        [-2129198834 -2129198833 -2129198832 -2129198831 ]
        [-2129198830 -2129198829 -2129198828 -2129198827 ]
        [-2129198826 -2129198825 -2129198824 -2129198823 ]
        [-2129198822 -2129198821 -2129198820 -2129198819 ]
        [-2129198818 -2129198817 -2129198816 -2129198815 ]
        [-2129198814 -2129198813 -2129198812 -2129198811 ]
        [-2129198810 -2129198809 -2129198808 -2129198807 ]
        [-2129198806 -2129198805 -2129198804 -2129198803 ]
        [-2129198802 -2129198801 -2129198800 -2129198799 ]
        [-2129198798 -2129198797 -2129198796 -2129198795 ]
        [-2129198794 -2129198793 -2129198792 -2129198791 ]
        [-2129198790 -2129198789 -2129198788 -2129198787 ]
        [-2129198786 -2129198785 -2129198784 -2129198783 ]
        [-2129198782 -2129198781 -2129198780 -2129198779 ]
        [-2129198778 -2129198777 -2129198776 -2129198775 ]
        [-2129198774 -2129198773 -2129198772 -2129198771 ]
        [-2129198770 -2129198769 -2129198768 -2129198767 ]
        [-2129198766 -2129198765 -2129198764 -2129198763 ]
        [-2129198762 -2129198761 -2129198760 -2129198759 ]
        [-2129198758 -2129198757 -2129198756 -2129198755 ]
        [-2129198754 -2129198753 -2129198752 -2129198751 ]
        [-2129198750 -2129198749 -2129198748 -2129198747 ]
        [-2129198746 -2129198745 -2129198744 -2129198743 ]
        [-2129198742 -2129198741 -2129198740 -2129198739 ]
        [-2129198738 -2129198737 -2129198736 -2129198735 ]
        [-2129198734 -2129198733 -2129198732 -2129198731 ]
        [-2129198730 -2129198729 -2129198728 -2129198727 ]
        [-2129198726 -2129198725 -2129198724 -2129198723 ]
        [-2129198722 -2129198721 -2129198720 -2129198719 ]
        [-2129198718 -2129198717 -2129198716 -2129198715 ]
        [-2129198714 -2129198713 -2129198712 -2129198711 ]
        [-2129198710 -2129198709 -2129198708 -2129198707 ]
        [-2129198706 -2129198705 -2129198704 -2129198703 ]
        [-2129198702 -2129198701 -2129198700 -2129198699 ]
        [-2129198698 -2129198697 -2129198696 -2129198695 ]
        [-2129198694 -2129198693 -2129198692 -2129198691 ]
        [-2129198690 -2129198689 -2129198688 -2129198687 ]
        [-2129198686 -2129198685 -2129198684 -2129198683 ]
        [-2129198682 -2129198681 -2129198680 -2129198679 ]
        [-2129198678 -2129198677 -2129198676 -2129133568 ]
      android.colorCorrection.availableAberrationModes (00004): byte[3]
        [0 1 2 ]
      android.colorCorrection.availableModes (00008): byte[4]
        [0 1 2 3 ]
      android.colorCorrection.colorTemperatureRange (00007): int32[2]
        [1500 10000 ]
      android.control.aeAvailableAntibandingModes (10012): byte[4]
        [0 1 2 3 ]
      android.control.aeAvailableModes (10013): byte[2]
        [0 1 ]
      android.control.aeAvailableTargetFpsRanges (10014): int32[22]
        [15 15 15 20 ]
        [10 22 15 24 ]
        [24 24 10 30 ]
        [15 30 20 30 ]
        [30 30 15 60 ]
        [60 60 ]
      android.control.aeCompensationRange (10015): int32[2]
        [-18 18 ]
      android.control.aeCompensationStep (10016): rational[1]
        [(1 / 6) ]
      android.control.afAvailableModes (10017): byte[1]
        [0 ]
      android.control.availableEffects (10018): byte[8]
        [0 2 3 4 5 8 7 6 ]
      android.control.availableSceneModes (10019): byte[16]
        [0 1 2 3 4 5 6 7 8 9 10 12 13 14 15 18 ]
      android.control.availableVideoStabilizationModes (1001a): byte[3]
        [0 1 2 ]
      android.control.awbAvailableModes (1001b): byte[9]
        [1 2 3 4 5 6 7 8 0 ]
      android.control.maxRegions (1001c): int32[3]
        [1 0 0 ]
      android.control.sceneModeOverrides (1001d): byte[48]
        [1 1 0 1 1 0 1 1 0 1 1 0 1 1 0 1 ]
        [1 0 1 1 0 1 1 0 1 1 0 1 1 0 1 1 ]
        [0 1 1 0 1 1 0 1 1 0 1 1 0 1 1 0 ]
      android.control.aeLockAvailable (10024): byte[1]
        [TRUE ]
      android.control.awbLockAvailable (10025): byte[1]
        [TRUE ]
      android.control.availableModes (10026): byte[3]
        [0 1 2 ]
      android.control.postRawSensitivityBoostRange (10027): int32[2]
        [100 3199 ]
      android.control.zoomRatioRange (1002e): float[2]
        [1.00000000 10.00000000 ]
      android.control.availableSettingsOverrides (10035): int32[1]
        [0 ]
      android.control.aeAvailablePriorityModes (1003e): byte[3]
        [0 1 2 ]
      android.edge.availableEdgeModes (30002): byte[4]
        [1 2 0 3 ]
      android.flash.info.available (50000): byte[1]
        [FALSE ]
      android.hotPixel.availableHotPixelModes (60001): byte[3]
        [0 1 2 ]
      android.jpeg.availableThumbnailSizes (70007): int32[30]
        [0 0 176 144 ]
        [213 160 240 144 ]
        [256 144 240 160 ]
        [256 154 246 184 ]
        [250 188 352 160 ]
        [240 240 400 180 ]
        [320 240 375 282 ]
        [528 562 ]
      android.jpeg.maxSize (70008): int32[1]
        [7540768 ]
      android.lens.info.availableApertures (90000): float[1]
        [2.40000010 ]
      android.lens.info.availableFilterDensities (90001): float[1]
        [0.00000000 ]
      android.lens.info.availableFocalLengths (90002): float[1]
        [1.88000000 ]
      android.lens.info.availableOpticalStabilization (90003): byte[1]
        [0 ]
      android.lens.info.hyperfocalDistance (90004): float[1]
        [0.86917156 ]
      android.lens.info.minimumFocusDistance (90005): float[1]
        [0.00000000 ]
      android.lens.info.shadingMapSize (90006): int32[2]
        [17 13 ]
      android.lens.info.focusDistanceCalibration (90007): byte[1]
        [APPROXIMATE ]
      android.lens.facing (80005): byte[1]
        [FRONT ]
      android.noiseReduction.availableNoiseReductionModes (a0002): byte[5]
        [0 1 2 3 4 ]
      android.request.maxNumOutputStreams (c0006): int32[3]
        [1 3 2 ]
      android.request.maxNumInputStreams (c0008): int32[1]
        [1 ]
      android.request.pipelineMaxDepth (c000a): byte[1]
        [8 ]
      android.request.partialResultCount (c000b): int32[1]
        [2 ]
      android.request.availableCapabilities (c000c): byte[12]
        [BACKWARD_COMPATIBLE RAW YUV_REPROCESSING PRIVATE_REPROCESSING READ_SENSOR_SETTINGS MANUAL_SENSOR BURST_CAPTURE MANUAL_POST_PROCESSING STREAM_USE_CASE DYNAMIC_RANGE_TEN_BIT COLOR_SPACE_PROFILES SYSTEM_CAMERA ]
      android.request.availableRequestKeys (c000d): int32[146]
        [0 (mode) 1 (transform) 2 (gains) 3 (aberrationMode) ]
        [5 (colorTemperature) 6 (colorTint) 65536 (aeAntibandingMode) 65537 (aeExposureCompensation) ]
        [65538 (aeLock) 65539 (aeMode) 65540 (aeRegions) 65541 (aeTargetFpsRange) ]
        [65542 (aePrecaptureTrigger) 65543 (afMode) 65545 (afTrigger) 65546 (awbLock) ]
        [65547 (awbMode) 65549 (captureIntent) 65550 (effectMode) 65551 (mode) ]
        [65552 (sceneMode) 65553 (videoStabilizationMode) 65576 (postRawSensitivityBoost) 65583 (zoomRatio) ]
        [65577 (enableZsl) 65585 (afRegionsSet) 65586 (aeRegionsSet) 65587 (awbRegionsSet) ]
        [65588 (settingsOverride) 65595 (lowLightBoostState) 65597 (aePriorityMode) 196608 (mode) ]
        [262146 (mode) 262150 (strengthLevel) 393216 (mode) 458752 (gpsCoordinates) ]
        [458753 (gpsProcessingMethod) 458754 (gpsTimestamp) 458755 (orientation) 458756 (quality) ]
        [458757 (thumbnailQuality) 458758 (thumbnailSize) 524288 (aperture) 524289 (filterDensity) ]
        [524290 (focalLength) 524291 (focusDistance) 524292 (opticalStabilizationMode) 655360 (mode) ]
        [786433 (id) 851968 (cropRegion) 851985 (rotateAndCrop) 851995 (rawCropRegion) ]
        [917504 (exposureTime) 917505 (frameDuration) 917506 (sensitivity) 917520 (timestamp) ]
        [917527 (testPatternData) 917528 (testPatternMode) 917532 (dynamicBlackLevel) 917533 (dynamicWhiteLevel) ]
        [917537 (rawBinningFactorUsed) 1048576 (mode) 1114112 (faceDetectMode) 1114115 (hotPixelMapMode) ]
        [1114128 (lensShadingMapMode) 1245184 (curveBlue) 1245185 (curveGreen) 1245186 (curveRed) ]
        [1245187 (mode) 1441792 (lock) 524301 (distortion) 524294 (poseRotation) ]
        [524295 (poseTranslation) 524298 (intrinsicCalibration) 524302 (distortionMaximumResolution) 524303 (intrinsicCalibrationMaximumResolution) ]
        [-2129198864 (engineercamera.agingtest.mode.select) -2129199099 (is.sdk.camera.package) -2129198756 (light.sensor.lux) -2129198998 (original.zoomRatio) ]
        [-2129198900 (camera.is.from.main.menu) -2129198684 (camera.watermark.video.enable) -2129198683 (camera.watermark.video.hal.enable) -2129198898 (makeup.state) ]
        [-2129198960 (video.stabilization.mode) -2129198956 (dualscene.master) -2129198959 (camera.3a.sync.debug) -2129198886 (underwater.mode.enable) ]
        [-2129198686 (macro.closeup.enable) -2129199007 (camera.mode) -2129199006 (snapshot.rawformat) -2129198678 (finefood.mode.enable) ]
        [-2129198676 (gr.mode.enable) 917528 (testPatternMode) -2145386495 (enableMFNR) -2145386496 (overrideResourceCostValidation) ]
        [-2145386492 (numPCRsBeforeStreamOn) -2145386488 (dynamicFPSConfig) -2145386487 (RawCbSourceType) -2145386483 (enableQLL) ]
        [-2145386486 (ExtendedMaxZoom) -2145386485 (EnableVSR) -2145386447 (EnableVIULL) -2145386484 (enableMCTFwithReferenceFrame) ]
        [-2145386480 (contour_version) -2145386479 (enableStatsVisualizer) -2145386477 (EnableInsensorZoom) -2145386475 (EnableAutoHDR) ]
        [-2145386494 (HDRMode) -2145386493 (SnapshotHDRMode) -2145386473 (numHDRexposure) -2145386472 (EnableHDRDCGMode) ]
        [-2145386471 (HDRModePreference) -2145386470 (EnableAFBracketing) -2145386469 (InduceEventType) -2145386468 (InduceErrorType) ]
        [-2145386467 (InduceSessionName) -2145386466 (InducePipelineName) -2145386465 (InduceNodeName) -2145386464 (InducePortId) ]
        [-2145386463 (InduceRequestId) -2145386462 (InduceErrorCode) -2145386461 (InduceDelayTime) -2145386460 (InduceKMDNotifyType) ]
        [-2145386455 (EnableSalinet) -2145386448 (BlurMode) -2145386443 (EnableXCFAOptimization) -2145386439 (EnableCinematicMode) ]
        [-2145386459 (enableSecureMode) -2145386458 (SecureAttestationMode) -2145386457 (EnableAFFocusMap) -2145386456 (EnableIdealRAW) ]
        [-2145386450 (AICameraMode) -2145386444 (HorizonLevelControl) -2145386442 (ExtraPreviewMaxBuffers) -2145386441 (EnableOfflineHALZSL) ]
        [-2145386445 (HALOutputBufferCombined) -2145386438 (EISMode) -2145386435 (DepthMode) -2145386449 (EnableAICameraHSR) ]
        [-2145386427 (EnableSportHDRMode) -2145386425 (EnableVAI) 65543 (afMode) 65545 (afTrigger) ]
        [65568 (afState) 65596 (zoomMethod) ]
      android.request.availableResultKeys (c000e): int32[80]
        [0 (mode) 1 (transform) 2 (gains) 5 (colorTemperature) ]
        [6 (colorTint) 65539 (aeMode) 65540 (aeRegions) 65543 (afMode) ]
        [65544 (afRegions) 65545 (afTrigger) 65547 (awbMode) 65551 (mode) ]
        [65567 (aeState) 65568 (afState) 65570 (awbState) 65576 (postRawSensitivityBoost) ]
        [65577 (enableZsl) 65583 (zoomRatio) 65585 (afRegionsSet) 65586 (aeRegionsSet) ]
        [65587 (awbRegionsSet) 65588 (settingsOverride) 65590 (settingsOverridingFrameNumber) 65597 (aePriorityMode) ]
        [196608 (mode) 262146 (mode) 262149 (state) 458752 (gpsCoordinates) ]
        [458753 (gpsProcessingMethod) 458754 (gpsTimestamp) 458755 (orientation) 458756 (quality) ]
        [458757 (thumbnailQuality) 458758 (thumbnailSize) 524288 (aperture) 524289 (filterDensity) ]
        [524290 (focalLength) 524291 (focusDistance) 524292 (opticalStabilizationMode) 524294 (poseRotation) ]
        [524295 (poseTranslation) 524296 (focusRange) 524297 (state) 524298 (intrinsicCalibration) ]
        [524301 (distortion) 524302 (distortionMaximumResolution) 524303 (intrinsicCalibrationMaximumResolution) 655360 (mode) ]
        [786433 (id) 851968 (cropRegion) 851985 (rotateAndCrop) 851995 (rawCropRegion) ]
        [917504 (exposureTime) 917505 (frameDuration) 917506 (sensitivity) 917520 (timestamp) ]
        [917522 (neutralColorPoint) 917523 (noiseProfile) 917525 (profileToneCurve) 917526 (greenSplit) ]
        [917527 (testPatternData) 917528 (testPatternMode) 917532 (dynamicBlackLevel) 917533 (dynamicWhiteLevel) ]
        [917536 (pixelMode) 917537 (rawBinningFactorUsed) 1048576 (mode) 1114112 (faceDetectMode) ]
        [1114118 (faceRectangles) 1114119 (faceScores) 1114121 (sharpnessMap) 1114124 (predictedColorGains) ]
        [1114125 (predictedColorTransform) 1114126 (sceneFlicker) 1245184 (curveBlue) 1245185 (curveGreen) ]
        [1245186 (curveRed) 1245187 (mode) 1441792 (lock) 65596 (zoomMethod) ]
      android.request.availableCharacteristicsKeys (c000f): int32[144]
        [4 (availableAberrationModes) 8 (availableModes) 7 (colorTemperatureRange) 65554 (aeAvailableAntibandingModes) ]
        [65555 (aeAvailableModes) 65556 (aeAvailableTargetFpsRanges) 65557 (aeCompensationRange) 65558 (aeCompensationStep) ]
        [65559 (afAvailableModes) 65560 (availableEffects) 65561 (availableSceneModes) 65562 (availableVideoStabilizationModes) ]
        [65563 (awbAvailableModes) 65564 (maxRegions) 65565 (sceneModeOverrides) 65571 (availableHighSpeedVideoConfigurations) ]
        [65572 (aeLockAvailable) 65573 (awbLockAvailable) 65574 (availableModes) 65575 (postRawSensitivityBoostRange) ]
        [65577 (enableZsl) 65582 (zoomRatioRange) 65589 (availableSettingsOverrides) 65584 (availableHighSpeedVideoConfigurationsMaximumResolution) ]
        [65598 (aeAvailablePriorityModes) 1638402 (availableDepthMinFrameDurations) 1638401 (availableDepthStreamConfigurations) 1638403 (availableDepthStallDurations) ]
        [1638400 (maxDepthSamples) 1638410 (availableDepthMinFrameDurationsMaximumResolution) 1638409 (availableDepthStreamConfigurationsMaximumResolution) 1638411 (availableDepthStallDurationsMaximumResolution) ]
        [1638404 (depthIsExclusive) 196610 (availableEdgeModes) 327680 (available) 327682 (strengthMaximumLevel) ]
        [327683 (strengthDefaultLevel) 262150 (strengthLevel) 262151 (singleStrengthMaxLevel) 262152 (singleStrengthDefaultLevel) ]
        [262153 (torchStrengthMaxLevel) 262154 (torchStrengthDefaultLevel) 393217 (availableHotPixelModes) 458759 (availableThumbnailSizes) ]
        [458760 (maxSize) 589824 (availableApertures) 589825 (availableFilterDensities) 589826 (availableFocalLengths) ]
        [589827 (availableOpticalStabilization) 589828 (hyperfocalDistance) 589829 (minimumFocusDistance) 589830 (shadingMapSize) ]
        [589831 (focusDistanceCalibration) 524293 (facing) 1703936 (physicalIds) 1703937 (sensorSyncType) ]
        [655362 (availableNoiseReductionModes) 786438 (maxNumOutputStreams) 786440 (maxNumInputStreams) 786442 (pipelineMaxDepth) ]
        [786443 (partialResultCount) 786444 (availableCapabilities) 786445 (availableRequestKeys) 786446 (availableResultKeys) ]
        [786447 (availableCharacteristicsKeys) 786448 (availableSessionKeys) 786451 (availableDynamicRangeProfilesMap) 786452 (recommendedTenBitDynamicRangeProfile) ]
        [786453 (availableColorSpaceProfilesMap) 851972 (availableMaxDigitalZoom) 851977 (availableInputOutputFormatsMap) 851978 (availableStreamConfigurations) ]
        [851979 (availableMinFrameDurations) 851976 (availableRawSizes) 851980 (availableStallDurations) 851981 (croppingType) ]
        [851982 (availableRecommendedStreamConfigurations) 851983 (availableRecommendedInputOutputFormatsMap) 851984 (availableRotateAndCropModes) 851986 (defaultSecureImageSize) ]
        [851987 (physicalCameraMultiResolutionStreamConfigurations) 851988 (availableStreamConfigurationsMaximumResolution) 851989 (availableMinFrameDurationsMaximumResolution) 851990 (availableStallDurationsMaximumResolution) ]
        [851991 (availableInputOutputFormatsMapMaximumResolution) 851992 (multiResolutionStreamSupported) 851993 (cropRegionSet) 851994 (availableStreamUseCases) ]
        [917526 (greenSplit) 917523 (noiseProfile) 917534 (opaqueRawSize) 917535 (opaqueRawSizeMaximumResolution) ]
        [983040 (activeArraySize) 983041 (sensitivityRange) 983042 (colorFilterArrangement) 983043 (exposureTimeRange) ]
        [983044 (maxFrameDuration) 983045 (physicalSize) 983046 (pixelArraySize) 983047 (whiteLevel) ]
        [983048 (timestampSource) 983049 (lensShadingApplied) 983050 (preCorrectionActiveArraySize) 983051 (activeArraySizeMaximumResolution) ]
        [983052 (pixelArraySizeMaximumResolution) 983053 (preCorrectionActiveArraySizeMaximumResolution) 983054 (binningFactor) 917507 (referenceIlluminant1) ]
        [917508 (referenceIlluminant2) 917509 (calibrationTransform1) 917510 (calibrationTransform2) 917511 (colorTransform1) ]
        [917512 (colorTransform2) 917513 (forwardMatrix1) 917514 (forwardMatrix2) 917516 (blackLevelPattern) ]
        [917517 (maxAnalogSensitivity) 917518 (orientation) 917519 (profileHueSatMapDimensions) 917529 (availableTestPatternModes) ]
        [1048578 (availableModes) 1179648 (availableFaceDetectModes) 1179650 (maxFaceCount) 1179654 (availableHotPixelMapModes) ]
        [1179655 (availableLensShadingMapModes) 1245188 (maxCurvePoints) 1245189 (availableToneMapModes) 1376256 (supportedHardwareLevel) ]
        [1376258 (supportedBufferManagementVersion) 1507329 (maxLatency) 1572865 (maxCaptureStall) 524300 (poseReference) ]
        [524301 (distortion) 524295 (poseTranslation) 524294 (poseRotation) 524298 (intrinsicCalibration) ]
        [524302 (distortionMaximumResolution) 524303 (intrinsicCalibrationMaximumResolution) 1900544 (supported) 1900545 (maxJpegAppSegmentsCount) ]
        [2097154 (nightModeIndicator) 2162688 (availableJpegRStreamConfigurations) 2162689 (availableJpegRMinFrameDurations) 2162690 (availableJpegRStallDurations) ]
      android.request.availableSessionKeys (c0010): int32[68]
        [65541 (aeTargetFpsRange) -2129198864 (engineercamera.agingtest.mode.select) -2129199099 (is.sdk.camera.package) -2129198756 (light.sensor.lux) ]
        [-2129198998 (original.zoomRatio) -2129198900 (camera.is.from.main.menu) -2129198684 (camera.watermark.video.enable) -2129198683 (camera.watermark.video.hal.enable) ]
        [-2129198898 (makeup.state) -2129198960 (video.stabilization.mode) -2129198956 (dualscene.master) -2129198959 (camera.3a.sync.debug) ]
        [-2129198886 (underwater.mode.enable) -2129198686 (macro.closeup.enable) -2129199007 (camera.mode) -2129199006 (snapshot.rawformat) ]
        [-2129198678 (finefood.mode.enable) -2129198676 (gr.mode.enable) 917528 (testPatternMode) 65553 (videoStabilizationMode) ]
        [-2145386495 (enableMFNR) -2145386496 (overrideResourceCostValidation) -2145386492 (numPCRsBeforeStreamOn) -2145386488 (dynamicFPSConfig) ]
        [-2145386487 (RawCbSourceType) -2145386483 (enableQLL) -2145386486 (ExtendedMaxZoom) -2145386485 (EnableVSR) ]
        [-2145386447 (EnableVIULL) -2145386484 (enableMCTFwithReferenceFrame) -2145386480 (contour_version) -2145386479 (enableStatsVisualizer) ]
        [-2145386477 (EnableInsensorZoom) -2145386475 (EnableAutoHDR) -2145386494 (HDRMode) -2145386493 (SnapshotHDRMode) ]
        [-2145386473 (numHDRexposure) -2145386472 (EnableHDRDCGMode) -2145386471 (HDRModePreference) -2145386470 (EnableAFBracketing) ]
        [-2145386469 (InduceEventType) -2145386468 (InduceErrorType) -2145386467 (InduceSessionName) -2145386466 (InducePipelineName) ]
        [-2145386465 (InduceNodeName) -2145386464 (InducePortId) -2145386463 (InduceRequestId) -2145386462 (InduceErrorCode) ]
        [-2145386461 (InduceDelayTime) -2145386460 (InduceKMDNotifyType) -2145386455 (EnableSalinet) -2145386448 (BlurMode) ]
        [-2145386443 (EnableXCFAOptimization) -2145386439 (EnableCinematicMode) -2145386459 (enableSecureMode) -2145386458 (SecureAttestationMode) ]
        [-2145386457 (EnableAFFocusMap) -2145386456 (EnableIdealRAW) -2145386450 (AICameraMode) -2145386444 (HorizonLevelControl) ]
        [-2145386442 (ExtraPreviewMaxBuffers) -2145386441 (EnableOfflineHALZSL) -2145386445 (HALOutputBufferCombined) -2145386438 (EISMode) ]
        [-2145386435 (DepthMode) -2145386449 (EnableAICameraHSR) -2145386427 (EnableSportHDRMode) -2145386425 (EnableVAI) ]
      android.request.availableDynamicRangeProfilesMap (c0013): int64[12]
        [4 0 ]
        [0 2 ]
        [0 0 ]
        [8 0 ]
        [1 64 ]
        [0 0 ]
      android.request.recommendedTenBitDynamicRangeProfile (c0014): int64[1]
        [2 ]
      android.request.availableColorSpaceProfilesMap (c0015): int64[21]
        [16 34 ]
        [2 16 ]
        [54 2 ]
        [0 34 ]
        [1 0 ]
        [54 1 ]
        [0 35 ]
        [1 0 ]
        [256 1 ]
        [0 1212500294 ]
        [1 ]
      android.scaler.availableMaxDigitalZoom (d0004): float[1]
        [10.00000000 ]
      android.scaler.availableInputOutputFormatsMap (d0009): int32[12]
        [34 2 35 33 ]
        [54 2 35 33 ]
        [35 2 35 33 ]
      android.scaler.availableStreamConfigurations (d000a): int32[612]
        [34 2560 1920 OUTPUT ]
        [34 2560 1920 INPUT ]
        [35 2560 1920 OUTPUT ]
        [35 2560 1920 INPUT ]
        [33 2560 1920 OUTPUT ]
        [54 2560 1920 OUTPUT ]
        [54 2560 1920 INPUT ]
        [34 2560 1440 OUTPUT ]
        [35 2560 1440 OUTPUT ]
        [33 2560 1440 OUTPUT ]
        [54 2560 1440 OUTPUT ]
        [34 1920 1440 OUTPUT ]
        [35 1920 1440 OUTPUT ]
        [33 1920 1440 OUTPUT ]
        [54 1920 1440 OUTPUT ]
        [34 2520 1080 OUTPUT ]
        [35 2520 1080 OUTPUT ]
        [33 2520 1080 OUTPUT ]
        [54 2520 1080 OUTPUT ]
        [34 2480 1080 OUTPUT ]
        [35 2480 1080 OUTPUT ]
        [33 2480 1080 OUTPUT ]
        [54 2480 1080 OUTPUT ]
        [34 2136 1200 OUTPUT ]
        [35 2136 1200 OUTPUT ]
        [33 2136 1200 OUTPUT ]
        [54 2136 1200 OUTPUT ]
        [34 2160 1080 OUTPUT ]
        [35 2160 1080 OUTPUT ]
        [33 2160 1080 OUTPUT ]
        [54 2160 1080 OUTPUT ]
        [34 1584 1440 OUTPUT ]
        [35 1584 1440 OUTPUT ]
        [33 1584 1440 OUTPUT ]
        [54 1584 1440 OUTPUT ]
        [34 1920 1080 OUTPUT ]
        [35 1920 1080 OUTPUT ]
        [33 1920 1080 OUTPUT ]
        [54 1920 1080 OUTPUT ]
        [34 1440 1440 OUTPUT ]
        [35 1440 1440 OUTPUT ]
        [33 1440 1440 OUTPUT ]
        [54 1440 1440 OUTPUT ]
        [34 1920 864 OUTPUT ]
        [35 1920 864 OUTPUT ]
        [33 1920 864 OUTPUT ]
        [54 1920 864 OUTPUT ]
        [34 1320 1200 OUTPUT ]
        [35 1320 1200 OUTPUT ]
        [33 1320 1200 OUTPUT ]
        [54 1320 1200 OUTPUT ]
        [34 1440 1080 OUTPUT ]
        [35 1440 1080 OUTPUT ]
        [33 1440 1080 OUTPUT ]
        [54 1440 1080 OUTPUT ]
        [34 1220 1134 OUTPUT ]
        [35 1220 1134 OUTPUT ]
        [33 1220 1134 OUTPUT ]
        [54 1220 1134 OUTPUT ]
        [34 1600 800 OUTPUT ]
        [35 1600 800 OUTPUT ]
        [33 1600 800 OUTPUT ]
        [54 1600 800 OUTPUT ]
        [34 1086 1134 OUTPUT ]
        [35 1086 1134 OUTPUT ]
        [33 1086 1134 OUTPUT ]
        [54 1086 1134 OUTPUT ]
        [34 1280 960 OUTPUT ]
        [35 1280 960 OUTPUT ]
        [33 1280 960 OUTPUT ]
        [54 1280 960 OUTPUT ]
        [34 1080 1080 OUTPUT ]
        [35 1080 1080 OUTPUT ]
        [33 1080 1080 OUTPUT ]
        [54 1080 1080 OUTPUT ]
        [34 1584 720 OUTPUT ]
        [35 1584 720 OUTPUT ]
        [33 1584 720 OUTPUT ]
        [54 1584 720 OUTPUT ]
        [34 1280 720 OUTPUT ]
        [35 1280 720 OUTPUT ]
        [33 1280 720 OUTPUT ]
        [54 1280 720 OUTPUT ]
        [34 960 960 OUTPUT ]
        [35 960 960 OUTPUT ]
        [33 960 960 OUTPUT ]
        [54 960 960 OUTPUT ]
        [34 1024 768 OUTPUT ]
        [35 1024 768 OUTPUT ]
        [33 1024 768 OUTPUT ]
        [54 1024 768 OUTPUT ]
        [34 1024 444 OUTPUT ]
        [35 1024 444 OUTPUT ]
        [33 1024 444 OUTPUT ]
        [54 1024 444 OUTPUT ]
        [34 864 480 OUTPUT ]
        [35 864 480 OUTPUT ]
        [33 864 480 OUTPUT ]
        [54 864 480 OUTPUT ]
        [34 720 540 OUTPUT ]
        [35 720 540 OUTPUT ]
        [33 720 540 OUTPUT ]
        [54 720 540 OUTPUT ]
        [34 720 480 OUTPUT ]
        [35 720 480 OUTPUT ]
        [33 720 480 OUTPUT ]
        [54 720 480 OUTPUT ]
        [34 800 400 OUTPUT ]
        [35 800 400 OUTPUT ]
        [33 800 400 OUTPUT ]
        [54 800 400 OUTPUT ]
        [34 640 480 OUTPUT ]
        [35 640 480 OUTPUT ]
        [33 640 480 OUTPUT ]
        [54 640 480 OUTPUT ]
        [34 826 360 OUTPUT ]
        [35 826 360 OUTPUT ]
        [33 826 360 OUTPUT ]
        [54 826 360 OUTPUT ]
        [34 640 360 OUTPUT ]
        [35 640 360 OUTPUT ]
        [33 640 360 OUTPUT ]
        [54 640 360 OUTPUT ]
        [34 640 278 OUTPUT ]
        [35 640 278 OUTPUT ]
        [33 640 278 OUTPUT ]
        [54 640 278 OUTPUT ]
        [34 352 288 OUTPUT ]
        [35 352 288 OUTPUT ]
        [33 352 288 OUTPUT ]
        [54 352 288 OUTPUT ]
        [34 480 200 OUTPUT ]
        [35 480 200 OUTPUT ]
        [33 480 200 OUTPUT ]
        [54 480 200 OUTPUT ]
        [34 320 240 OUTPUT ]
        [35 320 240 OUTPUT ]
        [33 320 240 OUTPUT ]
        [54 320 240 OUTPUT ]
        [34 266 266 OUTPUT ]
        [35 266 266 OUTPUT ]
        [33 266 266 OUTPUT ]
        [54 266 266 OUTPUT ]
        [34 176 144 OUTPUT ]
        [35 176 144 OUTPUT ]
        [33 176 144 OUTPUT ]
        [54 176 144 OUTPUT ]
        [37 2560 1920 OUTPUT ]
        [32 2560 1920 OUTPUT ]
        [36 2560 1920 OUTPUT ]
        [37 2560 1440 OUTPUT ]
        [32 2560 1440 OUTPUT ]
        [36 2560 1440 OUTPUT ]
      android.scaler.availableMinFrameDurations (d000b): int64[600]
        [34 2560 ]
        [1920 16666666 ]
        [35 2560 ]
        [1920 16666666 ]
        [33 2560 ]
        [1920 16666666 ]
        [54 2560 ]
        [1920 16666666 ]
        [34 2560 ]
        [1440 16666666 ]
        [35 2560 ]
        [1440 16666666 ]
        [33 2560 ]
        [1440 16666666 ]
        [54 2560 ]
        [1440 16666666 ]
        [34 1920 ]
        [1440 16666666 ]
        [35 1920 ]
        [1440 16666666 ]
        [33 1920 ]
        [1440 16666666 ]
        [54 1920 ]
        [1440 16666666 ]
        [34 2520 ]
        [1080 16666666 ]
        [35 2520 ]
        [1080 16666666 ]
        [33 2520 ]
        [1080 16666666 ]
        [54 2520 ]
        [1080 16666666 ]
        [34 2480 ]
        [1080 16666666 ]
        [35 2480 ]
        [1080 16666666 ]
        [33 2480 ]
        [1080 16666666 ]
        [54 2480 ]
        [1080 16666666 ]
        [34 2136 ]
        [1200 16666666 ]
        [35 2136 ]
        [1200 16666666 ]
        [33 2136 ]
        [1200 16666666 ]
        [54 2136 ]
        [1200 16666666 ]
        [34 2160 ]
        [1080 16666666 ]
        [35 2160 ]
        [1080 16666666 ]
        [33 2160 ]
        [1080 16666666 ]
        [54 2160 ]
        [1080 16666666 ]
        [34 1584 ]
        [1440 16666666 ]
        [35 1584 ]
        [1440 16666666 ]
        [33 1584 ]
        [1440 16666666 ]
        [54 1584 ]
        [1440 16666666 ]
        [34 1920 ]
        [1080 16666666 ]
        [35 1920 ]
        [1080 16666666 ]
        [33 1920 ]
        [1080 16666666 ]
        [54 1920 ]
        [1080 16666666 ]
        [34 1440 ]
        [1440 16666666 ]
        [35 1440 ]
        [1440 16666666 ]
        [33 1440 ]
        [1440 16666666 ]
        [54 1440 ]
        [1440 16666666 ]
        [34 1920 ]
        [864 16666666 ]
        [35 1920 ]
        [864 16666666 ]
        [33 1920 ]
        [864 16666666 ]
        [54 1920 ]
        [864 16666666 ]
        [34 1320 ]
        [1200 16666666 ]
        [35 1320 ]
        [1200 16666666 ]
        [33 1320 ]
        [1200 16666666 ]
        [54 1320 ]
        [1200 16666666 ]
        [34 1440 ]
        [1080 16666666 ]
        [35 1440 ]
        [1080 16666666 ]
        [33 1440 ]
        [1080 16666666 ]
        [54 1440 ]
        [1080 16666666 ]
        [34 1220 ]
        [1134 16666666 ]
        [35 1220 ]
        [1134 16666666 ]
        [33 1220 ]
        [1134 16666666 ]
        [54 1220 ]
        [1134 16666666 ]
        [34 1600 ]
        [800 16666666 ]
        [35 1600 ]
        [800 16666666 ]
        [33 1600 ]
        [800 16666666 ]
        [54 1600 ]
        [800 16666666 ]
        [34 1086 ]
        [1134 16666666 ]
        [35 1086 ]
        [1134 16666666 ]
        [33 1086 ]
        [1134 16666666 ]
        [54 1086 ]
        [1134 16666666 ]
        [34 1280 ]
        [960 16666666 ]
        [35 1280 ]
        [960 16666666 ]
        [33 1280 ]
        [960 16666666 ]
        [54 1280 ]
        [960 16666666 ]
        [34 1080 ]
        [1080 16666666 ]
        [35 1080 ]
        [1080 16666666 ]
        [33 1080 ]
        [1080 16666666 ]
        [54 1080 ]
        [1080 16666666 ]
        [34 1584 ]
        [720 16666666 ]
        [35 1584 ]
        [720 16666666 ]
        [33 1584 ]
        [720 16666666 ]
        [54 1584 ]
        [720 16666666 ]
        [34 1280 ]
        [720 16666666 ]
        [35 1280 ]
        [720 16666666 ]
        [33 1280 ]
        [720 16666666 ]
        [54 1280 ]
        [720 16666666 ]
        [34 960 ]
        [960 16666666 ]
        [35 960 ]
        [960 16666666 ]
        [33 960 ]
        [960 16666666 ]
        [54 960 ]
        [960 16666666 ]
        [34 1024 ]
        [768 16666666 ]
        [35 1024 ]
        [768 16666666 ]
        [33 1024 ]
        [768 16666666 ]
        [54 1024 ]
        [768 16666666 ]
        [34 1024 ]
        [444 16666666 ]
        [35 1024 ]
        [444 16666666 ]
        [33 1024 ]
        [444 16666666 ]
        [54 1024 ]
        [444 16666666 ]
        [34 864 ]
        [480 16666666 ]
        [35 864 ]
        [480 16666666 ]
        [33 864 ]
        [480 16666666 ]
        [54 864 ]
        [480 16666666 ]
        [34 720 ]
        [540 16666666 ]
        [35 720 ]
        [540 16666666 ]
        [33 720 ]
        [540 16666666 ]
        [54 720 ]
        [540 16666666 ]
        [34 720 ]
        [480 16666666 ]
        [35 720 ]
        [480 16666666 ]
        [33 720 ]
        [480 16666666 ]
        [54 720 ]
        [480 16666666 ]
        [34 800 ]
        [400 16666666 ]
        [35 800 ]
        [400 16666666 ]
        [33 800 ]
        [400 16666666 ]
        [54 800 ]
        [400 16666666 ]
        [34 640 ]
        [480 16666666 ]
        [35 640 ]
        [480 16666666 ]
        [33 640 ]
        [480 16666666 ]
        [54 640 ]
        [480 16666666 ]
        [34 826 ]
        [360 16666666 ]
        [35 826 ]
        [360 16666666 ]
        [33 826 ]
        [360 16666666 ]
        [54 826 ]
        [360 16666666 ]
        [34 640 ]
        [360 16666666 ]
        [35 640 ]
        [360 16666666 ]
        [33 640 ]
        [360 16666666 ]
        [54 640 ]
        [360 16666666 ]
        [34 640 ]
        [278 16666666 ]
        [35 640 ]
        [278 16666666 ]
        [33 640 ]
        [278 16666666 ]
        [54 640 ]
        [278 16666666 ]
        [34 352 ]
        [288 16666666 ]
        [35 352 ]
        [288 16666666 ]
        [33 352 ]
        [288 16666666 ]
        [54 352 ]
        [288 16666666 ]
        [34 480 ]
        [200 16666666 ]
        [35 480 ]
        [200 16666666 ]
        [33 480 ]
        [200 16666666 ]
        [54 480 ]
        [200 16666666 ]
        [34 320 ]
        [240 16666666 ]
        [35 320 ]
        [240 16666666 ]
        [33 320 ]
        [240 16666666 ]
        [54 320 ]
        [240 16666666 ]
        [34 266 ]
        [266 16666666 ]
        [35 266 ]
        [266 16666666 ]
        [33 266 ]
        [266 16666666 ]
        [54 266 ]
        [266 16666666 ]
        [34 176 ]
        [144 16666666 ]
        [35 176 ]
        [144 16666666 ]
        [33 176 ]
        [144 16666666 ]
        [54 176 ]
        [144 16666666 ]
        [37 2560 ]
        [1920 33333333 ]
        [32 2560 ]
        [1920 33333333 ]
        [36 2560 ]
        [1920 33333333 ]
        [37 2560 ]
        [1440 33333333 ]
        [32 2560 ]
        [1440 33333333 ]
        [36 2560 ]
        [1440 33333333 ]
      android.scaler.availableRawSizes (d0008): int32[14]
        [5120 3840 2560 1920 ]
        [2560 1440 2560 1920 ]
        [2560 1440 2560 1920 ]
        [2560 1440 ]
      android.scaler.availableStallDurations (d000c): int64[144]
        [33 2560 ]
        [1920 31948800 ]
        [33 2560 ]
        [1440 23961600 ]
        [33 1920 ]
        [1440 17971200 ]
        [33 2520 ]
        [1080 17690400 ]
        [33 2480 ]
        [1080 17409600 ]
        [33 2136 ]
        [1200 16660800 ]
        [33 2160 ]
        [1080 15163200 ]
        [33 1584 ]
        [1440 14826240 ]
        [33 1920 ]
        [1080 13478400 ]
        [33 1440 ]
        [1440 13478400 ]
        [33 1920 ]
        [864 10782720 ]
        [33 1320 ]
        [1200 10296000 ]
        [33 1440 ]
        [1080 10108800 ]
        [33 1220 ]
        [1134 8992620 ]
        [33 1600 ]
        [800 8320000 ]
        [33 1086 ]
        [1134 8004906 ]
        [33 1280 ]
        [960 7987200 ]
        [33 1080 ]
        [1080 7581600 ]
        [33 1584 ]
        [720 7413120 ]
        [33 1280 ]
        [720 5990400 ]
        [33 960 ]
        [960 5990400 ]
        [33 1024 ]
        [768 5111808 ]
        [33 1024 ]
        [444 2955264 ]
        [33 864 ]
        [480 2695680 ]
        [33 720 ]
        [540 2527200 ]
        [33 720 ]
        [480 2246400 ]
        [33 800 ]
        [400 2080000 ]
        [33 640 ]
        [480 1996800 ]
        [33 826 ]
        [360 1932840 ]
        [33 640 ]
        [360 1497600 ]
        [33 640 ]
        [278 1156480 ]
        [33 352 ]
        [288 658944 ]
        [33 480 ]
        [200 624000 ]
        [33 320 ]
        [240 499200 ]
        [33 266 ]
        [266 459914 ]
        [33 176 ]
        [144 164736 ]
      android.scaler.croppingType (d000d): byte[1]
        [CENTER_ONLY ]
      android.scaler.availableStreamConfigurationsMaximumResolution (d0014): int32[336]
        [34 4096 3072 OUTPUT ]
        [34 4096 3072 INPUT ]
        [35 4096 3072 OUTPUT ]
        [35 4096 3072 INPUT ]
        [33 4096 3072 OUTPUT ]
        [54 4096 3072 OUTPUT ]
        [54 4096 3072 INPUT ]
        [34 4000 3000 OUTPUT ]
        [34 4000 3000 INPUT ]
        [35 4000 3000 OUTPUT ]
        [35 4000 3000 INPUT ]
        [33 4000 3000 OUTPUT ]
        [54 4000 3000 OUTPUT ]
        [54 4000 3000 INPUT ]
        [34 3840 2880 OUTPUT ]
        [34 3840 2880 INPUT ]
        [35 3840 2880 OUTPUT ]
        [35 3840 2880 INPUT ]
        [33 3840 2880 OUTPUT ]
        [54 3840 2880 OUTPUT ]
        [54 3840 2880 INPUT ]
        [34 3840 2160 OUTPUT ]
        [34 3840 2160 INPUT ]
        [35 3840 2160 OUTPUT ]
        [35 3840 2160 INPUT ]
        [33 3840 2160 OUTPUT ]
        [54 3840 2160 OUTPUT ]
        [54 3840 2160 INPUT ]
        [34 3840 1644 OUTPUT ]
        [34 3840 1644 INPUT ]
        [35 3840 1644 OUTPUT ]
        [35 3840 1644 INPUT ]
        [33 3840 1644 OUTPUT ]
        [54 3840 1644 OUTPUT ]
        [54 3840 1644 INPUT ]
        [34 3840 1608 OUTPUT ]
        [34 3840 1608 INPUT ]
        [35 3840 1608 OUTPUT ]
        [35 3840 1608 INPUT ]
        [33 3840 1608 OUTPUT ]
        [54 3840 1608 OUTPUT ]
        [54 3840 1608 INPUT ]
        [34 3280 1856 OUTPUT ]
        [34 3280 1856 INPUT ]
        [35 3280 1856 OUTPUT ]
        [35 3280 1856 INPUT ]
        [33 3280 1856 OUTPUT ]
        [54 3280 1856 OUTPUT ]
        [54 3280 1856 INPUT ]
        [34 2480 2248 OUTPUT ]
        [34 2480 2248 INPUT ]
        [35 2480 2248 OUTPUT ]
        [35 2480 2248 INPUT ]
        [33 2480 2248 OUTPUT ]
        [54 2480 2248 OUTPUT ]
        [54 2480 2248 INPUT ]
        [34 2756 1200 OUTPUT ]
        [34 2756 1200 INPUT ]
        [35 2756 1200 OUTPUT ]
        [35 2756 1200 INPUT ]
        [33 2756 1200 OUTPUT ]
        [54 2756 1200 OUTPUT ]
        [54 2756 1200 INPUT ]
        [34 2616 1140 OUTPUT ]
        [34 2616 1140 INPUT ]
        [35 2616 1140 OUTPUT ]
        [35 2616 1140 INPUT ]
        [33 2616 1140 OUTPUT ]
        [54 2616 1140 OUTPUT ]
        [54 2616 1140 INPUT ]
        [34 2580 1080 OUTPUT ]
        [34 2580 1080 INPUT ]
        [35 2580 1080 OUTPUT ]
        [35 2580 1080 INPUT ]
        [33 2580 1080 OUTPUT ]
        [54 2580 1080 OUTPUT ]
        [54 2580 1080 INPUT ]
        [37 5120 3840 OUTPUT ]
        [32 5120 3840 OUTPUT ]
        [36 5120 3840 OUTPUT ]
        [34 1920 1080 OUTPUT ]
        [35 1920 1080 OUTPUT ]
        [33 1920 1080 OUTPUT ]
        [54 1920 1080 OUTPUT ]
      android.scaler.availableMinFrameDurationsMaximumResolution (d0015): int64[204]
        [34 4096 ]
        [3072 55555555 ]
        [35 4096 ]
        [3072 55555555 ]
        [33 4096 ]
        [3072 55555555 ]
        [54 4096 ]
        [3072 55555555 ]
        [34 4000 ]
        [3000 55555555 ]
        [35 4000 ]
        [3000 55555555 ]
        [33 4000 ]
        [3000 55555555 ]
        [54 4000 ]
        [3000 55555555 ]
        [34 3840 ]
        [2880 55555555 ]
        [35 3840 ]
        [2880 55555555 ]
        [33 3840 ]
        [2880 55555555 ]
        [54 3840 ]
        [2880 55555555 ]
        [34 3840 ]
        [2160 55555555 ]
        [35 3840 ]
        [2160 55555555 ]
        [33 3840 ]
        [2160 55555555 ]
        [54 3840 ]
        [2160 55555555 ]
        [34 3840 ]
        [1644 55555555 ]
        [35 3840 ]
        [1644 55555555 ]
        [33 3840 ]
        [1644 55555555 ]
        [54 3840 ]
        [1644 55555555 ]
        [34 3840 ]
        [1608 55555555 ]
        [35 3840 ]
        [1608 55555555 ]
        [33 3840 ]
        [1608 55555555 ]
        [54 3840 ]
        [1608 55555555 ]
        [34 3280 ]
        [1856 55555555 ]
        [35 3280 ]
        [1856 55555555 ]
        [33 3280 ]
        [1856 55555555 ]
        [54 3280 ]
        [1856 55555555 ]
        [34 2480 ]
        [2248 55555555 ]
        [35 2480 ]
        [2248 55555555 ]
        [33 2480 ]
        [2248 55555555 ]
        [54 2480 ]
        [2248 55555555 ]
        [34 2756 ]
        [1200 55555555 ]
        [35 2756 ]
        [1200 55555555 ]
        [33 2756 ]
        [1200 55555555 ]
        [54 2756 ]
        [1200 55555555 ]
        [34 2616 ]
        [1140 55555555 ]
        [35 2616 ]
        [1140 55555555 ]
        [33 2616 ]
        [1140 55555555 ]
        [54 2616 ]
        [1140 55555555 ]
        [34 2580 ]
        [1080 55555555 ]
        [35 2580 ]
        [1080 55555555 ]
        [33 2580 ]
        [1080 55555555 ]
        [54 2580 ]
        [1080 55555555 ]
        [37 5120 ]
        [3840 55555555 ]
        [32 5120 ]
        [3840 55555555 ]
        [36 5120 ]
        [3840 55555555 ]
        [34 1920 ]
        [1080 55555555 ]
        [35 1920 ]
        [1080 55555555 ]
        [33 1920 ]
        [1080 55555555 ]
        [54 1920 ]
        [1080 55555555 ]
      android.scaler.availableStallDurationsMaximumResolution (d0016): int64[60]
        [33 4096 ]
        [3072 81788928 ]
        [33 4000 ]
        [3000 78000000 ]
        [33 3840 ]
        [2880 71884800 ]
        [33 3840 ]
        [2160 53913600 ]
        [33 3840 ]
        [1644 41034240 ]
        [33 3840 ]
        [1608 40135680 ]
        [33 3280 ]
        [1856 39569920 ]
        [33 2480 ]
        [2248 36237760 ]
        [33 2756 ]
        [1200 21496800 ]
        [33 2616 ]
        [1140 19384560 ]
        [33 2580 ]
        [1080 18111600 ]
        [34 1920 ]
        [1080 13478400 ]
        [35 1920 ]
        [1080 13478400 ]
        [33 1920 ]
        [1080 13478400 ]
        [54 1920 ]
        [1080 13478400 ]
      android.scaler.availableInputOutputFormatsMapMaximumResolution (d0017): int32[12]
        [34 2 35 33 ]
        [54 2 35 33 ]
        [35 2 35 33 ]
      android.scaler.availableStreamUseCases (d001a): int64[23]
        [0 1 ]
        [2 3 ]
        [4 5 ]
        [0 65536 ]
        [65537 65538 ]
        [65539 65540 ]
        [65541 65542 ]
        [65543 65544 ]
        [65545 65546 ]
        [65547 65549 ]
        [65550 576460752303489024 ]
        [36028797019029504 ]
      android.sensor.opaqueRawSize (e001e): int32[6]
        [2560 1920 6144000 2560 ]
        [1440 4608000 ]
      android.sensor.opaqueRawSizeMaximumResolution (e001f): int32[3]
        [5120 3840 24576000 ]
      android.sensor.info.activeArraySize (f0000): int32[4]
        [0 0 2560 1920 ]
      android.sensor.info.sensitivityRange (f0001): int32[2]
        [100 12800 ]
      android.sensor.info.colorFilterArrangement (f0002): byte[1]
        [GBRG ]
      android.sensor.info.exposureTimeRange (f0003): int64[2]
        [62189 30000000000 ]
      android.sensor.info.maxFrameDuration (f0004): int64[1]
        [94432716335 ]
      android.sensor.info.physicalSize (f0005): float[2]
        [3.27679992 2.45760012 ]
      android.sensor.info.pixelArraySize (f0006): int32[2]
        [2560 1920 ]
      android.sensor.info.whiteLevel (f0007): int32[1]
        [1023 ]
      android.sensor.info.timestampSource (f0008): byte[1]
        [REALTIME ]
      android.sensor.info.lensShadingApplied (f0009): byte[1]
        [TRUE ]
      android.sensor.info.preCorrectionActiveArraySize (f000a): int32[4]
        [0 0 2560 1920 ]
      android.sensor.info.activeArraySizeMaximumResolution (f000b): int32[4]
        [0 0 5120 3840 ]
      android.sensor.info.pixelArraySizeMaximumResolution (f000c): int32[2]
        [5120 3840 ]
      android.sensor.info.preCorrectionActiveArraySizeMaximumResolution (f000d): int32[4]
        [0 0 5120 3840 ]
      android.sensor.info.binningFactor (f000e): int32[2]
        [2 2 ]
      android.sensor.referenceIlluminant1 (e0003): byte[1]
        [D65 ]
      android.sensor.referenceIlluminant2 (e0004): byte[1]
        [17 ]
      android.sensor.calibrationTransform1 (e0005): rational[9]
        [(129 / 128) (0 / 128) ]
        [(0 / 128) (0 / 128) ]
        [(128 / 128) (0 / 128) ]
        [(0 / 128) (0 / 128) ]
        [(128 / 128) ]
      android.sensor.calibrationTransform2 (e0006): rational[9]
        [(129 / 128) (0 / 128) ]
        [(0 / 128) (0 / 128) ]
        [(128 / 128) (0 / 128) ]
        [(0 / 128) (0 / 128) ]
        [(127 / 128) ]
      android.sensor.colorTransform1 (e0007): rational[9]
        [(195 / 128) (-92 / 128) ]
        [(-30 / 128) (-124 / 128) ]
        [(240 / 128) (5 / 128) ]
        [(5 / 128) (-18 / 128) ]
        [(94 / 128) ]
      android.sensor.colorTransform2 (e0008): rational[9]
        [(311 / 128) (-215 / 128) ]
        [(-55 / 128) (-137 / 128) ]
        [(279 / 128) (-1 / 128) ]
        [(8 / 128) (-18 / 128) ]
        [(163 / 128) ]
      android.sensor.forwardMatrix1 (e0009): rational[9]
        [(56 / 128) (49 / 128) ]
        [(18 / 128) (28 / 128) ]
        [(92 / 128) (8 / 128) ]
        [(2 / 128) (12 / 128) ]
        [(91 / 128) ]
      android.sensor.forwardMatrix2 (e000a): rational[9]
        [(56 / 128) (49 / 128) ]
        [(18 / 128) (28 / 128) ]
        [(92 / 128) (8 / 128) ]
        [(2 / 128) (12 / 128) ]
        [(91 / 128) ]
      android.sensor.blackLevelPattern (e000c): int32[4]
        [64 64 64 64 ]
      android.sensor.maxAnalogSensitivity (e000d): int32[1]
        [12800 ]
      android.sensor.orientation (e000e): int32[1]
        [270 ]
      android.sensor.profileHueSatMapDimensions (e000f): int32[3]
        [0 0 0 ]
      android.sensor.availableTestPatternModes (e0019): int32[4]
        [0 1 2 3 ]
      android.shading.availableModes (100002): byte[3]
        [0 1 2 ]
      android.statistics.info.availableFaceDetectModes (120000): byte[2]
        [0 1 ]
      android.statistics.info.maxFaceCount (120002): int32[1]
        [10 ]
      android.statistics.info.availableHotPixelMapModes (120006): byte[1]
        [0 ]
      android.statistics.info.availableLensShadingMapModes (120007): byte[2]
        [0 1 ]
      android.tonemap.maxCurvePoints (130004): int32[1]
        [512 ]
      android.tonemap.availableToneMapModes (130005): byte[3]
        [0 1 2 ]
      android.info.supportedHardwareLevel (150000): byte[1]
        [3 ]
      android.info.supportedBufferManagementVersion (150002): byte[1]
        [HIDL_DEVICE_3_5 ]
      android.sync.maxLatency (170001): int32[1]
        [PER_FRAME_CONTROL ]
      android.reprocess.maxCaptureStall (180001): int32[1]
        [2 ]
      android.lens.poseReference (8000c): byte[1]
        [PRIMARY_CAMERA ]
      android.lens.distortion (8000d): float[5]
        [0.00000000 0.00000000 0.00000000 0.00000000 0.00000000 ]
      android.lens.poseTranslation (80007): float[3]
        [-0.01530000 -0.00075000 0.00000000 ]
      android.lens.poseRotation (80006): float[4]
        [-0.00000000 -1.00000000 -0.00000000 -0.00000004 ]
      android.lens.intrinsicCalibration (8000a): float[5]
        [1468.75000000 1468.75000000 1280.00000000 960.00000000 0.00000000 ]
      android.lens.distortionMaximumResolution (8000e): float[5]
        [0.00000000 0.00000000 0.00000000 0.00000000 0.00000000 ]
      android.lens.intrinsicCalibrationMaximumResolution (8000f): float[5]
        [2937.50000000 2937.50000000 2560.00000000 1920.00000000 0.00000000 ]
      android.heic.info.supported (1d0000): byte[1]
        [TRUE ]
      android.heic.info.maxJpegAppSegmentsCount (1d0001): byte[1]
        [1 ]
      android.extension.nightModeIndicator (200002): int32[1]
        [UNKNOWN ]
      org.codeaurora.qcamera3.saturation.range (80da0001): int32[4]
        [0 10 5 1 ]
      org.codeaurora.qcamera3.shadingCorrection.enableShadingCorrection (804e0000): byte[1]
        [0 ]
      org.codeaurora.qcamera3.exposure_metering.available_modes (80940001): int32[3]
        [0 1 2 ]
      org.codeaurora.qcamera3.iso_exp_priority.iso_available_modes (80af0003): int32[8]
        [0 1 2 3 ]
        [4 5 6 7 ]
      org.quic.camera.capabilities.AvailableSecureAttestationModes (803b0001): int32[3]
        [0 1 2 ]
      org.quic.camera.capabilities.AvailableSecureAttestationModesMaxSizes (803b0002): int32[9]
        [0 0 0 1 ]
        [2560 1920 2 2560 ]
        [1920 ]
      org.quic.camera.capabilities.AvailableSecureAttestationModesZoomRatio (803b0003): float[4]
        [1.00000000 10.00000000 1.00000000 10.00000000 ]
      org.quic.camera.capabilities.supportedAICameraModes (803b0000): int32[3]
        [0 1 2 ]
      org.codeaurora.qcamera3.iso_exp_priority.exposure_time_range (80af0004): int64[2]
        [62189 30000000000 ]
      org.codeaurora.qcamera3.sensor_meta_data.EEPROMInformation (80c90003): byte[13024]
        [0 244 196 52 123 0 0 180 255 63 0 0 0 0 0 0 ]
        [99 104 97 114 116 68 105 115 116 97 110 99 101 67 77 49 ]
        [0 0 0 0 0 0 0 0 0 0 0 0 0 0 0 0 ]
        [0 0 0 0 0 0 0 0 0 0 0 0 0 0 0 0 ]
        [0 0 0 0 0 0 0 0 0 0 0 0 0 0 0 0 ]
        [0 0 0 0 0 0 0 0 0 0 0 0 0 0 0 0 ]
        [0 0 0 0 0 0 0 0 0 0 0 0 0 0 0 0 ]
        [0 0 0 0 0 0 0 0 0 0 0 0 0 0 0 0 ]
        [0 0 0 0 0 0 0 0 0 0 0 0 0 0 0 0 ]
        [0 0 0 0 0 0 0 0 0 0 0 0 0 0 0 0 ]
        [0 0 0 0 0 0 0 0 0 0 0 0 0 0 0 0 ]
        [0 0 0 0 0 0 0 0 0 0 0 0 0 0 0 0 ]
        [0 0 0 0 0 0 0 0 0 0 0 0 0 0 0 0 ]
        [0 0 0 0 0 0 0 0 0 0 0 0 0 0 0 0 ]
        [0 0 0 0 0 0 0 0 0 0 0 0 0 0 0 0 ]
        [0 0 0 0 0 0 0 0 0 0 0 0 0 0 0 0 ]
        [0 0 0 0 0 0 0 0 0 0 0 0 0 0 0 0 ]
        [25 0 0 0 99 104 97 114 116 68 105 115 116 97 110 99 ]
        [101 67 77 50 0 0 0 0 0 0 0 0 0 0 0 0 ]
        [0 0 0 0 0 0 0 0 0 0 0 0 0 0 0 0 ]
        [0 0 0 0 0 0 0 0 0 0 0 0 0 0 0 0 ]
        [0 0 0 0 0 0 0 0 0 0 0 0 0 0 0 0 ]
        [0 0 0 0 0 0 0 0 0 0 0 0 0 0 0 0 ]
        [0 0 0 0 0 0 0 0 0 0 0 0 0 0 0 0 ]
        [0 0 0 0 0 0 0 0 0 0 0 0 0 0 0 0 ]
        [0 0 0 0 0 0 0 0 0 0 0 0 0 0 0 0 ]
        [0 0 0 0 0 0 0 0 0 0 0 0 0 0 0 0 ]
        [0 0 0 0 0 0 0 0 0 0 0 0 0 0 0 0 ]
        [0 0 0 0 0 0 0 0 0 0 0 0 0 0 0 0 ]
        [0 0 0 0 0 0 0 0 0 0 0 0 0 0 0 0 ]
        [0 0 0 0 0 0 0 0 0 0 0 0 0 0 0 0 ]
        [0 0 0 0 0 0 0 0 0 0 0 0 0 0 0 0 ]
        [0 0 0 0 0 0 0 0 0 0 0 0 0 0 0 0 ]
        [0 0 0 0 50 0 0 0 99 104 97 114 116 68 105 115 ]
        [116 97 110 99 101 67 77 51 0 0 0 0 0 0 0 0 ]
        [0 0 0 0 0 0 0 0 0 0 0 0 0 0 0 0 ]
        [0 0 0 0 0 0 0 0 0 0 0 0 0 0 0 0 ]
        [0 0 0 0 0 0 0 0 0 0 0 0 0 0 0 0 ]
        [0 0 0 0 0 0 0 0 0 0 0 0 0 0 0 0 ]
        [0 0 0 0 0 0 0 0 0 0 0 0 0 0 0 0 ]
        [0 0 0 0 0 0 0 0 0 0 0 0 0 0 0 0 ]
        [0 0 0 0 0 0 0 0 0 0 0 0 0 0 0 0 ]
        [0 0 0 0 0 0 0 0 0 0 0 0 0 0 0 0 ]
        [0 0 0 0 0 0 0 0 0 0 0 0 0 0 0 0 ]
        [0 0 0 0 0 0 0 0 0 0 0 0 0 0 0 0 ]
        [0 0 0 0 0 0 0 0 0 0 0 0 0 0 0 0 ]
        [0 0 0 0 0 0 0 0 0 0 0 0 0 0 0 0 ]
        [0 0 0 0 0 0 0 0 0 0 0 0 0 0 0 0 ]
        [0 0 0 0 0 0 0 0 0 0 0 0 0 0 0 0 ]
        [0 0 0 0 0 0 0 0 105 0 0 0 99 104 97 114 ]
        [116 68 105 115 116 97 110 99 101 67 77 52 0 0 0 0 ]
        [0 0 0 0 0 0 0 0 0 0 0 0 0 0 0 0 ]
        [0 0 0 0 0 0 0 0 0 0 0 0 0 0 0 0 ]
        [0 0 0 0 0 0 0 0 0 0 0 0 0 0 0 0 ]
        [0 0 0 0 0 0 0 0 0 0 0 0 0 0 0 0 ]
        [0 0 0 0 0 0 0 0 0 0 0 0 0 0 0 0 ]
        [0 0 0 0 0 0 0 0 0 0 0 0 0 0 0 0 ]
        [0 0 0 0 0 0 0 0 0 0 0 0 0 0 0 0 ]
        [0 0 0 0 0 0 0 0 0 0 0 0 0 0 0 0 ]
        [0 0 0 0 0 0 0 0 0 0 0 0 0 0 0 0 ]
        [0 0 0 0 0 0 0 0 0 0 0 0 0 0 0 0 ]
        [0 0 0 0 0 0 0 0 0 0 0 0 0 0 0 0 ]
        [0 0 0 0 0 0 0 0 0 0 0 0 0 0 0 0 ]
        [0 0 0 0 0 0 0 0 0 0 0 0 0 0 0 0 ]
        [0 0 0 0 0 0 0 0 0 0 0 0 0 0 0 0 ]
        [0 0 0 0 0 0 0 0 0 0 0 0 136 19 0 0 ]
        [0 0 0 0 0 0 0 0 0 0 0 0 0 0 0 0 ]
        [0 0 0 0 0 0 0 0 0 0 0 0 0 0 0 0 ]
        [0 0 0 0 0 0 0 0 0 0 0 0 0 0 0 0 ]
        [0 0 0 0 0 0 0 0 0 0 0 0 0 0 0 0 ]
        [0 0 0 0 0 0 0 0 0 0 0 0 0 0 0 0 ]
        [0 0 0 0 0 0 0 0 0 0 0 0 0 0 0 0 ]
        [0 0 0 0 0 0 0 0 0 0 0 0 0 0 0 0 ]
        [0 0 0 0 0 0 0 0 0 0 0 0 0 0 0 0 ]
        [0 0 0 0 0 0 0 0 0 0 0 0 0 0 0 0 ]
        [0 0 0 0 0 0 0 0 0 0 0 0 0 0 0 0 ]
        [0 0 0 0 0 0 0 0 0 0 0 0 0 0 0 0 ]
        [0 0 0 0 0 0 0 0 0 0 0 0 0 0 0 0 ]
        [0 0 0 0 0 0 0 0 0 0 0 0 0 0 0 0 ]
        [0 0 0 0 0 0 0 0 0 0 0 0 0 0 0 0 ]
        [0 0 0 0 0 0 0 0 0 0 0 0 0 0 0 0 ]
        [0 0 0 0 0 0 0 0 0 0 0 0 0 0 0 0 ]
        [0 0 0 0 0 0 0 0 0 0 0 0 0 0 0 0 ]
        [0 0 0 0 0 0 0 0 0 0 0 0 0 0 0 0 ]
        [0 0 0 0 0 0 0 0 0 0 0 0 0 0 0 0 ]
        [0 0 0 0 0 0 0 0 0 0 0 0 0 0 0 0 ]
        [0 0 0 0 0 0 0 0 0 0 0 0 0 0 0 0 ]
        [0 0 0 0 0 0 0 0 0 0 0 0 0 0 0 0 ]
        [0 0 0 0 0 0 0 0 0 0 0 0 0 0 0 0 ]
        [0 0 0 0 0 0 0 0 0 0 0 0 0 0 0 0 ]
        [0 0 0 0 0 0 0 0 0 0 0 0 0 0 0 0 ]
        [0 0 0 0 0 0 0 0 0 0 0 0 0 0 0 0 ]
        [0 0 0 0 0 0 0 0 0 0 0 0 0 0 0 0 ]
        [0 0 0 0 0 0 0 0 0 0 0 0 0 0 0 0 ]
        [0 0 0 0 0 0 0 0 0 0 0 0 0 0 0 0 ]
        [0 0 0 0 0 0 0 0 0 0 0 0 0 0 0 0 ]
        [0 0 0 0 0 0 0 0 0 0 0 0 0 0 0 0 ]
        [0 0 0 0 0 0 0 0 0 0 0 0 0 0 0 0 ]
        [0 0 0 0 0 0 0 0 0 0 0 0 0 0 0 0 ]
        [0 0 0 0 0 0 0 0 0 0 0 0 0 0 0 0 ]
        [0 0 0 0 0 0 0 0 0 0 0 0 0 0 0 0 ]
        [0 0 0 0 0 0 0 0 0 0 0 0 0 0 0 0 ]
        [0 0 0 0 0 0 0 0 0 0 0 0 0 0 0 0 ]
        [0 0 0 0 0 0 0 0 0 0 0 0 0 0 0 0 ]
        [0 0 0 0 0 0 0 0 0 0 0 0 0 0 0 0 ]
        [0 0 0 0 0 0 0 0 0 0 0 0 0 0 0 0 ]
        [0 0 0 0 0 0 0 0 0 0 0 0 0 0 0 0 ]
        [0 0 0 0 0 0 0 0 0 0 0 0 0 0 0 0 ]
        [0 0 0 0 0 0 0 0 0 0 0 0 0 0 0 0 ]
        [0 0 0 0 0 0 0 0 0 0 0 0 0 0 0 0 ]
        [0 0 0 0 0 0 0 0 0 0 0 0 0 0 0 0 ]
        [0 0 0 0 0 0 0 0 0 0 0 0 0 0 0 0 ]
        [0 0 0 0 0 0 0 0 0 0 0 0 0 0 0 0 ]
        [0 0 0 0 0 0 0 0 0 0 0 0 0 0 0 0 ]
        [0 0 0 0 0 0 0 0 0 0 0 0 0 0 0 0 ]
        [0 0 0 0 0 0 0 0 0 0 0 0 0 0 0 0 ]
        [0 0 0 0 0 0 0 0 0 0 0 0 0 0 0 0 ]
        [0 0 0 0 0 0 0 0 0 0 0 0 0 0 0 0 ]
        [0 0 0 0 0 0 0 0 0 0 0 0 0 0 0 0 ]
        [0 0 0 0 0 0 0 0 0 0 0 0 0 0 0 0 ]
        [0 0 0 0 0 0 0 0 0 0 0 0 0 0 0 0 ]
        [0 0 0 0 0 0 0 0 0 0 0 0 0 0 0 0 ]
        [0 0 0 0 0 0 0 0 0 0 0 0 0 0 0 0 ]
        [0 0 0 0 0 0 0 0 0 0 0 0 0 0 0 0 ]
        [0 0 0 0 0 0 0 0 0 0 0 0 0 0 0 0 ]
        [0 0 0 0 0 0 0 0 0 0 0 0 0 0 0 0 ]
        [0 0 0 0 0 0 0 0 0 0 0 0 0 0 0 0 ]
        [0 0 0 0 0 0 0 0 0 0 0 0 0 0 0 0 ]
        [0 0 0 0 0 0 0 0 0 0 0 0 0 0 0 0 ]
        [0 0 0 0 0 0 0 0 0 0 0 0 0 0 0 0 ]
        [0 0 0 0 0 0 0 0 0 0 0 0 0 0 0 0 ]
        [0 0 0 0 0 0 0 0 0 0 0 0 0 0 0 0 ]
        [0 0 0 0 0 0 0 0 0 0 0 0 0 0 0 0 ]
        [0 0 0 0 0 0 0 0 0 0 0 0 0 0 0 0 ]
        [0 0 0 0 0 0 0 0 0 0 0 0 0 0 0 0 ]
        [0 0 0 0 0 0 0 0 0 0 0 0 0 0 0 0 ]
        [0 0 0 0 0 0 0 0 0 0 0 0 0 0 0 0 ]
        [0 0 0 0 0 0 0 0 0 0 0 0 0 0 0 0 ]
        [0 0 0 0 0 0 0 0 0 0 0 0 0 0 0 0 ]
        [0 0 0 0 0 0 0 0 0 0 0 0 0 0 0 0 ]
        [0 0 0 0 0 0 0 0 0 0 0 0 0 0 0 0 ]
        [0 0 0 0 0 0 0 0 0 0 0 0 0 0 0 0 ]
        [0 0 0 0 0 0 0 0 0 0 0 0 0 0 0 0 ]
        [0 0 0 0 0 0 0 0 0 0 0 0 0 0 0 0 ]
        [0 0 0 0 0 0 0 0 0 0 0 0 0 0 0 0 ]
        [0 0 0 0 0 0 0 0 0 0 0 0 0 0 0 0 ]
        [0 0 0 0 0 0 0 0 0 0 0 0 0 0 0 0 ]
        [0 0 0 0 0 0 0 0 0 0 0 0 0 0 0 0 ]
        [0 0 0 0 0 0 0 0 0 0 0 0 0 0 0 0 ]
        [0 0 0 0 0 0 0 0 0 0 0 0 0 0 0 0 ]
        [0 0 0 0 0 0 0 0 0 0 0 0 0 0 0 0 ]
        [0 0 0 0 0 0 0 0 0 0 0 0 0 0 0 0 ]
        [0 0 0 0 0 0 0 0 0 0 0 0 0 0 0 0 ]
        [0 0 0 0 0 0 0 0 0 0 0 0 0 0 0 0 ]
        [0 0 0 0 0 0 0 0 0 0 0 0 0 0 0 0 ]
        [0 0 0 0 0 0 0 0 0 0 0 0 0 0 0 0 ]
        [0 0 0 0 0 0 0 0 0 0 0 0 0 0 0 0 ]
        [0 0 0 0 0 0 0 0 0 0 0 0 0 0 0 0 ]
        [0 0 0 0 0 0 0 0 0 0 0 0 0 0 0 0 ]
        [0 0 0 0 0 0 0 0 0 0 0 0 0 0 0 0 ]
        [0 0 0 0 0 0 0 0 0 0 0 0 0 0 0 0 ]
        [0 0 0 0 0 0 0 0 0 0 0 0 0 0 0 0 ]
        [0 0 0 0 0 0 0 0 0 0 0 0 0 0 0 0 ]
        [0 0 0 0 0 0 0 0 0 0 0 0 0 0 0 0 ]
        [0 0 0 0 0 0 0 0 0 0 0 0 0 0 0 0 ]
        [0 0 0 0 0 0 0 0 0 0 0 0 0 0 0 0 ]
        [0 0 0 0 0 0 0 0 0 0 0 0 0 0 0 0 ]
        [0 0 0 0 0 0 0 0 0 0 0 0 0 0 0 0 ]
        [0 0 0 0 0 0 0 0 0 0 0 0 0 0 0 0 ]
        [0 0 0 0 0 0 0 0 0 0 0 0 0 0 0 0 ]
        [0 0 0 0 0 0 0 0 0 0 0 0 0 0 0 0 ]
        [0 0 0 0 0 0 0 0 0 0 0 0 0 0 0 0 ]
        [0 0 0 0 0 0 0 0 0 0 0 0 0 0 0 0 ]
        [0 0 0 0 0 0 0 0 0 0 0 0 0 0 0 0 ]
        [0 0 0 0 0 0 0 0 0 0 0 0 0 0 0 0 ]
        [0 0 0 0 0 0 0 0 0 0 0 0 0 0 0 0 ]
        [0 0 0 0 0 0 0 0 0 0 0 0 0 0 0 0 ]
        [0 0 0 0 0 0 0 0 0 0 0 0 0 0 0 0 ]
        [0 0 0 0 0 0 0 0 0 0 0 0 0 0 0 0 ]
        [0 0 0 0 0 0 0 0 0 0 0 0 0 0 0 0 ]
        [0 0 0 0 0 0 0 0 0 0 0 0 0 0 0 0 ]
        [0 0 0 0 0 0 0 0 0 0 0 0 0 0 0 0 ]
        [0 0 0 0 0 0 0 0 0 0 0 0 0 0 0 0 ]
        [0 0 0 0 0 0 0 0 0 0 0 0 0 0 0 0 ]
        [0 0 0 0 0 0 0 0 0 0 0 0 0 0 0 0 ]
        [0 0 0 0 0 0 0 0 0 0 0 0 0 0 0 0 ]
        [0 0 0 0 0 0 0 0 0 0 0 0 0 0 0 0 ]
        [0 0 0 0 0 0 0 0 0 0 0 0 0 0 0 0 ]
        [0 0 0 0 0 0 0 0 0 0 0 0 0 0 0 0 ]
        [0 0 0 0 0 0 0 0 0 0 0 0 0 0 0 0 ]
        [0 0 0 0 0 0 0 0 0 0 0 0 0 0 0 0 ]
        [0 0 0 0 0 0 0 0 0 0 0 0 0 0 0 0 ]
        [0 0 0 0 0 0 0 0 0 0 0 0 0 0 0 0 ]
        [0 0 0 0 0 0 0 0 0 0 0 0 0 0 0 0 ]
        [0 0 0 0 0 0 0 0 0 0 0 0 0 0 0 0 ]
        [0 0 0 0 0 0 0 0 0 0 0 0 0 0 0 0 ]
        [0 0 0 0 0 0 0 0 0 0 0 0 0 0 0 0 ]
        [0 0 0 0 0 0 0 0 0 0 0 0 0 0 0 0 ]
        [0 0 0 0 0 0 0 0 0 0 0 0 0 0 0 0 ]
        [0 0 0 0 0 0 0 0 0 0 0 0 0 0 0 0 ]
        [0 0 0 0 0 0 0 0 0 0 0 0 0 0 0 0 ]
        [0 0 0 0 0 0 0 0 0 0 0 0 0 0 0 0 ]
        [0 0 0 0 0 0 0 0 0 0 0 0 0 0 0 0 ]
        [0 0 0 0 0 0 0 0 0 0 0 0 0 0 0 0 ]
        [0 0 0 0 0 0 0 0 0 0 0 0 0 0 0 0 ]
        [0 0 0 0 0 0 0 0 0 0 0 0 0 0 0 0 ]
        [0 0 0 0 0 0 0 0 0 0 0 0 0 0 0 0 ]
        [0 0 0 0 0 0 0 0 0 0 0 0 0 0 0 0 ]
        [0 0 0 0 0 0 0 0 0 0 0 0 0 0 0 0 ]
        [0 0 0 0 0 0 0 0 0 0 0 0 0 0 0 0 ]
        [0 0 0 0 0 0 0 0 0 0 0 0 0 0 0 0 ]
        [0 0 0 0 0 0 0 0 0 0 0 0 0 0 0 0 ]
        [0 0 0 0 0 0 0 0 0 0 0 0 0 0 0 0 ]
        [0 0 0 0 0 0 0 0 0 0 0 0 0 0 0 0 ]
        [0 0 0 0 0 0 0 0 0 0 0 0 0 0 0 0 ]
        [0 0 0 0 0 0 0 0 0 0 0 0 0 0 0 0 ]
        [0 0 0 0 0 0 0 0 0 0 0 0 0 0 0 0 ]
        [0 0 0 0 0 0 0 0 0 0 0 0 0 0 0 0 ]
        [0 0 0 0 0 0 0 0 0 0 0 0 0 0 0 0 ]
        [0 0 0 0 0 0 0 0 0 0 0 0 0 0 0 0 ]
        [0 0 0 0 0 0 0 0 0 0 0 0 0 0 0 0 ]
        [0 0 0 0 0 0 0 0 0 0 0 0 0 0 0 0 ]
        [0 0 0 0 0 0 0 0 0 0 0 0 0 0 0 0 ]
        [0 0 0 0 0 0 0 0 0 0 0 0 0 0 0 0 ]
        [0 0 0 0 0 0 0 0 0 0 0 0 0 0 0 0 ]
        [0 0 0 0 0 0 0 0 0 0 0 0 0 0 0 0 ]
        [0 0 0 0 0 0 0 0 0 0 0 0 0 0 0 0 ]
        [0 0 0 0 0 0 0 0 0 0 0 0 0 0 0 0 ]
        [0 0 0 0 0 0 0 0 0 0 0 0 0 0 0 0 ]
        [0 0 0 0 0 0 0 0 0 0 0 0 0 0 0 0 ]
        [0 0 0 0 0 0 0 0 0 0 0 0 0 0 0 0 ]
        [0 0 0 0 0 0 0 0 0 0 0 0 0 0 0 0 ]
        [0 0 0 0 0 0 0 0 0 0 0 0 0 0 0 0 ]
        [0 0 0 0 0 0 0 0 0 0 0 0 0 0 0 0 ]
        [0 0 0 0 0 0 0 0 0 0 0 0 0 0 0 0 ]
        [0 0 0 0 0 0 0 0 0 0 0 0 0 0 0 0 ]
        [0 0 0 0 0 0 0 0 0 0 0 0 0 0 0 0 ]
        [0 0 0 0 0 0 0 0 0 0 0 0 0 0 0 0 ]
        [0 0 0 0 0 0 0 0 0 0 0 0 0 0 0 0 ]
        [0 0 0 0 0 0 0 0 0 0 0 0 0 0 0 0 ]
        [0 0 0 0 0 0 0 0 0 0 0 0 0 0 0 0 ]
        [0 0 0 0 0 0 0 0 0 0 0 0 0 0 0 0 ]
        [0 0 0 0 0 0 0 0 0 0 0 0 0 0 0 0 ]
        [0 0 0 0 0 0 0 0 0 0 0 0 0 0 0 0 ]
        [0 0 0 0 0 0 0 0 0 0 0 0 0 0 0 0 ]
        [0 0 0 0 0 0 0 0 0 0 0 0 0 0 0 0 ]
        [0 0 0 0 0 0 0 0 0 0 0 0 0 0 0 0 ]
        [0 0 0 0 0 0 0 0 0 0 0 0 0 0 0 0 ]
        [0 0 0 0 0 0 0 0 0 0 0 0 0 0 0 0 ]
        [0 0 0 0 0 0 0 0 0 0 0 0 0 0 0 0 ]
        [0 0 0 0 0 0 0 0 0 0 0 0 0 0 0 0 ]
        [0 0 0 0 0 0 0 0 0 0 0 0 0 0 0 0 ]
        [0 0 0 0 0 0 0 0 0 0 0 0 0 0 0 0 ]
        [0 0 0 0 0 0 0 0 0 0 0 0 0 0 0 0 ]
        [0 0 0 0 0 0 0 0 0 0 0 0 0 0 0 0 ]
        [0 0 0 0 0 0 0 0 0 0 0 0 0 0 0 0 ]
        [0 0 0 0 0 0 0 0 0 0 0 0 0 0 0 0 ]
        [0 0 0 0 0 0 0 0 0 0 0 0 0 0 0 0 ]
        [0 0 0 0 0 0 0 0 0 0 0 0 0 0 0 0 ]
        [0 0 0 0 0 0 0 0 0 0 0 0 0 0 0 0 ]
        [0 0 0 0 0 0 0 0 0 0 0 0 0 0 0 0 ]
        [0 0 0 0 0 0 0 0 0 0 0 0 0 0 0 0 ]
        [0 0 0 0 0 0 0 0 0 0 0 0 0 0 0 0 ]
        [0 0 0 0 0 0 0 0 0 0 0 0 0 0 0 0 ]
        [0 0 0 0 0 0 0 0 0 0 0 0 0 0 0 0 ]
        [0 0 0 0 0 0 0 0 0 0 0 0 0 0 0 0 ]
        [0 0 0 0 0 0 0 0 0 0 0 0 0 0 0 0 ]
        [0 0 0 0 0 0 0 0 0 0 0 0 0 0 0 0 ]
        [0 0 0 0 0 0 0 0 0 0 0 0 0 0 0 0 ]
        [0 0 0 0 0 0 0 0 0 0 0 0 0 0 0 0 ]
        [0 0 0 0 0 0 0 0 0 0 0 0 0 0 0 0 ]
        [0 0 0 0 0 0 0 0 0 0 0 0 0 0 0 0 ]
        [0 0 0 0 0 0 0 0 0 0 0 0 0 0 0 0 ]
        [0 0 0 0 0 0 0 0 0 0 0 0 0 0 0 0 ]
        [0 0 0 0 0 0 0 0 0 0 0 0 0 0 0 0 ]
        [0 0 0 0 0 0 0 0 0 0 0 0 0 0 0 0 ]
        [0 0 0 0 0 0 0 0 0 0 0 0 0 0 0 0 ]
        [0 0 0 0 0 0 0 0 0 0 0 0 0 0 0 0 ]
        [0 0 0 0 0 0 0 0 0 0 0 0 0 0 0 0 ]
        [0 0 0 0 0 0 0 0 0 0 0 0 0 0 0 0 ]
        [0 0 0 0 0 0 0 0 0 0 0 0 0 0 0 0 ]
        [0 0 0 0 0 0 0 0 0 0 0 0 0 0 0 0 ]
        [0 0 0 0 0 0 0 0 0 0 0 0 0 0 0 0 ]
        [0 0 0 0 0 0 0 0 0 0 0 0 0 0 0 0 ]
        [0 0 0 0 0 0 0 0 0 0 0 0 0 0 0 0 ]
        [0 0 0 0 0 0 0 0 0 0 0 0 0 0 0 0 ]
        [0 0 0 0 0 0 0 0 0 0 0 0 0 0 0 0 ]
        [0 0 0 0 0 0 0 0 0 0 0 0 0 0 0 0 ]
        [0 0 0 0 0 0 0 0 0 0 0 0 0 0 0 0 ]
        [0 0 0 0 0 0 0 0 0 0 0 0 0 0 0 0 ]
        [0 0 0 0 0 0 0 0 0 0 0 0 0 0 0 0 ]
        [0 0 0 0 0 0 0 0 0 0 0 0 0 0 0 0 ]
        [0 0 0 0 0 0 0 0 0 0 0 0 0 0 0 0 ]
        [0 0 0 0 0 0 0 0 0 0 0 0 0 0 0 0 ]
        [0 0 0 0 0 0 0 0 0 0 0 0 0 0 0 0 ]
        [0 0 0 0 0 0 0 0 0 0 0 0 0 0 0 0 ]
        [0 0 0 0 0 0 0 0 0 0 0 0 0 0 0 0 ]
        [0 0 0 0 0 0 0 0 0 0 0 0 0 0 0 0 ]
        [0 0 0 0 0 0 0 0 0 0 0 0 0 0 0 0 ]
        [0 0 0 0 0 0 0 0 0 0 0 0 0 0 0 0 ]
        [0 0 0 0 0 0 0 0 0 0 0 0 0 0 0 0 ]
        [0 0 0 0 0 0 0 0 0 0 0 0 0 0 0 0 ]
        [0 0 0 0 0 0 0 0 0 0 0 0 0 0 0 0 ]
        [0 0 0 0 0 0 0 0 0 0 0 0 0 0 0 0 ]
        [0 0 0 0 0 0 0 0 0 0 0 0 0 0 0 0 ]
        [0 0 0 0 0 0 0 0 0 0 0 0 0 0 0 0 ]
        [0 0 0 0 0 0 0 0 0 0 0 0 0 0 0 0 ]
        [0 0 0 0 0 0 0 0 0 0 0 0 0 0 0 0 ]
        [0 0 0 0 0 0 0 0 0 0 0 0 0 0 0 0 ]
        [0 0 0 0 0 0 0 0 0 0 0 0 0 0 0 0 ]
        [0 0 0 0 0 0 0 0 0 0 0 0 0 0 0 0 ]
        [0 0 0 0 0 0 0 0 0 0 0 0 0 0 0 0 ]
        [0 0 0 0 0 0 0 0 0 0 0 0 0 0 0 0 ]
        [0 0 0 0 0 0 0 0 0 0 0 0 0 0 0 0 ]
        [0 0 0 0 0 0 0 0 0 0 0 0 0 0 0 0 ]
        [0 0 0 0 0 0 0 0 0 0 0 0 0 0 0 0 ]
        [0 0 0 0 0 0 0 0 0 0 0 0 0 0 0 0 ]
        [0 0 0 0 0 0 0 0 0 0 0 0 0 0 0 0 ]
        [0 0 0 0 0 0 0 0 0 0 0 0 0 0 0 0 ]
        [0 0 0 0 0 0 0 0 0 0 0 0 0 0 0 0 ]
        [0 0 0 0 0 0 0 0 0 0 0 0 0 0 0 0 ]
        [0 0 0 0 0 0 0 0 0 0 0 0 0 0 0 0 ]
        [0 0 0 0 0 0 0 0 0 0 0 0 0 0 0 0 ]
        [0 0 0 0 0 0 0 0 0 0 0 0 0 0 0 0 ]
        [0 0 0 0 0 0 0 0 0 0 0 0 0 0 0 0 ]
        [0 0 0 0 0 0 0 0 0 0 0 0 0 0 0 0 ]
        [0 0 0 0 0 0 0 0 0 0 0 0 0 0 0 0 ]
        [0 0 0 0 0 0 0 0 0 0 0 0 0 0 0 0 ]
        [0 0 0 0 0 0 0 0 0 0 0 0 0 0 0 0 ]
        [0 0 0 0 0 0 0 0 0 0 0 0 0 0 0 0 ]
        [0 0 0 0 0 0 0 0 0 0 0 0 0 0 0 0 ]
        [0 0 0 0 0 0 0 0 0 0 0 0 0 0 0 0 ]
        [0 0 0 0 0 0 0 0 0 0 0 0 0 0 0 0 ]
        [0 0 0 0 0 0 0 0 0 0 0 0 0 0 0 0 ]
        [0 0 0 0 0 0 0 0 0 0 0 0 0 0 0 0 ]
        [0 0 0 0 0 0 0 0 0 0 0 0 0 0 0 0 ]
        [0 0 0 0 0 0 0 0 0 0 0 0 0 0 0 0 ]
        [0 0 0 0 0 0 0 0 0 0 0 0 0 0 0 0 ]
        [0 0 0 0 0 0 0 0 0 0 0 0 0 0 0 0 ]
        [0 0 0 0 0 0 0 0 0 0 0 0 0 0 0 0 ]
        [0 0 0 0 0 0 0 0 0 0 0 0 0 0 0 0 ]
        [0 0 0 0 0 0 0 0 0 0 0 0 0 0 0 0 ]
        [0 0 0 0 0 0 0 0 0 0 0 0 0 0 0 0 ]
        [0 0 0 0 0 0 0 0 0 0 0 0 0 0 0 0 ]
        [0 0 0 0 0 0 0 0 0 0 0 0 0 0 0 0 ]
        [0 0 0 0 0 0 0 0 0 0 0 0 0 0 0 0 ]
        [0 0 0 0 0 0 0 0 0 0 0 0 0 0 0 0 ]
        [0 0 0 0 0 0 0 0 0 0 0 0 0 0 0 0 ]
        [0 0 0 0 0 0 0 0 0 0 0 0 0 0 0 0 ]
        [0 0 0 0 0 0 0 0 0 0 0 0 0 0 0 0 ]
        [0 0 0 0 0 0 0 0 0 0 0 0 0 0 0 0 ]
        [0 0 0 0 0 0 0 0 0 0 0 0 0 0 0 0 ]
        [0 0 0 0 0 0 0 0 0 0 0 0 0 0 0 0 ]
        [0 0 0 0 0 0 0 0 0 0 0 0 0 0 0 0 ]
        [0 0 0 0 0 0 0 0 0 0 0 0 0 0 0 0 ]
        [0 0 0 0 0 0 0 0 0 0 0 0 0 0 0 0 ]
        [0 0 0 0 0 0 0 0 0 0 0 0 0 0 0 0 ]
        [0 0 0 0 0 0 0 0 0 0 0 0 0 0 0 0 ]
        [0 0 0 0 0 0 0 0 0 0 0 0 0 0 0 0 ]
        [0 0 0 0 0 0 0 0 0 0 0 0 0 0 0 0 ]
        [0 0 0 0 0 0 0 0 0 0 0 0 0 0 0 0 ]
        [0 0 0 0 0 0 0 0 0 0 0 0 0 0 0 0 ]
        [0 0 0 0 0 0 0 0 0 0 0 0 0 0 0 0 ]
        [0 0 0 0 0 0 0 0 0 0 0 0 0 0 0 0 ]
        [0 0 0 0 0 0 0 0 0 0 0 0 0 0 0 0 ]
        [0 0 0 0 0 0 0 0 0 0 0 0 0 0 0 0 ]
        [0 0 0 0 0 0 0 0 0 0 0 0 0 0 0 0 ]
        [0 0 0 0 0 0 0 0 0 0 0 0 0 0 0 0 ]
        [0 0 0 0 0 0 0 0 0 0 0 0 0 0 0 0 ]
        [0 0 0 0 0 0 0 0 0 0 0 0 0 0 0 0 ]
        [0 0 0 0 0 0 0 0 0 0 0 0 0 0 0 0 ]
        [0 0 0 0 0 0 0 0 0 0 0 0 0 0 0 0 ]
        [0 0 0 0 0 0 0 0 0 0 0 0 0 0 0 0 ]
        [0 0 0 0 0 0 0 0 0 0 0 0 0 0 0 0 ]
        [0 0 0 0 0 0 0 0 0 0 0 0 0 0 0 0 ]
        [0 0 0 0 0 0 0 0 0 0 0 0 0 0 0 0 ]
        [0 0 0 0 0 0 0 0 0 0 0 0 0 0 0 0 ]
        [0 0 0 0 0 0 0 0 0 0 0 0 0 0 0 0 ]
        [0 0 0 0 0 0 0 0 0 0 0 0 0 0 0 0 ]
        [0 0 0 0 0 0 0 0 0 0 0 0 0 0 0 0 ]
        [0 0 0 0 0 0 0 0 0 0 0 0 0 0 0 0 ]
        [0 0 0 0 0 0 0 0 0 0 0 0 0 0 0 0 ]
        [0 0 0 0 0 0 0 0 0 0 0 0 0 0 0 0 ]
        [0 0 0 0 0 0 0 0 0 0 0 0 0 0 0 0 ]
        [0 0 0 0 0 0 0 0 0 0 0 0 0 0 0 0 ]
        [0 0 0 0 0 0 0 0 0 0 0 0 0 0 0 0 ]
        [0 0 0 0 0 0 0 0 0 0 0 0 0 0 0 0 ]
        [0 0 0 0 0 0 0 0 0 0 0 0 0 0 0 0 ]
        [0 0 0 0 0 0 0 0 0 0 0 0 0 0 0 0 ]
        [0 0 0 0 0 0 0 0 0 0 0 0 0 0 0 0 ]
        [0 0 0 0 0 0 0 0 0 0 0 0 0 0 0 0 ]
        [0 0 0 0 0 0 0 0 0 0 0 0 0 0 0 0 ]
        [0 0 0 0 0 0 0 0 0 0 0 0 0 0 0 0 ]
        [0 0 0 0 0 0 0 0 0 0 0 0 0 0 0 0 ]
        [0 0 0 0 0 0 0 0 0 0 0 0 0 0 0 0 ]
        [0 0 0 0 0 0 0 0 0 0 0 0 0 0 0 0 ]
        [0 0 0 0 0 0 0 0 0 0 0 0 0 0 0 0 ]
        [0 0 0 0 0 0 0 0 0 0 0 0 0 0 0 0 ]
        [0 0 0 0 0 0 0 0 0 0 0 0 0 0 0 0 ]
        [0 0 0 0 0 0 0 0 0 0 0 0 0 0 0 0 ]
        [0 0 0 0 0 0 0 0 0 0 0 0 0 0 0 0 ]
        [0 0 0 0 0 0 0 0 0 0 0 0 0 0 0 0 ]
        [0 0 0 0 0 0 0 0 0 0 0 0 0 0 0 0 ]
        [0 0 0 0 0 0 0 0 0 0 0 0 0 0 0 0 ]
        [0 0 0 0 0 0 0 0 0 0 0 0 0 0 0 0 ]
        [0 0 0 0 0 0 0 0 0 0 0 0 0 0 0 0 ]
        [0 0 0 0 0 0 0 0 0 0 0 0 0 0 0 0 ]
        [0 0 0 0 0 0 0 0 0 0 0 0 0 0 0 0 ]
        [0 0 0 0 0 0 0 0 0 0 0 0 0 0 0 0 ]
        [0 0 0 0 0 0 0 0 0 0 0 0 0 0 0 0 ]
        [0 0 0 0 0 0 0 0 0 0 0 0 0 0 0 0 ]
        [0 0 0 0 0 0 0 0 0 0 0 0 0 0 0 0 ]
        [0 0 0 0 0 0 0 0 0 0 0 0 0 0 0 0 ]
        [0 0 0 0 0 0 0 0 0 0 0 0 0 0 0 0 ]
        [0 0 0 0 0 0 0 0 0 0 0 0 0 0 0 0 ]
        [0 0 0 0 0 0 0 0 0 0 0 0 0 0 0 0 ]
        [0 0 0 0 0 0 0 0 0 0 0 0 0 0 0 0 ]
        [0 0 0 0 0 0 0 0 0 0 0 0 0 0 0 0 ]
        [0 0 0 0 0 0 0 0 0 0 0 0 0 0 0 0 ]
        [0 0 0 0 0 0 0 0 0 0 0 0 0 0 0 0 ]
        [0 0 0 0 0 0 0 0 0 0 0 0 0 0 0 0 ]
        [0 0 0 0 0 0 0 0 0 0 0 0 0 0 0 0 ]
        [0 0 0 0 0 0 0 0 0 0 0 0 0 0 0 0 ]
        [0 0 0 0 0 0 0 0 0 0 0 0 0 0 0 0 ]
        [0 0 0 0 0 0 0 0 0 0 0 0 0 0 0 0 ]
        [0 0 0 0 0 0 0 0 0 0 0 0 0 0 0 0 ]
        [0 0 0 0 0 0 0 0 0 0 0 0 0 0 0 0 ]
        [0 0 0 0 0 0 0 0 0 0 0 0 0 0 0 0 ]
        [0 0 0 0 0 0 0 0 0 0 0 0 0 0 0 0 ]
        [0 0 0 0 0 0 0 0 0 0 0 0 0 0 0 0 ]
        [0 0 0 0 0 0 0 0 0 0 0 0 0 0 0 0 ]
        [0 0 0 0 0 0 0 0 0 0 0 0 0 0 0 0 ]
        [0 0 0 0 0 0 0 0 0 0 0 0 0 0 0 0 ]
        [0 0 0 0 0 0 0 0 0 0 0 0 0 0 0 0 ]
        [0 0 0 0 0 0 0 0 0 0 0 0 0 0 0 0 ]
        [0 0 0 0 0 0 0 0 0 0 0 0 0 0 0 0 ]
        [0 0 0 0 0 0 0 0 0 0 0 0 0 0 0 0 ]
        [0 0 0 0 0 0 0 0 0 0 0 0 0 0 0 0 ]
        [0 0 0 0 0 0 0 0 0 0 0 0 0 0 0 0 ]
        [0 0 0 0 0 0 0 0 0 0 0 0 0 0 0 0 ]
        [0 0 0 0 0 0 0 0 0 0 0 0 0 0 0 0 ]
        [0 0 0 0 0 0 0 0 0 0 0 0 0 0 0 0 ]
        [0 0 0 0 0 0 0 0 0 0 0 0 0 0 0 0 ]
        [0 0 0 0 0 0 0 0 0 0 0 0 0 0 0 0 ]
        [0 0 0 0 0 0 0 0 0 0 0 0 0 0 0 0 ]
        [0 0 0 0 0 0 0 0 0 0 0 0 0 0 0 0 ]
        [0 0 0 0 0 0 0 0 0 0 0 0 0 0 0 0 ]
        [0 0 0 0 0 0 0 0 0 0 0 0 0 0 0 0 ]
        [0 0 0 0 0 0 0 0 0 0 0 0 0 0 0 0 ]
        [0 0 0 0 0 0 0 0 0 0 0 0 0 0 0 0 ]
        [0 0 0 0 0 0 0 0 0 0 0 0 0 0 0 0 ]
        [0 0 0 0 0 0 0 0 0 0 0 0 0 0 0 0 ]
        [0 0 0 0 0 0 0 0 0 0 0 0 0 0 0 0 ]
        [0 0 0 0 0 0 0 0 0 0 0 0 0 0 0 0 ]
        [0 0 0 0 0 0 0 0 0 0 0 0 0 0 0 0 ]
        [0 0 0 0 0 0 0 0 0 0 0 0 0 0 0 0 ]
        [0 0 0 0 0 0 0 0 0 0 0 0 0 0 0 0 ]
        [0 0 0 0 0 0 0 0 0 0 0 0 0 0 0 0 ]
        [0 0 0 0 0 0 0 0 0 0 0 0 0 0 0 0 ]
        [0 0 0 0 0 0 0 0 0 0 0 0 0 0 0 0 ]
        [0 0 0 0 0 0 0 0 0 0 0 0 0 0 0 0 ]
        [0 0 0 0 0 0 0 0 0 0 0 0 0 0 0 0 ]
        [0 0 0 0 0 0 0 0 0 0 0 0 0 0 0 0 ]
        [0 0 0 0 0 0 0 0 0 0 0 0 0 0 0 0 ]
        [0 0 0 0 0 0 0 0 0 0 0 0 0 0 0 0 ]
        [0 0 0 0 0 0 0 0 0 0 0 0 0 0 0 0 ]
        [0 0 0 0 0 0 0 0 0 0 0 0 0 0 0 0 ]
        [0 0 0 0 0 0 0 0 0 0 0 0 0 0 0 0 ]
        [0 0 0 0 0 0 0 0 0 0 0 0 0 0 0 0 ]
        [0 0 0 0 0 0 0 0 0 0 0 0 0 0 0 0 ]
        [0 0 0 0 0 0 0 0 0 0 0 0 0 0 0 0 ]
        [0 0 0 0 0 0 0 0 0 0 0 0 0 0 0 0 ]
        [0 0 0 0 0 0 0 0 0 0 0 0 0 0 0 0 ]
        [0 0 0 0 0 0 0 0 0 0 0 0 0 0 0 0 ]
        [0 0 0 0 0 0 0 0 0 0 0 0 0 0 0 0 ]
        [0 0 0 0 0 0 0 0 0 0 0 0 0 0 0 0 ]
        [0 0 0 0 0 0 0 0 0 0 0 0 0 0 0 0 ]
        [0 0 0 0 0 0 0 0 0 0 0 0 0 0 0 0 ]
        [0 0 0 0 0 0 0 0 0 0 0 0 0 0 0 0 ]
        [0 0 0 0 0 0 0 0 0 0 0 0 0 0 0 0 ]
        [0 0 0 0 0 0 0 0 0 0 0 0 0 0 0 0 ]
        [0 0 0 0 0 0 0 0 0 0 0 0 0 0 0 0 ]
        [0 0 0 0 0 0 0 0 0 0 0 0 0 0 0 0 ]
        [0 0 0 0 0 0 0 0 0 0 0 0 0 0 0 0 ]
        [0 0 0 0 0 0 0 0 0 0 0 0 0 0 0 0 ]
        [0 0 0 0 0 0 0 0 0 0 0 0 0 0 0 0 ]
        [0 0 0 0 0 0 0 0 0 0 0 0 0 0 0 0 ]
        [0 0 0 0 0 0 0 0 0 0 0 0 0 0 0 0 ]
        [0 0 0 0 0 0 0 0 0 0 0 0 0 0 0 0 ]
        [0 0 0 0 0 0 0 0 0 0 0 0 0 0 0 0 ]
        [0 0 0 0 0 0 0 0 0 0 0 0 0 0 0 0 ]
        [0 0 0 0 0 0 0 0 0 0 0 0 0 0 0 0 ]
        [0 0 0 0 0 0 0 0 0 0 0 0 0 0 0 0 ]
        [0 0 0 0 0 0 0 0 0 0 0 0 0 0 0 0 ]
        [0 0 0 0 0 0 0 0 0 0 0 0 0 0 0 0 ]
        [0 0 0 0 0 0 0 0 0 0 0 0 0 0 0 0 ]
        [0 0 0 0 0 0 0 0 0 0 0 0 0 0 0 0 ]
        [0 0 0 0 0 0 0 0 0 0 0 0 0 0 0 0 ]
        [0 0 0 0 0 0 0 0 0 0 0 0 0 0 0 0 ]
        [0 0 0 0 0 0 0 0 0 0 0 0 0 0 0 0 ]
        [0 0 0 0 0 0 0 0 0 0 0 0 0 0 0 0 ]
        [0 0 0 0 0 0 0 0 0 0 0 0 0 0 0 0 ]
        [0 0 0 0 0 0 0 0 0 0 0 0 0 0 0 0 ]
        [0 0 0 0 0 0 0 0 0 0 0 0 0 0 0 0 ]
        [0 0 0 0 0 0 0 0 0 0 0 0 0 0 0 0 ]
        [0 0 0 0 0 0 0 0 0 0 0 0 0 0 0 0 ]
        [0 0 0 0 0 0 0 0 0 0 0 0 0 0 0 0 ]
        [0 0 0 0 0 0 0 0 0 0 0 0 0 0 0 0 ]
        [0 0 0 0 0 0 0 0 0 0 0 0 0 0 0 0 ]
        [0 0 0 0 0 0 0 0 0 0 0 0 0 0 0 0 ]
        [0 0 0 0 0 0 0 0 0 0 0 0 0 0 0 0 ]
        [0 0 0 0 0 0 0 0 0 0 0 0 0 0 0 0 ]
        [0 0 0 0 0 0 0 0 0 0 0 0 0 0 0 0 ]
        [0 0 0 0 0 0 0 0 0 0 0 0 0 0 0 0 ]
        [0 0 0 0 0 0 0 0 0 0 0 0 0 0 0 0 ]
        [0 0 0 0 0 0 0 0 0 0 0 0 0 0 0 0 ]
        [0 0 0 0 0 0 0 0 0 0 0 0 0 0 0 0 ]
        [0 0 0 0 0 0 0 0 0 0 0 0 0 0 0 0 ]
        [0 0 0 0 0 0 0 0 0 0 0 0 0 0 0 0 ]
        [0 0 0 0 0 0 0 0 0 0 0 0 0 0 0 0 ]
        [0 0 0 0 0 0 0 0 0 0 0 0 0 0 0 0 ]
        [0 0 0 0 0 0 0 0 0 0 0 0 0 0 0 0 ]
        [0 0 0 0 0 0 0 0 0 0 0 0 0 0 0 0 ]
        [0 0 0 0 0 0 0 0 0 0 0 0 0 0 0 0 ]
        [0 0 0 0 0 0 0 0 0 0 0 0 0 0 0 0 ]
        [0 0 0 0 0 0 0 0 0 0 0 0 0 0 0 0 ]
        [0 0 0 0 0 0 0 0 0 0 0 0 0 0 0 0 ]
        [0 0 0 0 0 0 0 0 0 0 0 0 0 0 0 0 ]
        [0 0 0 0 0 0 0 0 0 0 0 0 0 0 0 0 ]
        [0 0 0 0 0 0 0 0 0 0 0 0 0 0 0 0 ]
        [0 0 0 0 0 0 0 0 0 0 0 0 0 0 0 0 ]
        [0 0 0 0 0 0 0 0 0 0 0 0 0 0 0 0 ]
        [0 0 0 0 0 0 0 0 0 0 0 0 0 0 0 0 ]
        [0 0 0 0 0 0 0 0 0 0 0 0 0 0 0 0 ]
        [0 0 0 0 0 0 0 0 0 0 0 0 0 0 0 0 ]
        [0 0 0 0 0 0 0 0 0 0 0 0 0 0 0 0 ]
        [0 0 0 0 0 0 0 0 0 0 0 0 0 0 0 0 ]
        [0 0 0 0 0 0 0 0 0 0 0 0 0 0 0 0 ]
        [0 0 0 0 0 0 0 0 0 0 0 0 0 0 0 0 ]
        [0 0 0 0 0 0 0 0 0 0 0 0 0 0 0 0 ]
        [0 0 0 0 0 0 0 0 0 0 0 0 0 0 0 0 ]
        [0 0 0 0 0 0 0 0 0 0 0 0 0 0 0 0 ]
        [0 0 0 0 0 0 0 0 0 0 0 0 0 0 0 0 ]
        [0 0 0 0 0 0 0 0 0 0 0 0 0 0 0 0 ]
        [0 0 0 0 0 0 0 0 0 0 0 0 0 0 0 0 ]
        [0 0 0 0 0 0 0 0 0 0 0 0 0 0 0 0 ]
        [0 0 0 0 0 0 0 0 0 0 0 0 0 0 0 0 ]
        [0 0 0 0 0 0 0 0 0 0 0 0 0 0 0 0 ]
        [0 0 0 0 0 0 0 0 0 0 0 0 0 0 0 0 ]
        [0 0 0 0 0 0 0 0 0 0 0 0 0 0 0 0 ]
        [0 0 0 0 0 0 0 0 0 0 0 0 0 0 0 0 ]
        [0 0 0 0 0 0 0 0 0 0 0 0 0 0 0 0 ]
        [0 0 0 0 0 0 0 0 0 0 0 0 0 0 0 0 ]
        [0 0 0 0 0 0 0 0 0 0 0 0 0 0 0 0 ]
        [0 0 0 0 0 0 0 0 0 0 0 0 0 0 0 0 ]
        [0 0 0 0 0 0 0 0 0 0 0 0 0 0 0 0 ]
        [0 0 0 0 0 0 0 0 0 0 0 0 0 0 0 0 ]
        [0 0 0 0 0 0 0 0 0 0 0 0 0 0 0 0 ]
        [0 0 0 0 0 0 0 0 0 0 0 0 0 0 0 0 ]
        [0 0 0 0 0 0 0 0 0 0 0 0 0 0 0 0 ]
        [0 0 0 0 0 0 0 0 0 0 0 0 0 0 0 0 ]
        [0 0 0 0 0 0 0 0 0 0 0 0 0 0 0 0 ]
        [0 0 0 0 0 0 0 0 0 0 0 0 0 0 0 0 ]
        [0 0 0 0 0 0 0 0 0 0 0 0 0 0 0 0 ]
        [0 0 0 0 0 0 0 0 0 0 0 0 0 0 0 0 ]
        [0 0 0 0 0 0 0 0 0 0 0 0 0 0 0 0 ]
        [0 0 0 0 0 0 0 0 0 0 0 0 0 0 0 0 ]
        [0 0 0 0 0 0 0 0 0 0 0 0 0 0 0 0 ]
        [0 0 0 0 0 0 0 0 0 0 0 0 0 0 0 0 ]
        [0 0 0 0 0 0 0 0 0 0 0 0 0 0 0 0 ]
        [0 0 0 0 0 0 0 0 0 0 0 0 0 0 0 0 ]
        [0 0 0 0 0 0 0 0 0 0 0 0 0 0 0 0 ]
        [0 0 0 0 0 0 0 0 0 0 0 0 0 0 0 0 ]
        [0 0 0 0 0 0 0 0 0 0 0 0 0 0 0 0 ]
        [0 0 0 0 0 0 0 0 0 0 0 0 0 0 0 0 ]
        [0 0 0 0 0 0 0 0 0 0 0 0 0 0 0 0 ]
        [0 0 0 0 0 0 0 0 0 0 0 0 0 0 0 0 ]
        [0 0 0 0 0 0 0 0 0 0 0 0 0 0 0 0 ]
        [0 0 0 0 0 0 0 0 0 0 0 0 0 0 0 0 ]
        [0 0 0 0 0 0 0 0 0 0 0 0 0 0 0 0 ]
        [0 0 0 0 0 0 0 0 0 0 0 0 0 0 0 0 ]
        [0 0 0 0 0 0 0 0 0 0 0 0 0 0 0 0 ]
        [0 0 0 0 0 0 0 0 0 0 0 0 0 0 0 0 ]
        [0 0 0 0 0 0 0 0 0 0 0 0 0 0 0 0 ]
        [0 0 0 0 0 0 0 0 0 0 0 0 0 0 0 0 ]
        [0 0 0 0 0 0 0 0 0 0 0 0 0 0 0 0 ]
        [0 0 0 0 0 0 0 0 0 0 0 0 0 0 0 0 ]
        [0 0 0 0 0 0 0 0 0 0 0 0 0 0 0 0 ]
        [0 0 0 0 0 0 0 0 0 0 0 0 0 0 0 0 ]
        [0 0 0 0 0 0 0 0 0 0 0 0 0 0 0 0 ]
        [0 0 0 0 0 0 0 0 0 0 0 0 0 0 0 0 ]
        [0 0 0 0 0 0 0 0 0 0 0 0 0 0 0 0 ]
        [0 0 0 0 0 0 0 0 0 0 0 0 0 0 0 0 ]
        [0 0 0 0 0 0 0 0 0 0 0 0 0 0 0 0 ]
        [0 0 0 0 0 0 0 0 0 0 0 0 0 0 0 0 ]
        [0 0 0 0 0 0 0 0 0 0 0 0 0 0 0 0 ]
        [0 0 0 0 0 0 0 0 0 0 0 0 0 0 0 0 ]
        [0 0 0 0 0 0 0 0 0 0 0 0 0 0 0 0 ]
        [0 0 0 0 0 0 0 0 0 0 0 0 0 0 0 0 ]
        [0 0 0 0 0 0 0 0 0 0 0 0 0 0 0 0 ]
        [0 0 0 0 0 0 0 0 0 0 0 0 0 0 0 0 ]
        [0 0 0 0 0 0 0 0 0 0 0 0 0 0 0 0 ]
        [0 0 0 0 0 0 0 0 0 0 0 0 0 0 0 0 ]
        [0 0 0 0 0 0 0 0 0 0 0 0 0 0 0 0 ]
        [0 0 0 0 0 0 0 0 0 0 0 0 0 0 0 0 ]
        [0 0 0 0 0 0 0 0 0 0 0 0 0 0 0 0 ]
        [0 0 0 0 0 0 0 0 0 0 0 0 0 0 0 0 ]
        [0 0 0 0 0 0 0 0 0 0 0 0 0 0 0 0 ]
        [0 0 0 0 0 0 0 0 0 0 0 0 0 0 0 0 ]
        [0 0 0 0 0 0 0 0 0 0 0 0 0 0 0 0 ]
        [0 0 0 0 0 0 0 0 0 0 0 0 0 0 0 0 ]
        [0 0 0 0 0 0 0 0 0 0 0 0 0 0 0 0 ]
        [0 0 0 0 0 0 0 0 0 0 0 0 0 0 0 0 ]
        [0 0 0 0 0 0 0 0 0 0 0 0 0 0 0 0 ]
        [0 0 0 0 0 0 0 0 0 0 0 0 0 0 0 0 ]
        [0 0 0 0 0 0 0 0 0 0 0 0 0 0 0 0 ]
        [0 0 0 0 0 0 0 0 0 0 0 0 0 0 0 0 ]
        [0 0 0 0 0 0 0 0 0 0 0 0 0 0 0 0 ]
        [0 0 0 0 0 0 0 0 0 0 0 0 0 0 0 0 ]
        [0 0 0 0 0 0 0 0 0 0 0 0 0 0 0 0 ]
        [0 0 0 0 0 0 0 0 0 0 0 0 0 0 0 0 ]
        [0 0 0 0 0 0 0 0 0 0 0 0 0 0 0 0 ]
        [0 0 0 0 0 0 0 0 0 0 0 0 0 0 0 0 ]
        [0 0 0 0 0 0 0 0 0 0 0 0 0 0 0 0 ]
        [0 0 0 0 0 0 0 0 0 0 0 0 0 0 0 0 ]
        [0 0 0 0 0 0 0 0 0 0 0 0 0 0 0 0 ]
        [0 0 0 0 0 0 0 0 0 0 0 0 0 0 0 0 ]
        [0 0 0 0 0 0 0 0 0 0 0 0 0 0 0 0 ]
        [0 0 0 0 0 0 0 0 0 0 0 0 0 0 0 0 ]
        [0 0 0 0 0 0 0 0 0 0 0 0 0 0 0 0 ]
        [0 0 0 0 0 0 0 0 0 0 0 0 0 0 0 0 ]
        [0 0 0 0 0 0 0 0 0 0 0 0 0 0 0 0 ]
        [0 0 0 0 0 0 0 0 0 0 0 0 0 0 0 0 ]
        [0 0 0 0 0 0 0 0 0 0 0 0 0 0 0 0 ]
        [0 0 0 0 0 0 0 0 0 0 0 0 0 0 0 0 ]
        [0 0 0 0 0 0 0 0 0 0 0 0 0 0 0 0 ]
        [0 0 0 0 0 0 0 0 0 0 0 0 0 0 0 0 ]
        [0 0 0 0 0 0 0 0 0 0 0 0 0 0 0 0 ]
        [0 0 0 0 0 0 0 0 0 0 0 0 0 0 0 0 ]
        [0 0 0 0 0 0 0 0 0 0 0 0 0 0 0 0 ]
        [0 0 0 0 0 0 0 0 0 0 0 0 0 0 0 0 ]
        [0 0 0 0 0 0 0 0 0 0 0 0 0 0 0 0 ]
        [0 0 0 0 0 0 0 0 0 0 0 0 0 0 0 0 ]
        [0 0 0 0 0 0 0 0 0 0 0 0 0 0 0 0 ]
        [0 0 0 0 0 0 0 0 0 0 0 0 0 0 0 0 ]
        [0 0 0 0 0 0 0 0 0 0 0 0 0 0 0 0 ]
        [0 0 0 0 0 0 0 0 0 0 0 0 0 0 0 0 ]
        [0 0 0 0 0 0 0 0 0 0 0 0 0 0 0 0 ]
        [0 0 0 0 0 0 0 0 0 0 0 0 0 0 0 0 ]
        [0 0 0 0 0 0 0 0 0 0 0 0 0 0 0 0 ]
        [0 0 0 0 0 0 0 0 0 0 0 0 0 0 0 0 ]
        [0 0 0 0 0 0 0 0 0 0 0 0 0 0 0 0 ]
        [0 0 0 0 0 0 0 0 0 0 0 0 0 0 0 0 ]
        [0 0 0 0 0 0 0 0 0 0 0 0 0 0 0 0 ]
        [0 0 0 0 0 0 0 0 0 0 0 0 0 0 0 0 ]
        [0 0 0 0 0 0 0 0 0 0 0 0 0 0 0 0 ]
        [0 0 0 0 0 0 0 0 0 0 0 0 0 0 0 0 ]
        [0 0 0 0 0 0 0 0 0 0 0 0 0 0 0 0 ]
        [0 0 0 0 0 0 0 0 0 0 0 0 0 0 0 0 ]
        [0 0 0 0 0 0 0 0 0 0 0 0 0 0 0 0 ]
        [0 0 0 0 0 0 0 0 0 0 0 0 0 0 0 0 ]
        [0 0 0 0 0 0 0 0 0 0 0 0 0 0 0 0 ]
        [0 0 0 0 0 0 0 0 0 0 0 0 0 0 0 0 ]
        [0 0 0 0 0 0 0 0 0 0 0 0 0 0 0 0 ]
        [0 0 0 0 0 0 0 0 0 0 0 0 0 0 0 0 ]
        [0 0 0 0 0 0 0 0 0 0 0 0 0 0 0 0 ]
        [0 0 0 0 0 0 0 0 0 0 0 0 0 0 0 0 ]
        [0 0 0 0 0 0 0 0 0 0 0 0 0 0 0 0 ]
        [0 0 0 0 0 0 0 0 0 0 0 0 0 0 0 0 ]
        [0 0 0 0 0 0 0 0 0 0 0 0 0 0 0 0 ]
        [0 0 0 0 0 0 0 0 0 0 0 0 0 0 0 0 ]
        [0 0 0 0 0 0 0 0 0 0 0 0 0 0 0 0 ]
        [0 0 0 0 0 0 0 0 0 0 0 0 0 0 0 0 ]
        [0 0 0 0 0 0 0 0 0 0 0 0 0 0 0 0 ]
        [0 0 0 0 0 0 0 0 0 0 0 0 0 0 0 0 ]
        [0 0 0 0 0 0 0 0 0 0 0 0 0 0 0 0 ]
        [0 0 0 0 0 0 0 0 0 0 0 0 0 0 0 0 ]
        [0 0 0 0 0 0 0 0 0 0 0 0 0 0 0 0 ]
        [0 0 0 0 0 0 0 0 0 0 0 0 0 0 0 0 ]
        [0 0 0 0 0 0 0 0 0 0 0 0 0 0 0 0 ]
        [0 0 0 0 0 0 0 0 0 0 0 0 0 0 0 0 ]
        [0 0 0 0 0 0 0 0 0 0 0 0 0 0 0 0 ]
        [0 0 0 0 0 0 0 0 0 0 0 0 0 0 0 0 ]
        [0 0 0 0 0 0 0 0 0 0 0 0 0 0 0 0 ]
        [0 0 0 0 0 0 0 0 0 0 0 0 0 0 0 0 ]
        [0 0 0 0 0 0 0 0 0 0 0 0 0 0 0 0 ]
        [0 0 0 0 0 0 0 0 0 0 0 0 0 0 0 0 ]
        [0 0 0 0 0 0 0 0 0 0 0 0 0 0 0 0 ]
        [0 0 0 0 0 0 0 0 0 0 0 0 0 0 0 0 ]
        [0 0 0 0 0 0 0 0 0 0 0 0 0 0 0 0 ]
        [0 0 0 0 0 0 0 0 0 0 0 0 0 0 0 0 ]
        [0 0 0 0 0 0 0 0 0 0 0 0 0 0 0 0 ]
        [0 0 0 0 0 0 0 0 0 0 0 0 0 0 0 0 ]
        [0 0 0 0 0 0 0 0 0 0 0 0 0 0 0 0 ]
        [0 0 0 0 0 0 0 0 0 0 0 0 0 0 0 0 ]
        [0 0 0 0 0 0 0 0 0 0 0 0 0 0 0 0 ]
        [0 0 0 0 0 0 0 0 0 0 0 0 0 0 0 0 ]
        [0 0 0 0 0 0 0 0 0 0 0 0 0 0 0 0 ]
        [0 0 0 0 0 0 0 0 0 0 0 0 0 0 0 0 ]
        [0 0 0 0 0 0 0 0 0 0 0 0 0 0 0 0 ]
        [0 0 0 0 0 0 0 0 0 0 0 0 0 0 0 0 ]
        [0 0 0 0 0 0 0 0 0 0 0 0 0 0 0 0 ]
        [0 0 0 0 0 0 0 0 0 0 0 0 0 0 0 0 ]
        [0 0 0 0 0 0 0 0 0 0 0 0 0 0 0 0 ]
        [0 0 0 0 0 0 0 0 0 0 0 0 0 0 0 0 ]
        [0 0 0 0 0 0 0 0 0 0 0 0 0 0 0 0 ]
        [0 0 0 0 0 0 0 0 0 0 0 0 0 0 0 0 ]
        [0 0 0 0 0 0 0 0 0 0 0 0 0 0 0 0 ]
        [0 0 0 0 0 0 0 0 0 0 0 0 0 0 0 0 ]
        [0 0 0 0 0 0 0 0 0 0 0 0 0 0 0 0 ]
        [0 0 0 0 0 0 0 0 0 0 0 0 0 0 0 0 ]
        [0 0 0 0 0 0 0 0 0 0 0 0 0 0 0 0 ]
        [0 0 0 0 0 0 0 0 0 0 0 0 0 0 0 0 ]
        [0 0 0 0 0 0 0 0 0 0 0 0 0 0 0 0 ]
        [0 0 0 0 0 0 0 0 0 0 0 0 0 0 0 0 ]
        [0 0 0 0 0 0 0 0 0 0 0 0 0 0 0 0 ]
        [0 0 0 0 0 0 0 0 0 0 0 0 0 0 0 0 ]
        [0 0 0 0 0 0 0 0 0 0 0 0 0 0 0 0 ]
        [0 0 0 0 0 0 0 0 0 0 0 0 0 0 0 0 ]
        [0 0 0 0 0 0 0 0 0 0 0 0 0 0 0 0 ]
        [0 0 0 0 0 0 0 0 0 0 0 0 0 0 0 0 ]
        [0 0 0 0 0 0 0 0 0 0 0 0 0 0 0 0 ]
        [0 0 0 0 0 0 0 0 0 0 0 0 0 0 0 0 ]
        [0 0 0 0 0 0 0 0 0 0 0 0 0 0 0 0 ]
        [0 0 0 0 0 0 0 0 0 0 0 0 0 0 0 0 ]
        [0 0 0 0 0 0 0 0 0 0 0 0 0 0 0 0 ]
        [0 0 0 0 0 0 0 0 0 0 0 0 0 0 0 0 ]
        [0 0 0 0 0 0 0 0 0 0 0 0 0 0 0 0 ]
        [0 0 0 0 0 0 0 0 0 0 0 0 0 0 0 0 ]
        [0 0 0 0 0 0 0 0 0 0 0 0 0 0 0 0 ]
        [0 0 0 0 0 0 0 0 0 0 0 0 0 0 0 0 ]
        [0 0 0 0 0 0 0 0 0 0 0 0 0 0 0 0 ]
        [0 0 0 0 0 0 0 0 0 0 0 0 0 0 0 0 ]
        [0 0 0 0 0 0 0 0 0 0 0 0 0 0 0 0 ]
        [0 0 0 0 0 0 0 0 0 0 0 0 0 0 0 0 ]
        [0 0 0 0 0 0 0 0 0 0 0 0 0 0 0 0 ]
        [0 0 0 0 0 0 0 0 0 0 0 0 0 0 0 0 ]
        [0 0 0 0 0 0 0 0 0 0 0 0 0 0 0 0 ]
        [0 0 0 0 0 0 0 0 0 0 0 0 0 0 0 0 ]
        [0 0 0 0 0 0 0 0 0 0 0 0 0 0 0 0 ]
        [0 0 0 0 0 0 0 0 0 0 0 0 0 0 0 0 ]
        [0 0 0 0 0 0 0 0 0 0 0 0 0 0 0 0 ]
        [0 0 0 0 0 0 0 0 0 0 0 0 0 0 0 0 ]
        [0 0 0 0 0 0 0 0 0 0 0 0 0 0 0 0 ]
        [0 0 0 0 0 0 0 0 0 0 0 0 0 0 0 0 ]
        [0 0 0 0 0 0 0 0 0 0 0 0 0 0 0 0 ]
        [0 0 0 0 0 0 0 0 0 0 0 0 0 0 0 0 ]
        [0 0 0 0 0 0 0 0 0 0 0 0 0 0 0 0 ]
        [0 0 0 0 0 0 0 0 0 0 0 0 0 0 0 0 ]
        [0 0 0 0 0 0 0 0 0 0 0 0 0 0 0 0 ]
        [0 0 0 0 0 0 0 0 0 0 0 0 0 0 0 0 ]
        [0 0 0 0 0 0 0 0 0 0 0 0 0 0 0 0 ]
        [0 0 0 0 0 0 0 0 0 0 0 0 0 0 0 0 ]
        [0 0 0 0 0 0 0 0 0 0 0 0 0 0 0 0 ]
        [0 0 0 0 0 0 0 0 0 0 0 0 0 0 0 0 ]
        [0 0 0 0 0 0 0 0 0 0 0 0 0 0 0 0 ]
        [0 0 0 0 0 0 0 0 0 0 0 0 0 0 0 0 ]
        [0 0 0 0 0 0 0 0 0 0 0 0 0 0 0 0 ]
        [0 0 0 0 0 0 0 0 0 0 0 0 0 0 0 0 ]
        [0 0 0 0 0 0 0 0 0 0 0 0 0 0 0 0 ]
        [0 0 0 0 0 0 0 0 0 0 0 0 0 0 0 0 ]
        [0 0 0 0 0 0 0 0 0 0 0 0 0 0 0 0 ]
        [0 0 0 0 0 0 0 0 0 0 0 0 0 0 0 0 ]
        [0 0 0 0 0 0 0 0 0 0 0 0 0 0 0 0 ]
        [0 0 0 0 0 0 0 0 0 0 0 0 0 0 0 0 ]
        [0 0 0 0 0 0 0 0 0 0 0 0 0 0 0 0 ]
        [0 0 0 0 0 0 0 0 0 0 0 0 0 0 0 0 ]
        [0 0 0 0 0 0 0 0 0 0 0 0 0 0 0 0 ]
        [0 0 0 0 0 0 0 0 0 0 0 0 0 0 0 0 ]
        [0 0 0 0 0 0 0 0 0 0 0 0 0 0 0 0 ]
        [0 0 0 0 0 0 0 0 0 0 0 0 0 0 0 0 ]
        [0 0 0 0 0 0 0 0 0 0 0 0 0 0 0 0 ]
        [0 0 0 0 0 0 0 0 0 0 0 0 0 0 0 0 ]
        [0 0 0 0 0 0 0 0 0 0 0 0 0 0 0 0 ]
        [0 0 0 0 0 0 0 0 0 0 0 0 0 0 0 0 ]
        [0 0 0 0 0 0 0 0 0 0 0 0 0 0 0 0 ]
        [0 0 0 0 0 0 0 0 0 0 0 0 0 0 0 0 ]
        [0 0 0 0 0 0 0 0 0 0 0 0 0 0 0 0 ]
        [0 0 0 0 0 0 0 0 0 0 0 0 0 0 0 0 ]
        [0 0 0 0 0 0 0 0 0 0 0 0 0 0 0 0 ]
        [0 0 0 0 0 0 0 0 0 0 0 0 0 0 0 0 ]
        [0 0 0 0 0 0 0 0 0 0 0 0 0 0 0 0 ]
        [0 0 0 0 0 0 0 0 0 0 0 0 0 0 0 0 ]
        [0 0 0 0 0 0 0 0 0 0 0 0 0 0 0 0 ]
        [0 0 0 0 0 0 0 0 0 0 0 0 0 0 0 0 ]
        [0 0 0 0 0 0 0 0 0 0 0 0 0 0 0 0 ]
        [0 0 0 0 0 0 0 0 0 0 0 0 0 0 0 0 ]
        [0 0 0 0 0 0 0 0 0 0 0 0 0 0 0 0 ]
        [0 0 0 0 0 0 0 0 0 0 0 0 0 0 0 0 ]
        [0 0 0 0 0 0 0 0 0 0 0 0 0 0 0 0 ]
        [0 0 0 0 0 0 0 0 0 0 0 0 0 0 0 0 ]
        [0 0 0 0 0 0 0 0 0 0 0 0 0 0 0 0 ]
        [0 0 0 0 0 0 0 0 0 0 0 0 0 0 0 0 ]
        [0 0 0 0 0 0 0 0 0 0 0 0 0 0 0 0 ]
        [0 0 0 0 0 0 0 0 0 0 0 0 0 0 0 0 ]
        [0 0 0 0 0 0 0 0 0 0 0 0 0 0 0 0 ]
        [0 0 0 0 0 0 0 0 0 0 0 0 0 0 0 0 ]
        [0 0 0 0 0 0 0 0 0 0 0 0 0 0 0 0 ]
        [0 0 0 0 0 0 0 0 0 0 0 0 0 0 0 0 ]
        [0 0 0 0 0 0 0 0 0 0 0 0 0 0 0 0 ]
        [0 0 0 0 0 0 0 0 0 0 0 0 0 0 0 0 ]
        [0 0 0 0 0 0 0 0 0 0 0 0 0 0 0 0 ]
        [0 0 0 0 0 0 0 0 0 0 0 0 0 0 0 0 ]
        [0 0 0 0 0 0 0 0 0 0 0 0 0 0 0 0 ]
        [0 0 0 0 0 0 0 0 0 0 0 0 0 0 0 0 ]
        [0 0 0 0 0 0 0 0 0 0 0 0 0 0 0 0 ]
        [0 0 0 0 0 0 0 0 0 0 0 0 0 0 0 0 ]
        [0 0 0 0 0 0 0 0 0 0 0 0 0 0 0 0 ]
        [0 0 0 0 0 0 0 0 0 0 0 0 0 0 0 0 ]
        [0 0 0 0 0 0 0 0 0 0 0 0 0 0 0 0 ]
        [0 0 0 0 0 0 0 0 0 0 0 0 0 0 0 0 ]
        [0 0 0 0 0 0 0 0 0 0 0 0 0 0 0 0 ]
        [0 0 0 0 0 0 0 0 0 0 0 0 0 0 0 0 ]
        [0 0 0 0 0 0 0 0 4 0 0 0 0 0 0 0 ]
      org.codeaurora.qcamera3.sensor_meta_data.stereoCalibrationData (80c90010): byte[1248]
        [0 0 0 0 0 0 0 0 0 0 0 0 0 0 0 0 ]
        [0 0 0 0 0 0 0 0 0 0 0 0 0 0 0 0 ]
        [0 0 0 0 0 0 0 0 0 0 0 0 0 0 0 0 ]
        [0 0 0 0 0 0 0 0 0 0 0 0 0 0 0 0 ]
        [0 0 0 0 0 0 0 0 0 0 0 0 0 0 0 0 ]
        [0 0 0 0 0 0 0 0 0 0 0 0 0 0 0 0 ]
        [0 0 0 0 0 0 0 0 0 0 0 0 0 0 0 0 ]
        [0 0 0 0 0 0 0 0 0 0 0 0 0 0 0 0 ]
        [0 0 0 0 0 0 0 0 0 0 0 0 0 0 0 0 ]
        [0 0 0 0 0 0 0 0 0 0 0 0 0 0 0 0 ]
        [0 0 0 0 0 0 0 0 0 0 0 0 0 0 0 0 ]
        [0 0 0 0 0 0 0 0 0 0 0 0 0 0 0 0 ]
        [0 0 0 0 0 0 0 0 0 0 0 0 0 0 0 0 ]
        [0 0 0 0 0 0 0 0 0 0 0 0 0 0 0 0 ]
        [0 0 0 0 0 0 0 0 0 0 0 0 0 0 0 0 ]
        [0 0 0 0 0 0 0 0 0 0 0 0 0 0 0 0 ]
        [0 0 0 0 0 0 0 0 0 0 0 0 0 0 0 0 ]
        [0 0 0 0 0 0 0 0 0 0 0 0 0 0 0 0 ]
        [0 0 0 0 0 0 0 0 0 0 0 0 0 0 0 0 ]
        [0 0 0 0 0 0 0 0 0 0 0 0 0 0 0 0 ]
        [0 0 0 0 0 0 0 0 0 0 0 0 0 0 0 0 ]
        [0 0 0 0 0 0 0 0 0 0 0 0 0 0 0 0 ]
        [0 0 0 0 0 0 0 0 0 0 0 0 0 0 0 0 ]
        [0 0 0 0 0 0 0 0 0 0 0 0 0 0 0 0 ]
        [0 0 0 0 0 0 0 0 0 0 0 0 0 0 0 0 ]
        [0 0 0 0 0 0 0 0 0 0 0 0 0 0 0 0 ]
        [0 0 0 0 0 0 0 0 0 0 0 0 0 0 0 0 ]
        [0 0 0 0 0 0 0 0 0 0 0 0 0 0 0 0 ]
        [0 0 0 0 0 0 0 0 0 0 0 0 0 0 0 0 ]
        [0 0 0 0 0 0 0 0 0 0 0 0 0 0 0 0 ]
        [0 0 0 0 0 0 0 0 0 0 0 0 0 0 0 0 ]
        [0 0 0 0 0 0 0 0 0 0 0 0 0 0 0 0 ]
        [0 0 0 0 0 0 0 0 0 0 0 0 0 0 0 0 ]
        [0 0 0 0 0 0 0 0 0 0 0 0 0 0 0 0 ]
        [0 0 0 0 0 0 0 0 0 0 0 0 0 0 0 0 ]
        [0 0 0 0 0 0 0 0 0 0 0 0 0 0 0 0 ]
        [0 0 0 0 0 0 0 0 0 0 0 0 0 0 0 0 ]
        [0 0 0 0 0 0 0 0 0 0 0 0 0 0 0 0 ]
        [0 0 0 0 0 0 0 0 0 0 0 0 0 0 0 0 ]
        [0 0 0 0 0 0 0 0 0 0 0 0 0 0 0 0 ]
        [0 0 0 0 0 0 0 0 0 0 0 0 0 0 0 0 ]
        [0 0 0 0 0 0 0 0 0 0 0 0 0 0 0 0 ]
        [0 0 0 0 0 0 0 0 0 0 0 0 0 0 0 0 ]
        [0 0 0 0 0 0 0 0 0 0 0 0 0 0 0 0 ]
        [0 0 0 0 0 0 0 0 0 0 0 0 0 0 0 0 ]
        [0 0 0 0 0 0 0 0 0 0 0 0 0 0 0 0 ]
        [0 0 0 0 0 0 0 0 0 0 0 0 0 0 0 0 ]
        [0 0 0 0 0 0 0 0 0 0 0 0 0 0 0 0 ]
        [0 0 0 0 0 0 0 0 0 0 0 0 0 0 0 0 ]
        [0 0 0 0 0 0 0 0 0 0 0 0 0 0 0 0 ]
        [0 0 0 0 0 0 0 0 0 0 0 0 0 0 0 0 ]
        [0 0 0 0 0 0 0 0 0 0 0 0 0 0 0 0 ]
        [0 0 0 0 0 0 0 0 0 0 0 0 0 0 0 0 ]
        [0 0 0 0 0 0 0 0 0 0 0 0 0 0 0 0 ]
        [0 0 0 0 0 0 0 0 0 0 0 0 0 0 0 0 ]
        [0 0 0 0 0 0 0 0 0 0 0 0 0 0 0 0 ]
        [0 0 0 0 0 0 0 0 0 0 0 0 0 0 0 0 ]
        [0 0 0 0 0 0 0 0 0 0 0 0 0 0 0 0 ]
        [0 0 0 0 0 0 0 0 0 0 0 0 0 0 0 0 ]
        [0 0 0 0 0 0 0 0 0 0 0 0 0 0 0 0 ]
        [0 0 0 0 0 0 0 0 0 0 0 0 0 0 0 0 ]
        [0 0 0 0 0 0 0 0 0 0 0 0 0 0 0 0 ]
        [0 0 0 0 0 0 0 0 0 0 0 0 0 0 0 0 ]
        [0 0 0 0 0 0 0 0 0 0 0 0 0 0 0 0 ]
        [0 0 0 0 0 0 0 0 0 0 0 0 0 0 0 0 ]
        [0 0 0 0 0 0 0 0 0 0 0 0 0 0 0 0 ]
        [0 0 0 0 0 0 0 0 0 0 0 0 0 0 0 0 ]
        [0 0 0 0 0 0 0 0 0 0 0 0 0 0 0 0 ]
        [0 0 0 0 0 0 0 0 0 0 0 0 0 0 0 0 ]
        [0 0 0 0 0 0 0 0 0 0 0 0 0 0 0 0 ]
        [0 0 0 0 0 0 0 0 0 0 0 0 0 0 0 0 ]
        [0 0 0 0 0 0 0 0 0 0 0 0 0 0 0 0 ]
        [0 0 0 0 0 0 0 0 0 0 0 0 0 0 0 0 ]
        [0 0 0 0 0 0 0 0 0 0 0 0 0 0 0 0 ]
        [0 0 0 0 0 0 0 0 0 0 0 0 0 0 0 0 ]
        [0 0 0 0 0 0 0 0 0 0 0 0 0 0 0 0 ]
        [0 0 0 0 0 0 0 0 0 0 0 0 0 0 0 0 ]
        [0 0 0 0 0 0 0 0 0 0 0 0 0 0 0 0 ]
      org.codeaurora.qcamera3.sharpness.range (809c0001): int32[2]
        [0 6 ]
      org.codeaurora.qcamera3.histogram.buckets (80c40001): int32[1]
        [256 ]
      org.codeaurora.qcamera3.histogram.max_count (80c40002): int32[1]
        [256 ]
      org.codeaurora.qcamera3.instant_aec.instant_aec_available_modes (80c70001): int32[3]
        [0 1 2 ]
      org.codeaurora.qcamera3.sensor_meta_data.mountAngle (80c90005): int32[1]
        [0 ]
      org.codeaurora.qcamera3.sensor_meta_data.CSIPHYSlotInfo (80c90006): int32[1]
        [2 ]
      org.codeaurora.qcamera3.sensor_meta_data.cameraPosition (80c90007): int32[1]
        [1 ]
      org.codeaurora.qcamera3.sensor_meta_data.sensorCaps (80c9000d): byte[248]
        [248 0 0 0 0 0 0 0 1 0 0 0 1 0 0 0 ]
        [10 215 35 63 0 0 0 0 0 0 0 0 0 20 0 0 ]
        [0 15 0 0 0 0 0 0 0 244 196 52 123 0 0 180 ]
        [255 63 0 0 0 0 0 0 0 0 0 0 0 0 0 0 ]
        [96 87 221 124 123 0 0 180 0 0 0 0 0 0 0 0 ]
        [0 20 0 0 0 15 0 0 0 0 0 0 0 0 0 0 ]
        [0 0 0 0 0 0 0 0 0 0 0 0 0 0 0 0 ]
        [0 0 0 0 0 0 0 0 0 0 0 0 0 0 0 0 ]
        [0 0 0 0 0 0 0 0 0 0 0 0 0 0 0 0 ]
        [0 0 0 0 0 0 0 0 0 0 0 0 0 0 0 0 ]
        [0 0 0 0 0 0 0 0 0 0 0 0 0 0 0 0 ]
        [0 0 0 0 0 0 0 0 0 0 0 0 0 0 0 0 ]
        [0 0 0 0 0 0 0 0 0 0 0 0 0 0 0 0 ]
        [0 0 0 0 0 0 0 0 0 0 0 0 0 0 0 0 ]
        [0 0 0 0 0 0 0 0 0 0 0 0 0 0 0 0 ]
        [0 0 0 0 0 0 0 0 ]
      org.quic.camera.AIDESupported.isAIDESupported (803a0000): byte[1]
        [0 ]
      org.quic.camera.SensorModeFS.isFastShutterModeSupported (80a70000): byte[1]
        [0 ]
      org.codeaurora.qcamera3.manualWB.color_temperature_range (808c0001): int32[2]
        [2000 8000 ]
      org.codeaurora.qcamera3.manualWB.gains_range (808c0004): float[2]
        [1.00000000 31.98999977 ]
      org.codeaurora.qcamera3.platformCapabilities.IPEICACapabilities (801c0000): byte[8]
        [0 0 0 0 89 13 0 0 ]
      org.codeaurora.qcamera3.platformCapabilities.ExtendedMaxZoom (801c0001): float[1]
        [100.00000000 ]
      org.codeaurora.qcamera3.platformCapabilities.EnableVSR (801c0002): int32[1]
        [2 ]
      org.codeaurora.qcamera3.platformCapabilities.EnableVIULL (801c0003): int32[1]
        [1 ]
      org.codeaurora.qcamera3.platformCapabilities.EnableAICameraHSR (801c0004): int32[1]
        [1 ]
      org.quic.camera2.sensormode.info.SensorModeTable (80090000): int32[23]
        [7 3 5120 3840 ]
        [18 2560 1920 30 ]
        [2560 1440 30 2560 ]
        [1920 60 2560 1440 ]
        [60 2560 1920 15 ]
        [2560 1440 15 ]
      org.quic.camera2.customhfrfps.info.CustomHFRFpsTable (800d0000): int32[144]
        [2560 1920 60 0 ]
        [2560 1440 60 0 ]
        [1920 1440 60 0 ]
        [2520 1080 60 0 ]
        [2480 1080 60 0 ]
        [2136 1200 60 0 ]
        [2160 1080 60 0 ]
        [1584 1440 60 0 ]
        [1920 1080 60 0 ]
        [1440 1440 60 0 ]
        [1920 864 60 0 ]
        [1320 1200 60 0 ]
        [1440 1080 60 0 ]
        [1220 1134 60 0 ]
        [1600 800 60 0 ]
        [1086 1134 60 0 ]
        [1280 960 60 0 ]
        [1080 1080 60 0 ]
        [1584 720 60 0 ]
        [1280 720 60 0 ]
        [960 960 60 0 ]
        [1024 768 60 0 ]
        [1024 444 60 0 ]
        [864 480 60 0 ]
        [720 540 60 0 ]
        [720 480 60 0 ]
        [800 400 60 0 ]
        [640 480 60 0 ]
        [826 360 60 0 ]
        [640 360 60 0 ]
        [640 278 60 0 ]
        [352 288 60 0 ]
        [480 200 60 0 ]
        [320 240 60 0 ]
        [266 266 60 0 ]
        [176 144 60 0 ]
      org.quic.camera.ltmDynamicContrast.ltmDynamicContrastStrengthRange (80b20003): float[2]
        [-100.00000000 100.00000000 ]
      org.quic.camera.ltmDynamicContrast.ltmDarkBoostStrengthRange (80b20004): float[2]
        [-100.00000000 100.00000000 ]
      org.quic.camera.ltmDynamicContrast.ltmBrightSupressStrengthRange (80b20005): float[2]
        [-100.00000000 100.00000000 ]
      org.quic.camera.swcapabilities.SWMCTFEnable (80b60000): byte[1]
        [0 ]
      org.codeaurora.qcamera3.stats.bsgc_available (81060001): byte[1]
        [0 ]
      org.quic.camera.swcapabilities.MFNRType (80b60001): int32[1]
        [1 ]
      org.quic.camera.swcapabilities.isQLLSupported (80b60003): byte[1]
        [1 ]
      org.quic.camera.swcapabilities.isDMMSupported (80b60004): byte[1]
        [1 ]
      org.quic.camera2.objectTrackingResults.TrackerEnable (80830000): byte[1]
        [1 ]
      com.oplus.autoDiag.support (811700d5): byte[1]
        [1 ]
      com.oplus.autoDiag.moduleValid (811700d4): int32[2]
        [2079 2079 ]
      org.codeaurora.qcamera3.platformCapabilities.HWUsecaseModeCapsMask (801c0005): int32[1]
        [250 ]
      org.codeaurora.qcamera3.platformCapabilities.SupportedCustomizeTuningMask (801c0006): int32[1]
        [255 ]
      org.codeaurora.qcamera3.logicalCameraType.logical_camera_type (80ae0000): byte[1]
        [0 ]
      org.codeaurora.qcamera3.sessionParameters.enableMFNR (80200001): int32[1]
        [1 ]
      org.codeaurora.qcamera3.sessionParameters.HDRMode (80200002): int32[1]
        [0 ]
      org.codeaurora.qcamera3.sessionParameters.numHDRexposure (80200017): int32[1]
        [0 ]
      org.codeaurora.qcamera3.sessionParameters.EnableHDRDCGMode (80200018): int32[1]
        [0 ]
      org.codeaurora.qcamera3.sessionParameters.EnableAutoHDR (80200015): int32[1]
        [0 ]
      org.codeaurora.qcamera3.sessionParameters.HDRModePreference (80200019): int32[1]
        [0 ]
      org.codeaurora.qcamera3.sessionParameters.enableQLL (8020000d): int32[1]
        [0 ]
      org.codeaurora.qcamera3.sessionParameters.enableStatsVisualizer (80200011): byte[1]
        [0 ]
      org.codeaurora.qcamera3.sessionParameters.EnableAFBracketing (8020001a): int32[1]
        [0 ]
      org.codeaurora.qcamera3.sessionParameters.EnableSalinet (80200029): byte[1]
        [0 ]
      org.codeaurora.qcamera3.sessionParameters.EnableXCFAOptimization (80200035): byte[1]
        [0 ]
      org.codeaurora.qcamera3.HDRMaxResolutionCap.HDRMaxResolution (809b0000): int32[2]
        [0 0 ]
      android.scaler.physicalCameraMultiResolutionStreamConfigurations (d0013): int32[36]
        [34 2560 1920 OUTPUT ]
        [34 2560 1920 INPUT ]
        [35 2560 1920 OUTPUT ]
        [35 2560 1920 INPUT ]
        [33 2560 1920 OUTPUT ]
        [54 2560 1920 OUTPUT ]
        [37 2560 1920 OUTPUT ]
        [32 2560 1920 OUTPUT ]
        [36 2560 1920 OUTPUT ]
      com.oplus.custom.jpeg.size (8117001e): int32[34]
        [2560 1440 2560 1920 ]
        [1920 1920 2328 1748 ]
        [2112 1584 960 1080 ]
        [640 368 464 464 ]
        [2112 1920 2560 1120 ]
        [5120 3840 5120 2880 ]
        [4224 3840 5120 2240 ]
        [3840 3840 480 480 ]
        [480 270 ]
      com.oplus.engineercamera.jpeg.size (81170020): int32[4]
        [2560 1920 2560 1920 ]
      com.oplus.custom.raw.size (8117001f): int32[2]
        [2560 1920 ]
      com.oplus.LogicalCameraInfoMap (81170004): byte[3928]
        [1 0 0 0 4 0 0 0 1 0 0 0 0 0 0 0 ]
        [1 0 0 0 4 0 0 0 1 0 0 0 1 0 0 0 ]
        [248 0 0 0 3 0 0 0 0 0 0 0 2 0 0 0 ]
        [10 215 35 63 0 0 0 0 0 0 0 0 0 20 0 0 ]
        [0 15 0 0 0 0 0 0 0 244 196 52 123 0 0 180 ]
        [255 63 0 0 0 0 0 0 1 0 0 0 0 0 0 0 ]
        [96 87 221 124 123 0 0 180 0 0 0 0 0 0 0 0 ]
        [0 20 0 0 0 15 0 0 0 0 0 0 0 0 0 0 ]
        [0 0 0 0 0 0 0 0 0 0 0 0 0 0 0 0 ]
        [0 0 0 0 0 0 0 0 0 0 0 0 0 0 0 0 ]
        [0 0 0 0 0 0 0 0 0 0 0 0 0 0 0 0 ]
        [0 0 0 0 0 0 0 0 0 0 0 0 0 0 0 0 ]
        [0 0 0 0 0 0 0 0 0 0 0 0 0 0 0 0 ]
        [0 0 0 0 0 0 0 0 0 0 0 0 0 0 0 0 ]
        [0 0 0 0 0 0 0 0 0 0 0 0 0 0 0 0 ]
        [0 0 0 0 0 0 0 0 0 0 0 0 0 0 0 0 ]
        [0 0 0 0 0 0 0 0 0 0 0 0 0 0 0 0 ]
        [0 0 0 0 0 0 0 0 0 0 0 0 0 0 0 0 ]
        [0 0 0 0 0 0 0 0 0 0 0 0 0 0 0 0 ]
        [0 0 0 0 0 0 0 0 0 0 0 0 0 0 0 0 ]
        [0 0 0 0 0 0 0 0 0 0 0 0 0 0 0 0 ]
        [0 0 0 0 0 0 0 0 0 0 0 0 0 0 0 0 ]
        [0 0 0 0 0 0 0 0 0 0 0 0 0 0 0 0 ]
        [0 0 0 0 0 0 0 0 0 0 0 0 0 0 0 0 ]
        [0 0 0 0 0 0 0 0 0 0 0 0 0 0 0 0 ]
        [0 0 0 0 0 0 0 0 0 0 0 0 0 0 0 0 ]
        [0 0 0 0 0 0 0 0 0 0 0 0 0 0 0 0 ]
        [0 0 0 0 0 0 0 0 0 0 0 0 0 0 0 0 ]
        [0 0 0 0 0 0 0 0 0 0 0 0 0 0 0 0 ]
        [0 0 0 0 0 0 0 0 0 0 0 0 0 0 0 0 ]
        [0 0 0 0 0 0 0 0 0 0 0 0 0 0 0 0 ]
        [0 0 0 0 0 0 0 0 0 0 0 0 0 0 0 0 ]
        [0 0 0 0 0 0 0 0 0 0 0 0 0 0 0 0 ]
        [0 0 0 0 0 0 0 0 0 0 0 0 0 0 0 0 ]
        [0 0 0 0 0 0 0 0 0 0 0 0 0 0 0 0 ]
        [0 0 0 0 0 0 0 0 0 0 0 0 0 0 0 0 ]
        [0 0 0 0 0 0 0 0 0 0 0 0 0 0 0 0 ]
        [0 0 0 0 0 0 0 0 0 0 0 0 0 0 0 0 ]
        [0 0 0 0 0 0 0 0 0 0 0 0 0 0 0 0 ]
        [0 0 0 0 0 0 0 0 0 0 0 0 0 0 0 0 ]
        [0 0 0 0 0 0 0 0 0 0 0 0 0 0 0 0 ]
        [0 0 0 0 0 0 0 0 0 0 0 0 0 0 0 0 ]
        [0 0 0 0 0 0 0 0 0 0 0 0 0 0 0 0 ]
        [0 0 0 0 0 0 0 0 0 0 0 0 0 0 0 0 ]
        [0 0 0 0 0 0 0 0 0 0 0 0 0 0 0 0 ]
        [0 0 0 0 0 0 0 0 0 0 0 0 0 0 0 0 ]
        [0 0 0 0 0 0 0 0 0 0 0 0 0 0 0 0 ]
        [0 0 0 0 0 0 0 0 0 0 0 0 0 0 0 0 ]
        [0 0 0 0 0 0 0 0 0 0 0 0 0 0 0 0 ]
        [0 0 0 0 0 0 0 0 0 0 0 0 0 0 0 0 ]
        [0 0 0 0 0 0 0 0 0 0 0 0 0 0 0 0 ]
        [0 0 0 0 0 0 0 0 0 0 0 0 0 0 0 0 ]
        [0 0 0 0 0 0 0 0 0 0 0 0 0 0 0 0 ]
        [0 0 0 0 0 0 0 0 0 0 0 0 0 0 0 0 ]
        [0 0 0 0 0 0 0 0 0 0 0 0 0 0 0 0 ]
        [0 0 0 0 0 0 0 0 0 0 0 0 0 0 0 0 ]
        [0 0 0 0 0 0 0 0 0 0 0 0 0 0 0 0 ]
        [0 0 0 0 0 0 0 0 0 0 0 0 0 0 0 0 ]
        [0 0 0 0 0 0 0 0 0 0 0 0 0 0 0 0 ]
        [0 0 0 0 0 0 0 0 0 0 0 0 0 0 0 0 ]
        [0 0 0 0 0 0 0 0 0 0 0 0 0 0 0 0 ]
        [0 0 0 0 0 0 0 0 0 0 0 0 0 0 0 0 ]
        [0 0 0 0 0 0 0 0 0 0 0 0 0 0 0 0 ]
        [0 0 0 0 0 0 0 0 0 0 0 0 0 0 0 0 ]
        [0 0 0 0 0 0 0 0 0 0 0 0 0 0 0 0 ]
        [0 0 0 0 0 0 0 0 0 0 0 0 0 0 0 0 ]
        [0 0 0 0 0 0 0 0 0 0 0 0 0 0 0 0 ]
        [0 0 0 0 0 0 0 0 0 0 0 0 0 0 0 0 ]
        [0 0 0 0 0 0 0 0 0 0 0 0 0 0 0 0 ]
        [0 0 0 0 0 0 0 0 0 0 0 0 0 0 0 0 ]
        [0 0 0 0 0 0 0 0 0 0 0 0 0 0 0 0 ]
        [0 0 0 0 0 0 0 0 0 0 0 0 0 0 0 0 ]
        [0 0 0 0 0 0 0 0 0 0 0 0 0 0 0 0 ]
        [0 0 0 0 0 0 0 0 0 0 0 0 0 0 0 0 ]
        [0 0 0 0 0 0 0 0 0 0 0 0 0 0 0 0 ]
        [0 0 0 0 0 0 0 0 0 0 0 0 0 0 0 0 ]
        [0 0 0 0 0 0 0 0 0 0 0 0 0 0 0 0 ]
        [0 0 0 0 0 0 0 0 0 0 0 0 0 0 0 0 ]
        [0 0 0 0 0 0 0 0 0 0 0 0 0 0 0 0 ]
        [0 0 0 0 0 0 0 0 0 0 0 0 0 0 0 0 ]
        [0 0 0 0 0 0 0 0 0 0 0 0 0 0 0 0 ]
        [0 0 0 0 0 0 0 0 0 0 0 0 0 0 0 0 ]
        [0 0 0 0 0 0 0 0 0 0 0 0 0 0 0 0 ]
        [0 0 0 0 0 0 0 0 0 0 0 0 0 0 0 0 ]
        [0 0 0 0 0 0 0 0 0 0 0 0 0 0 0 0 ]
        [0 0 0 0 0 0 0 0 0 0 0 0 0 0 0 0 ]
        [0 0 0 0 0 0 0 0 0 0 0 0 0 0 0 0 ]
        [0 0 0 0 0 0 0 0 0 0 0 0 0 0 0 0 ]
        [0 0 0 0 0 0 0 0 0 0 0 0 0 0 0 0 ]
        [0 0 0 0 0 0 0 0 0 0 0 0 0 0 0 0 ]
        [0 0 0 0 0 0 0 0 0 0 0 0 0 0 0 0 ]
        [0 0 0 0 0 0 0 0 0 0 0 0 0 0 0 0 ]
        [0 0 0 0 0 0 0 0 0 0 0 0 0 0 0 0 ]
        [0 0 0 0 0 0 0 0 0 0 0 0 0 0 0 0 ]
        [0 0 0 0 0 0 0 0 0 0 0 0 0 0 0 0 ]
        [0 0 0 0 0 0 0 0 0 0 0 0 0 0 0 0 ]
        [0 0 0 0 0 0 0 0 0 0 0 0 0 0 0 0 ]
        [0 0 0 0 0 0 0 0 0 0 0 0 0 0 0 0 ]
        [0 0 0 0 0 0 0 0 0 0 0 0 0 0 0 0 ]
        [0 0 0 0 0 0 0 0 0 0 0 0 0 0 0 0 ]
        [0 0 0 0 0 0 0 0 0 0 0 0 0 0 0 0 ]
        [0 0 0 0 0 0 0 0 0 0 0 0 0 0 0 0 ]
        [0 0 0 0 0 0 0 0 0 0 0 0 0 0 0 0 ]
        [0 0 0 0 0 0 0 0 0 0 0 0 0 0 0 0 ]
        [0 0 0 0 0 0 0 0 0 0 0 0 0 0 0 0 ]
        [0 0 0 0 0 0 0 0 0 0 0 0 0 0 0 0 ]
        [0 0 0 0 0 0 0 0 0 0 0 0 0 0 0 0 ]
        [0 0 0 0 0 0 0 0 0 0 0 0 0 0 0 0 ]
        [0 0 0 0 0 0 0 0 0 0 0 0 0 0 0 0 ]
        [0 0 0 0 0 0 0 0 0 0 0 0 0 0 0 0 ]
        [0 0 0 0 0 0 0 0 0 0 0 0 0 0 0 0 ]
        [0 0 0 0 0 0 0 0 0 0 0 0 0 0 0 0 ]
        [0 0 0 0 0 0 0 0 0 0 0 0 0 0 0 0 ]
        [0 0 0 0 0 0 0 0 0 0 0 0 0 0 0 0 ]
        [0 0 0 0 0 0 0 0 0 0 0 0 0 0 0 0 ]
        [0 0 0 0 0 0 0 0 0 0 0 0 0 0 0 0 ]
        [0 0 0 0 0 0 0 0 0 0 0 0 0 0 0 0 ]
        [0 0 0 0 0 0 0 0 0 0 0 0 0 0 0 0 ]
        [0 0 0 0 0 0 0 0 0 0 0 0 0 0 0 0 ]
        [0 0 0 0 0 0 0 0 0 0 0 0 0 0 0 0 ]
        [0 0 0 0 0 0 0 0 0 0 0 0 0 0 0 0 ]
        [0 0 0 0 0 0 0 0 0 0 0 0 0 0 0 0 ]
        [0 0 0 0 0 0 0 0 0 0 0 0 0 0 0 0 ]
        [0 0 0 0 0 0 0 0 0 0 0 0 0 0 0 0 ]
        [0 0 0 0 0 0 0 0 0 0 0 0 0 0 0 0 ]
        [0 0 0 0 0 0 0 0 0 0 0 0 0 0 0 0 ]
        [0 0 0 0 0 0 0 0 0 0 0 0 0 0 0 0 ]
        [0 0 0 0 0 0 0 0 0 0 0 0 0 0 0 0 ]
        [0 0 0 0 0 0 0 0 0 0 0 0 0 0 0 0 ]
        [0 0 0 0 0 0 0 0 0 0 0 0 0 0 0 0 ]
        [0 0 0 0 0 0 0 0 0 0 0 0 0 0 0 0 ]
        [0 0 0 0 0 0 0 0 0 0 0 0 0 0 0 0 ]
        [0 0 0 0 0 0 0 0 0 0 0 0 0 0 0 0 ]
        [0 0 0 0 7 0 0 0 4 0 0 0 0 0 0 0 ]
        [0 8 0 0 0 0 0 0 1 0 0 0 0 0 0 0 ]
        [1 0 0 0 0 0 0 0 1 0 0 0 0 0 0 0 ]
        [1 0 0 0 0 0 0 0 1 0 0 0 0 0 0 0 ]
        [1 0 0 0 0 0 0 0 0 0 0 0 0 0 0 0 ]
        [0 0 0 0 0 0 0 0 0 0 0 0 0 0 0 0 ]
        [0 0 0 0 0 0 0 0 0 0 0 0 0 0 0 0 ]
        [0 0 0 0 0 0 0 0 0 0 0 0 0 0 0 0 ]
        [0 0 0 0 0 0 0 0 0 0 0 0 0 0 0 0 ]
        [0 0 0 0 0 0 0 0 0 0 0 0 0 0 0 0 ]
        [0 0 0 0 0 0 0 0 0 0 0 0 0 0 0 0 ]
        [0 0 0 0 0 0 0 0 0 0 0 0 0 0 0 0 ]
        [0 0 0 0 0 0 0 0 0 0 0 0 0 0 0 0 ]
        [0 0 0 0 0 0 0 0 0 0 0 0 0 0 0 0 ]
        [0 0 0 0 0 0 0 0 0 0 0 0 0 0 0 0 ]
        [0 0 0 0 0 0 0 0 0 0 0 0 0 0 0 0 ]
        [0 0 0 0 0 0 0 0 0 0 0 0 0 0 0 0 ]
        [0 0 0 0 0 0 0 0 0 0 0 0 0 0 0 0 ]
        [0 0 0 0 0 0 0 0 0 0 0 0 0 0 0 0 ]
        [0 0 0 0 0 0 0 0 0 0 0 0 0 0 0 0 ]
        [0 0 0 0 0 0 0 0 0 0 0 0 0 0 0 0 ]
        [0 0 0 0 0 0 0 0 0 0 0 0 0 0 0 0 ]
        [0 0 0 0 0 0 0 0 0 0 0 0 0 0 0 0 ]
        [0 0 0 0 0 0 0 0 0 0 0 0 0 0 0 0 ]
        [0 0 0 0 0 0 0 0 0 0 0 0 0 0 0 0 ]
        [0 0 0 0 0 0 0 0 0 0 0 0 0 0 0 0 ]
        [0 0 0 0 0 0 0 0 0 0 0 0 0 0 0 0 ]
        [0 0 0 0 0 0 0 0 0 0 0 0 0 0 0 0 ]
        [0 0 0 0 0 0 0 0 0 0 0 0 0 0 0 0 ]
        [0 0 0 0 0 0 0 0 0 0 0 0 0 0 0 0 ]
        [0 0 0 0 0 0 0 0 0 0 0 0 0 0 0 0 ]
        [0 0 0 0 0 0 0 0 0 0 0 0 0 0 0 0 ]
        [0 0 0 0 0 0 0 0 0 0 0 0 0 0 0 0 ]
        [0 0 0 0 0 0 0 0 0 0 0 0 0 0 0 0 ]
        [0 0 0 0 0 0 0 0 0 0 0 0 0 0 0 0 ]
        [0 0 0 0 0 0 0 0 0 0 0 0 0 0 0 0 ]
        [0 0 0 0 0 0 0 0 0 0 0 0 0 0 0 0 ]
        [0 0 0 0 0 0 0 0 0 0 0 0 0 0 0 0 ]
        [0 0 0 0 0 0 0 0 0 0 0 0 0 0 0 0 ]
        [0 0 0 0 0 0 0 0 0 0 0 0 0 0 0 0 ]
        [0 0 0 0 0 0 0 0 0 0 0 0 0 0 0 0 ]
        [0 0 0 0 0 0 0 0 0 0 0 0 0 0 0 0 ]
        [0 0 0 0 0 0 0 0 0 0 0 0 0 0 0 0 ]
        [0 0 0 0 0 0 0 0 0 0 0 0 0 0 0 0 ]
        [0 0 0 0 0 0 0 0 0 0 0 0 0 0 0 0 ]
        [0 0 0 0 0 0 0 0 0 0 0 0 0 0 0 0 ]
        [0 0 0 0 0 0 0 0 0 0 0 0 0 0 0 0 ]
        [0 0 0 0 0 0 0 0 0 0 0 0 0 0 0 0 ]
        [0 0 0 0 0 0 0 0 0 0 0 0 0 0 0 0 ]
        [0 0 0 0 0 0 0 0 0 0 0 0 0 0 0 0 ]
        [0 0 0 0 0 0 0 0 0 0 0 0 0 0 0 0 ]
        [0 0 0 0 0 0 0 0 0 0 0 0 0 0 0 0 ]
        [0 0 0 0 0 0 0 0 0 0 0 0 0 0 0 0 ]
        [0 0 0 0 0 0 0 0 0 0 0 0 0 0 0 0 ]
        [0 0 0 0 0 0 0 0 0 0 0 0 0 0 0 0 ]
        [0 0 0 0 0 0 0 0 0 0 0 0 0 0 0 0 ]
        [0 0 0 0 0 0 0 0 0 0 0 0 0 0 0 0 ]
        [0 0 0 0 0 0 0 0 0 0 0 0 0 0 0 0 ]
        [0 0 0 0 0 0 0 0 0 0 0 0 0 0 0 0 ]
        [0 0 0 0 0 0 0 0 0 0 0 0 0 0 0 0 ]
        [0 0 0 0 0 0 0 0 0 0 0 0 0 0 0 0 ]
        [0 0 0 0 0 0 0 0 0 0 0 0 0 0 0 0 ]
        [0 0 0 0 0 0 0 0 0 0 0 0 0 0 0 0 ]
        [0 0 0 0 0 0 0 0 0 0 0 0 0 0 0 0 ]
        [0 0 0 0 0 0 0 0 0 0 0 0 0 0 0 0 ]
        [2 0 0 0 1 0 0 0 1 0 0 0 1 0 0 0 ]
        [1 0 0 0 1 0 0 0 1 0 0 0 0 0 0 0 ]
        [0 0 0 0 0 0 0 0 0 0 0 0 0 0 0 0 ]
        [0 0 0 0 0 0 0 0 0 0 0 0 0 0 0 0 ]
        [0 0 0 0 0 0 0 0 0 0 0 0 0 0 0 0 ]
        [0 0 0 0 0 0 0 0 0 0 0 0 0 0 0 0 ]
        [0 0 0 0 0 0 0 0 0 0 0 0 0 0 0 0 ]
        [0 0 0 0 0 0 0 0 0 0 0 0 0 0 0 0 ]
        [0 0 0 0 0 0 0 0 0 0 0 0 0 0 0 0 ]
        [0 0 0 0 0 0 0 0 0 0 0 0 0 0 0 0 ]
        [0 0 0 0 0 0 0 0 0 0 0 0 0 0 0 0 ]
        [0 0 0 0 0 0 0 0 0 0 0 0 0 0 0 0 ]
        [0 0 0 0 0 0 0 0 0 0 0 0 0 0 0 0 ]
        [0 0 0 0 0 0 0 0 0 0 0 0 0 0 0 0 ]
        [0 0 0 0 0 0 0 0 0 0 0 0 0 0 0 0 ]
        [0 0 0 0 0 0 0 0 0 0 0 0 0 0 0 0 ]
        [0 0 0 0 0 0 0 0 0 0 0 0 0 0 0 0 ]
        [0 0 0 0 0 0 0 0 0 0 0 0 0 0 0 0 ]
        [0 0 0 0 0 0 0 0 0 0 0 0 0 0 0 0 ]
        [0 0 0 0 0 0 0 0 0 0 0 0 0 0 0 0 ]
        [0 0 0 0 0 0 0 0 0 0 0 0 0 0 0 0 ]
        [0 0 0 0 0 0 0 0 0 0 0 0 0 0 0 0 ]
        [0 0 0 0 0 0 0 0 0 0 0 0 0 0 0 0 ]
        [0 0 0 0 0 0 0 0 0 0 0 0 0 0 0 0 ]
        [0 0 0 0 0 0 0 0 0 0 0 0 0 0 0 0 ]
        [0 0 0 0 0 0 0 0 0 0 0 0 0 0 0 0 ]
        [0 0 0 0 0 0 0 0 0 0 0 0 0 0 0 0 ]
        [0 0 0 0 0 0 0 0 0 0 0 0 0 0 0 0 ]
        [0 0 0 0 0 0 0 0 0 0 0 0 0 0 0 0 ]
        [0 0 0 0 0 0 0 0 0 0 0 0 0 0 0 0 ]
        [0 0 0 0 0 0 0 0 0 0 0 0 0 0 0 0 ]
        [0 0 0 0 0 0 0 0 0 0 0 0 0 0 0 0 ]
        [248 0 0 0 3 0 0 0 0 0 0 0 2 0 0 0 ]
        [10 215 35 63 0 0 0 0 0 0 0 0 0 20 0 0 ]
        [0 15 0 0 0 0 0 0 0 244 196 52 123 0 0 180 ]
        [255 63 0 0 0 0 0 0 1 0 0 0 0 0 0 0 ]
        [96 87 221 124 123 0 0 180 0 0 0 0 0 0 0 0 ]
        [0 20 0 0 0 15 0 0 0 0 0 0 0 0 0 0 ]
        [0 0 0 0 0 0 0 0 0 0 0 0 0 0 0 0 ]
        [0 0 0 0 0 0 0 0 0 0 0 0 0 0 0 0 ]
        [0 0 0 0 0 0 0 0 0 0 0 0 0 0 0 0 ]
        [0 0 0 0 0 0 0 0 0 0 0 0 0 0 0 0 ]
        [0 0 0 0 0 0 0 0 0 0 0 0 0 0 0 0 ]
        [0 0 0 0 0 0 0 0 0 0 0 0 0 0 0 0 ]
        [0 0 0 0 0 0 0 0 0 0 0 0 0 0 0 0 ]
        [0 0 0 0 0 0 0 0 0 0 0 0 0 0 0 0 ]
        [0 0 0 0 0 0 0 0 0 0 0 0 0 0 0 0 ]
        [0 0 0 0 0 0 0 0 ]
      com.oplus.mvg.fastzoom.point (8117001a): int32[1]
        [1 ]
      com.oplus.supported.cameraid.type (81170003): byte[1]
        [1 ]
      com.oplus.expert.zoom.range (8117000d): float[4]
        [1.00000000 5.00000000 1.00000000 0.10000000 ]
      com.oplus.QCFARemosaicType (8117001d): int32[1]
        [-1 ]
      com.oplus.sensor.qcfafactor (8117003c): int32[1]
        [2 ]
      com.oplus.mSensorName (81170052): byte[19]
        [115 119 97 110 103 111 111 115 101 102 114 111 110 116 109 97 ]
        [105 110 0 ]
      com.oplus.manualWB.color_tone_range (81170025): int32[2]
        [-150 150 ]
      com.oplus.pro.extension.iso.support (81170027): byte[1]
        [1 ]
      com.oplus.custom.video.endofstream (8117000f): byte[1]
        [1 ]
      com.oplus.bokeh.dual.calibration (81170006): byte[3230]
        [111 112 112 111 0 0 0 0 51 46 48 46 48 0 0 0 ]
        [50 48 50 54 48 51 49 55 50 53 48 48 49 0 0 0 ]
        [0 16 0 0 0 12 0 0 96 12 0 0 72 9 0 0 ]
        [30 12 0 0 14 1 0 0 0 0 0 0 0 0 0 0 ]
        [0 0 0 0 0 0 0 0 0 0 0 0 0 0 0 0 ]
        [0 0 0 0 0 0 0 0 0 0 0 0 0 0 0 0 ]
        [0 0 0 0 0 0 0 0 0 0 0 0 0 0 0 0 ]
        [0 0 0 0 0 0 0 0 0 0 0 0 0 0 0 179 ]
        [4 1 1 1 5 2 237 5 237 5 0 0 40 0 21 6 ]
        [2 12 50 48 50 54 48 51 49 55 0 0 0 0 0 0 ]
        [0 0 0 0 0 0 0 0 56 1 1 8 7 0 0 0 ]
        [0 0 0 0 0 0 0 0 12 0 0 0 16 0 0 182 ]
        [146 31 69 242 133 31 69 151 204 0 69 217 15 191 68 165 ]
        [73 112 60 100 149 39 61 133 104 83 189 0 0 0 0 118 ]
        [147 239 183 52 14 144 57 0 0 0 0 0 0 0 0 0 ]
        [0 0 0 0 0 0 0 0 0 0 0 0 0 0 0 0 ]
        [7 7 8 6 125 122 85 67 7 58 93 68 21 126 60 67 ]
        [97 197 42 68 37 246 88 191 35 18 35 191 64 92 218 190 ]
        [118 40 93 190 103 13 179 187 159 247 81 62 213 195 212 62 ]
        [237 69 32 63 240 41 86 63 191 248 32 191 24 35 214 190 ]
        [100 169 84 190 222 217 60 59 51 144 90 62 128 22 217 62 ]
        [115 114 34 63 182 199 87 191 95 92 79 191 80 23 62 191 ]
        [181 23 38 191 203 158 254 190 187 3 168 190 74 19 218 189 ]
        [72 186 200 61 164 151 159 62 85 176 252 62 166 82 33 63 ]
        [229 53 61 63 163 12 77 63 133 231 85 63 11 216 87 191 ]
        [95 251 80 191 48 148 66 191 186 71 34 191 178 135 2 191 ]
        [10 131 161 190 9 79 241 189 183 107 213 61 234 25 160 62 ]
        [50 67 250 62 133 152 35 63 95 59 61 63 156 194 77 63 ]
        [237 80 86 63 77 207 89 191 191 9 81 191 251 143 62 191 ]
        [237 167 38 191 237 18 253 190 170 45 171 190 223 102 210 189 ]
        [190 243 191 61 99 66 162 62 226 19 251 62 49 82 33 63 ]
        [143 250 62 63 149 221 80 63 73 116 85 63 21 157 90 191 ]
        [236 184 81 191 175 109 66 191 174 195 33 191 157 38 4 191 ]
        [37 192 156 190 138 128 251 189 100 24 228 61 228 123 152 62 ]
        [150 22 1 63 235 141 31 63 23 14 64 63 226 159 76 63 ]
        [29 50 90 63 205 8 91 191 6 88 82 191 31 35 63 191 ]
        [19 230 38 191 9 238 251 190 178 132 168 190 241 232 210 189 ]
        [233 148 189 61 181 164 162 62 92 252 244 62 173 126 36 63 ]
        [92 230 59 63 178 151 81 63 61 65 87 63 237 253 90 191 ]
        [3 8 82 191 190 247 64 191 60 231 35 191 254 78 0 191 ]
        [50 169 160 190 226 204 247 189 67 78 226 61 103 95 155 62 ]
        [85 207 251 62 90 189 32 63 217 172 62 63 212 95 78 63 ]
        [80 91 89 63 97 142 91 191 236 42 81 191 38 151 65 191 ]
        [35 47 36 191 142 7 255 190 61 166 164 190 81 224 232 189 ]
        [226 234 210 61 219 94 159 62 168 47 248 62 43 41 33 63 ]
        [17 72 63 63 5 200 78 63 196 141 88 63 8 122 90 191 ]
        [102 35 83 191 30 143 62 191 127 171 38 191 197 19 253 190 ]
        [225 121 164 190 10 131 222 189 235 69 201 61 89 49 159 62 ]
        [190 57 247 62 188 223 36 63 136 26 58 63 148 137 81 63 ]
        [215 9 88 63 204 79 91 191 94 93 80 191 125 233 67 191 ]
        [8 24 33 191 250 120 4 191 159 167 158 190 234 12 246 189 ]
        [179 11 225 61 233 93 152 62 6 43 2 63 105 69 28 63 ]
        [95 131 68 63 243 254 76 63 49 27 89 63 151 43 89 191 ]
        [49 49 82 191 43 64 61 191 227 15 40 191 201 175 250 190 ]
        [11 41 171 190 39 215 206 189 163 125 184 61 147 66 166 62 ]
        [203 151 243 62 179 163 39 63 140 86 57 63 194 241 80 63 ]
        [106 189 85 63 225 15 88 191 185 85 79 191 195 105 68 191 ]
        [108 227 32 191 125 10 4 191 249 121 161 190 170 183 242 189 ]
        [27 37 218 61 204 30 158 62 8 102 254 62 166 2 33 63 ]
        [214 80 61 63 239 116 79 63 31 53 84 63 49 79 87 191 ]
        [71 47 80 191 128 168 60 191 37 251 38 191 114 19 253 190 ]
        [224 105 167 190 92 122 219 189 193 143 199 61 255 249 159 62 ]
        [169 224 249 62 226 235 34 63 190 125 60 63 37 53 77 63 ]
        [247 134 85 63 150 23 32 191 41 190 32 191 8 139 32 191 ]
        [132 72 36 191 76 77 33 191 117 194 35 191 177 249 32 191 ]
        [56 173 32 191 34 248 33 191 54 25 35 191 157 41 34 191 ]
        [131 20 34 191 41 50 33 191 191 100 32 191 31 107 23 191 ]
        [238 78 24 191 1 201 28 191 183 95 22 191 130 145 28 191 ]
        [253 138 22 191 108 114 26 191 187 138 25 191 197 123 26 191 ]
        [91 201 24 191 209 98 27 191 255 39 26 191 48 140 23 191 ]
        [179 180 24 191 25 156 6 191 99 20 7 191 48 128 5 191 ]
        [95 225 9 191 194 65 5 191 67 13 10 191 147 195 5 191 ]
        [143 189 5 191 173 190 7 191 244 121 7 191 123 24 7 191 ]
        [151 19 8 191 198 180 9 191 40 161 4 191 115 63 216 190 ]
        [196 71 215 190 189 46 222 190 152 146 210 190 181 163 222 190 ]
        [20 145 209 190 208 218 214 190 99 73 217 190 13 50 210 190 ]
        [57 118 222 190 251 157 211 190 161 202 222 190 120 212 208 190 ]
        [107 106 221 190 141 47 143 190 248 56 145 190 25 31 139 190 ]
        [164 196 149 190 44 28 138 190 96 228 145 190 167 246 141 190 ]
        [8 55 139 190 166 38 146 190 67 174 136 190 176 187 150 190 ]
        [128 54 137 190 57 153 151 190 21 57 139 190 95 233 214 189 ]
        [75 151 203 189 209 152 235 189 45 176 187 189 69 190 231 189 ]
        [156 8 191 189 188 51 222 189 51 197 230 189 231 26 190 189 ]
        [213 248 234 189 201 73 182 189 153 115 243 189 59 146 181 189 ]
        [24 121 228 189 227 65 227 61 144 12 215 61 153 28 247 61 ]
        [189 114 199 61 100 239 243 61 204 242 203 61 172 221 235 61 ]
        [113 145 243 61 245 86 202 61 31 202 247 61 131 248 191 61 ]
        [36 208 0 62 66 135 194 61 164 222 238 61 87 182 145 62 ]
        [120 3 149 62 251 28 141 62 160 62 153 62 27 126 140 62 ]
        [124 76 148 62 230 29 144 62 14 65 142 62 201 229 148 62 ]
        [141 29 139 62 87 180 155 62 184 55 138 62 73 228 153 62 ]
        [188 87 143 62 8 201 219 62 237 9 217 62 50 35 226 62 ]
        [191 1 213 62 59 7 226 62 133 190 213 62 248 13 218 62 ]
        [82 35 220 62 91 31 212 62 7 208 227 62 213 40 209 62 ]
        [105 168 230 62 35 32 213 62 239 170 222 62 41 228 7 63 ]
        [130 255 8 63 108 172 6 63 206 101 11 63 2 240 6 63 ]
        [7 65 10 63 140 110 7 63 225 138 6 63 174 218 10 63 ]
        [72 241 5 63 60 181 13 63 203 218 5 63 39 19 11 63 ]
        [190 67 6 63 185 227 24 63 204 1 25 63 234 144 30 63 ]
        [236 31 24 63 153 8 30 63 134 114 25 63 193 106 28 63 ]
        [201 21 27 63 119 106 27 63 13 190 27 63 233 163 26 63 ]
        [207 225 26 63 121 219 26 63 250 57 24 63 251 61 33 63 ]
        [21 171 34 63 67 84 33 63 112 245 37 63 198 148 34 63 ]
        [251 130 36 63 228 222 33 63 254 191 34 63 165 161 34 63 ]
        [98 188 35 63 184 15 37 63 229 57 35 63 208 145 34 63 ]
        [144 185 33 63 179 56 2 1 140 1 0 0 0 0 0 0 ]
        [0 0 0 0 72 9 0 0 96 12 0 0 59 115 229 68 ]
        [30 96 229 68 115 4 196 68 194 125 147 68 154 107 250 189 ]
        [127 151 8 62 131 38 104 189 0 0 0 0 10 75 61 57 ]
        [37 221 205 57 0 0 0 0 0 0 0 0 0 0 0 0 ]
        [0 0 0 0 0 0 0 0 0 0 0 0 0 7 7 8 ]
        [6 80 247 251 66 78 79 163 67 100 85 202 66 90 2 125 ]
        [67 56 162 101 191 180 169 43 191 95 98 227 190 172 226 94 ]
        [190 89 246 15 60 119 225 112 62 197 97 236 62 103 41 48 ]
        [63 235 33 106 63 122 215 44 191 98 183 229 190 160 127 99 ]
        [190 125 240 141 59 168 94 108 62 230 38 234 62 60 15 47 ]
        [63 22 115 91 191 98 113 79 191 13 36 63 191 8 237 35 ]
        [191 231 91 255 190 220 86 162 190 196 151 207 189 93 218 241 ]
        [61 211 187 172 62 244 152 3 63 43 38 41 63 82 183 67 ]
        [63 199 84 84 63 237 235 92 63 245 107 87 191 239 238 82 ]
        [191 240 18 61 191 177 4 38 191 139 34 252 190 25 66 166 ]
        [190 170 196 200 189 167 27 236 61 139 211 174 62 167 129 2 ]
        [63 239 149 42 63 182 230 66 63 46 140 85 63 215 78 94 ]
        [63 54 32 90 191 20 211 81 191 159 56 63 191 173 182 36 ]
        [191 122 199 255 190 192 122 163 190 10 18 213 189 9 252 249 ]
        [61 183 239 170 62 235 52 6 63 88 81 38 63 210 160 72 ]
        [63 250 207 82 63 74 42 94 63 138 104 90 191 105 97 82 ]
        [191 190 199 63 191 31 212 36 191 165 24 0 191 110 103 166 ]
        [190 112 45 207 189 251 144 242 61 98 166 175 62 118 16 4 ]
        [63 87 102 42 63 227 46 66 63 60 39 92 63 199 99 97 ]
        [63 60 147 90 191 241 73 83 191 94 31 64 191 97 41 38 ]
        [191 86 177 0 191 6 29 168 190 119 197 213 189 8 238 248 ]
        [61 60 241 176 62 200 98 5 63 60 84 42 63 173 220 69 ]
        [63 168 209 82 63 68 126 93 63 218 238 91 191 25 59 83 ]
        [191 100 55 65 191 183 12 37 191 101 174 2 191 38 96 168 ]
        [190 224 151 218 189 59 116 254 61 97 59 177 62 166 75 7 ]
        [63 98 107 41 63 55 8 69 63 74 103 92 63 171 128 97 ]
        [63 220 243 89 191 9 108 84 191 47 238 63 191 50 151 39 ]
        [191 36 204 0 191 46 175 171 190 0 87 209 189 91 181 243 ]
        [61 230 20 181 62 173 233 4 63 122 62 44 63 165 142 69 ]
        [63 206 146 82 63 52 23 95 63 27 219 91 191 191 146 82 ]
        [191 157 229 64 191 94 112 36 191 91 198 1 191 191 159 165 ]
        [190 240 47 220 189 152 190 0 62 73 123 173 62 129 8 7 ]
        [63 25 47 40 63 50 124 67 63 15 252 93 63 14 88 96 ]
        [63 38 181 91 191 161 159 81 191 224 148 64 191 51 242 36 ]
        [191 66 115 0 191 154 43 166 190 100 195 207 189 178 221 241 ]
        [61 216 1 176 62 106 29 4 63 177 77 41 63 235 122 73 ]
        [63 223 195 79 63 241 112 96 63 103 158 90 191 210 231 81 ]
        [191 183 232 62 191 53 223 36 191 136 213 254 190 161 137 164 ]
        [190 79 172 207 189 250 126 243 61 87 125 173 62 174 98 3 ]
        [63 165 133 43 63 162 159 62 63 49 162 90 63 118 39 93 ]
        [63 211 47 90 191 53 231 80 191 180 151 63 191 174 51 36 ]
        [191 236 48 0 191 155 167 163 190 66 130 209 189 153 125 245 ]
        [61 242 193 171 62 102 151 5 63 225 95 38 63 162 96 71 ]
        [63 146 120 83 63 196 215 94 63 214 244 87 191 30 224 79 ]
        [191 169 182 62 191 161 246 35 191 24 101 254 190 190 36 163 ]
        [190 13 65 205 189 213 85 240 61 106 158 172 62 33 204 2 ]
        [63 35 72 42 63 17 60 66 63 5 42 86 63 238 79 92 ]
        [63 234 126 37 191 168 8 35 191 71 125 36 191 149 18 37 ]
        [191 232 245 37 191 165 71 37 191 129 116 39 191 236 230 37 ]
        [191 203 238 39 191 49 6 36 191 116 202 38 191 118 243 35 ]
        [191 141 0 36 191 181 176 34 191 194 204 24 191 153 161 28 ]
        [191 125 255 25 191 18 75 29 191 100 159 27 191 194 27 30 ]
        [191 177 104 29 191 142 226 30 191 92 202 28 191 133 132 28 ]
        [191 79 241 28 191 89 157 27 191 171 25 26 191 62 49 27 ]
        [191 32 50 9 191 183 34 9 191 240 16 9 191 221 45 10 ]
        [191 41 193 9 191 79 58 11 191 106 226 11 191 95 16 12 ]
        [191 197 226 10 191 179 41 11 191 27 254 7 191 29 137 12 ]
        [191 81 16 8 191 137 116 8 191 9 69 217 190 3 153 220 ]
        [190 196 202 219 190 254 199 220 190 7 155 221 190 235 80 224 ]
        [190 121 25 226 190 4 37 226 190 14 142 224 190 127 155 220 ]
        [190 189 100 223 190 119 51 216 190 144 62 223 190 11 6 221 ]
        [190 239 166 146 190 190 217 145 190 43 53 146 190 139 42 147 ]
        [190 86 215 147 190 195 54 150 190 180 4 152 190 25 184 152 ]
        [190 43 128 149 190 187 92 149 190 105 205 144 190 88 1 149 ]
        [190 179 113 144 190 156 69 143 190 77 122 207 189 44 100 218 ]
        [189 252 48 214 189 240 223 216 189 179 180 218 189 183 174 224 ]
        [189 26 148 227 189 84 185 223 189 236 177 229 189 111 0 212 ]
        [189 128 226 225 189 88 133 206 189 110 78 216 189 132 56 221 ]
        [189 23 144 225 61 100 200 235 61 140 241 231 61 143 17 234 ]
        [61 22 42 237 61 11 169 241 61 10 214 245 61 184 48 240 ]
        [61 36 42 249 61 160 140 228 61 122 200 243 61 103 106 227 ]
        [61 131 31 228 61 59 133 238 61 156 130 150 62 232 90 150 ]
        [62 227 131 150 62 211 157 151 62 74 189 151 62 52 203 154 ]
        [62 69 231 155 62 123 204 157 62 211 94 152 62 254 90 154 ]
        [62 213 20 149 62 58 84 150 62 30 178 153 62 8 249 147 ]
        [62 174 16 224 62 213 212 223 62 249 73 225 62 53 106 224 ]
        [62 208 56 227 62 62 213 227 62 60 64 231 62 38 41 229 ]
        [62 101 78 230 62 226 149 224 62 244 191 225 62 154 154 228 ]
        [62 185 193 219 62 234 118 226 62 37 129 11 63 90 73 11 ]
        [63 180 90 11 63 31 73 12 63 121 27 12 63 55 78 13 ]
        [63 64 6 14 63 182 72 14 63 68 15 13 63 203 232 11 ]
        [63 6 214 13 63 139 170 8 63 1 15 13 63 12 147 9 ]
        [63 144 45 29 63 163 118 29 63 123 193 29 63 0 129 30 ]
        [63 80 249 30 63 12 13 32 63 81 106 32 63 22 221 32 ]
        [63 36 120 31 63 129 43 32 63 77 93 28 63 227 45 32 ]
        [63 151 114 28 63 244 183 29 63 162 217 36 63 115 126 37 ]
        [63 76 146 38 63 185 34 39 63 74 175 39 63 12 6 40 ]
        [63 237 0 41 63 130 132 40 63 176 147 40 63 25 106 38 ]
        [63 80 106 41 63 196 204 37 63 160 211 38 63 242 129 36 ]
        [63 77 146 136 135 54 70 160 227 59 67 232 5 59 27 234 ]
        [144 65 109 99 163 193 3 126 158 189 0 0 0 253 ]
      com.oplus.tele.calibration (81170013): byte[2578]
        [111 112 112 111 0 0 0 0 51 46 48 46 48 0 0 0 ]
        [50 48 50 54 48 51 49 55 50 53 48 48 49 0 0 0 ]
        [48 9 0 0 228 6 0 0 0 16 0 0 0 12 0 0 ]
        [146 9 0 0 180 0 0 0 0 0 0 0 0 0 0 0 ]
        [0 0 0 0 0 0 0 0 0 0 0 0 0 0 0 0 ]
        [0 0 0 0 0 0 0 0 0 0 0 0 0 0 0 0 ]
        [0 0 0 0 0 0 0 0 0 0 0 0 0 0 0 0 ]
        [0 0 0 0 0 0 0 0 0 0 0 0 0 0 0 55 ]
        [4 1 1 1 5 2 237 5 97 3 0 0 40 0 21 6 ]
        [118 9 50 48 50 54 48 51 49 55 0 0 0 0 0 0 ]
        [0 0 0 0 0 0 0 0 56 1 1 8 7 0 0 0 ]
        [0 0 0 0 0 0 0 228 6 0 0 48 9 0 0 152 ]
        [115 33 69 201 109 33 69 254 167 148 68 22 217 90 68 85 ]
        [66 7 190 105 22 55 63 219 50 130 191 0 0 0 0 14 ]
        [166 168 185 62 33 146 185 0 0 0 0 0 0 0 0 0 ]
        [0 0 0 0 0 0 0 0 0 0 0 0 0 0 0 0 ]
        [7 7 8 6 124 253 68 67 189 47 3 68 143 228 29 67 ]
        [130 132 210 67 68 127 247 190 150 86 186 190 206 91 122 190 ]
        [113 10 0 190 148 34 183 187 144 48 233 61 165 233 110 62 ]
        [129 157 180 62 47 198 241 62 134 52 182 190 185 23 114 190 ]
        [204 140 239 189 52 187 34 59 127 184 249 61 147 45 119 62 ]
        [115 191 184 62 244 79 247 190 91 97 236 190 163 233 215 190 ]
        [179 53 185 190 163 102 144 190 60 81 59 190 92 37 133 189 ]
        [254 200 85 61 228 174 52 62 96 202 137 62 48 78 177 62 ]
        [190 193 210 62 17 56 227 62 79 235 240 62 210 36 245 190 ]
        [130 108 236 190 98 12 217 190 188 70 185 190 172 194 144 190 ]
        [126 240 59 190 84 112 133 189 152 64 95 61 187 63 46 62 ]
        [122 116 139 62 54 193 179 62 43 15 210 62 48 77 232 62 ]
        [248 218 240 62 118 26 245 190 231 10 238 190 146 23 215 190 ]
        [16 215 185 190 16 201 143 190 18 175 60 190 236 240 131 189 ]
        [214 88 88 61 114 208 50 62 94 190 137 62 44 117 179 62 ]
        [219 76 210 62 146 158 230 62 212 231 239 62 96 223 245 190 ]
        [249 82 234 190 59 178 217 190 83 141 183 190 112 176 145 190 ]
        [101 9 59 190 113 228 133 189 95 222 94 61 164 144 46 62 ]
        [250 212 139 62 106 190 178 62 236 243 209 62 133 5 231 62 ]
        [140 132 241 62 17 56 244 190 50 18 239 190 69 90 213 190 ]
        [150 63 186 190 15 127 144 190 29 192 58 190 152 72 136 189 ]
        [176 231 97 61 188 195 48 62 40 89 138 62 94 140 179 62 ]
        [42 66 209 62 121 166 230 62 52 224 237 62 26 9 243 190 ]
        [196 250 232 190 65 166 217 190 240 240 183 190 91 241 144 190 ]
        [190 185 60 190 113 199 136 189 247 92 99 61 95 68 49 62 ]
        [59 252 138 62 81 56 179 62 209 34 210 62 105 47 229 62 ]
        [12 97 244 62 130 74 241 190 99 101 241 190 28 83 211 190 ]
        [247 75 188 190 0 84 142 190 215 90 63 190 234 119 132 189 ]
        [122 166 91 61 149 103 52 62 78 214 136 62 4 19 181 62 ]
        [10 76 207 62 39 111 233 62 254 243 232 62 168 31 255 190 ]
        [97 183 230 190 214 140 219 190 168 197 181 190 136 31 147 190 ]
        [179 168 55 190 111 151 139 189 8 75 103 61 88 163 45 62 ]
        [55 29 140 62 0 251 177 62 149 131 211 62 55 65 227 62 ]
        [51 27 241 62 250 186 234 190 97 206 242 190 216 107 211 190 ]
        [0 14 188 190 3 105 142 190 135 0 63 190 130 5 128 189 ]
        [55 224 85 61 108 27 50 62 218 239 137 62 12 22 180 62 ]
        [183 6 208 62 1 173 233 62 156 238 235 62 121 71 4 191 ]
        [97 243 228 190 104 253 221 190 140 176 180 190 36 144 147 190 ]
        [119 165 55 190 212 19 138 189 181 252 96 61 41 95 47 62 ]
        [217 76 139 62 246 49 178 62 133 248 211 62 196 77 228 62 ]
        [248 227 241 62 71 136 226 190 57 158 246 190 83 155 209 190 ]
        [47 47 191 190 95 40 140 190 161 80 65 190 64 219 124 189 ]
        [201 139 87 61 117 108 49 62 154 56 138 62 204 85 180 62 ]
        [222 131 209 62 119 80 233 62 197 15 236 62 12 68 10 191 ]
        [177 80 219 190 226 233 225 190 77 155 172 190 194 64 155 190 ]
        [10 94 45 190 135 104 149 189 160 91 102 61 235 111 46 62 ]
        [142 8 139 62 72 215 178 62 142 103 210 62 250 129 229 62 ]
        [26 31 242 62 166 13 183 190 68 221 180 190 226 207 181 190 ]
        [139 175 180 190 254 89 181 190 152 193 179 190 223 175 181 190 ]
        [126 114 181 190 58 0 182 190 89 82 180 190 186 6 180 190 ]
        [35 227 180 190 162 71 180 190 194 249 181 190 65 197 167 190 ]
        [73 16 173 190 240 75 171 190 147 240 171 190 88 157 170 190 ]
        [162 104 171 190 106 175 170 190 119 203 170 190 135 255 169 190 ]
        [156 15 172 190 249 155 169 190 9 174 172 190 153 59 171 190 ]
        [221 46 171 190 48 157 152 190 7 43 150 190 225 158 151 190 ]
        [222 31 150 190 51 146 150 190 59 88 150 190 164 195 150 190 ]
        [36 186 150 190 241 82 151 190 152 67 149 190 254 18 152 190 ]
        [15 228 149 190 205 18 152 190 67 234 150 190 153 26 107 190 ]
        [248 75 115 190 216 53 112 190 65 4 113 190 140 145 112 190 ]
        [53 14 113 190 133 65 112 190 114 149 111 190 109 218 111 190 ]
        [223 113 114 190 238 173 109 190 148 121 114 190 167 78 112 190 ]
        [233 132 112 190 195 13 34 190 63 43 30 190 127 135 32 190 ]
        [35 251 29 190 10 22 33 190 81 123 29 190 44 148 33 190 ]
        [180 38 34 190 36 91 30 190 165 243 30 190 164 29 33 190 ]
        [47 246 29 190 57 105 32 190 7 235 31 190 91 48 78 189 ]
        [197 179 115 189 74 71 97 189 106 67 116 189 155 168 93 189 ]
        [158 224 116 189 14 244 105 189 46 210 105 189 183 103 113 189 ]
        [189 9 101 189 160 98 104 189 67 188 106 189 76 226 104 189 ]
        [201 111 102 189 84 21 85 61 158 79 134 61 116 136 112 61 ]
        [102 24 134 61 223 114 109 61 57 144 134 61 26 142 124 61 ]
        [113 202 128 61 185 109 130 61 185 214 121 61 109 75 124 61 ]
        [132 90 127 61 174 112 123 61 249 96 128 61 31 165 46 62 ]
        [7 1 33 62 4 36 39 62 13 234 32 62 134 69 40 62 ]
        [73 137 32 62 144 194 39 62 234 48 38 62 83 7 35 62 ]
        [218 116 36 62 165 36 37 62 255 58 35 62 38 85 37 62 ]
        [194 144 32 62 97 10 106 62 58 239 122 62 160 55 114 62 ]
        [226 245 120 62 163 229 113 62 122 200 120 62 172 249 114 62 ]
        [100 83 117 62 159 99 117 62 189 57 118 62 119 27 116 62 ]
        [1 135 118 62 215 26 118 62 111 98 116 62 244 240 162 62 ]
        [59 40 150 62 222 147 156 62 138 247 149 62 220 151 155 62 ]
        [123 239 150 62 27 116 154 62 44 185 152 62 75 15 153 62 ]
        [159 159 152 62 65 15 153 62 119 92 153 62 38 97 153 62 ]
        [212 184 152 62 246 127 161 62 140 137 179 62 90 228 169 62 ]
        [106 115 178 62 61 238 168 62 168 126 176 62 4 42 171 62 ]
        [23 229 173 62 36 70 173 62 222 38 173 62 211 10 174 62 ]
        [2 233 173 62 174 82 175 62 232 114 170 62 167 117 203 62 ]
        [21 175 173 62 47 202 190 62 165 218 171 62 37 14 195 62 ]
        [127 180 174 62 122 41 189 62 79 102 181 62 131 175 183 62 ]
        [123 172 182 62 143 158 183 62 71 132 183 62 57 133 183 62 ]
        [2 159 184 62 150 56 2 1 124 4 0 0 0 0 0 0 ]
        [0 0 0 0 0 12 0 0 0 16 0 0 16 191 3 70 ]
        [112 193 3 70 16 208 2 69 178 205 194 68 2 179 145 62 ]
        [41 127 183 191 195 127 186 63 0 0 0 0 131 179 210 57 ]
        [87 176 6 58 0 0 0 0 0 0 0 0 0 0 0 0 ]
        [0 0 0 0 0 0 0 0 0 0 0 0 0 7 7 4 ]
        [3 88 19 101 65 211 58 165 66 180 68 143 65 4 1 131 ]
        [66 149 114 133 190 79 89 8 190 108 174 185 187 209 124 249 ]
        [61 68 74 127 62 153 182 70 190 160 95 136 189 227 91 121 ]
        [61 194 221 64 62 57 240 135 190 200 174 118 190 123 217 75 ]
        [190 68 137 8 190 159 66 70 189 111 225 23 61 48 152 250 ]
        [61 48 226 63 62 244 1 108 62 193 6 130 62 149 118 134 ]
        [190 111 178 121 190 116 202 75 190 158 247 9 190 192 155 68 ]
        [189 242 88 22 61 29 143 251 61 182 167 64 62 244 113 109 ]
        [62 110 139 128 62 178 194 134 190 179 139 120 190 112 131 75 ]
        [190 220 79 9 190 177 120 65 189 114 108 17 61 21 182 252 ]
        [61 95 66 63 62 30 168 108 62 243 255 128 62 131 117 134 ]
        [190 192 81 120 190 108 98 75 190 235 41 8 190 182 108 72 ]
        [189 28 130 28 61 0 91 246 61 241 191 64 62 18 207 108 ]
        [62 196 4 128 62 223 67 134 190 164 83 120 190 232 106 74 ]
        [190 115 13 9 190 191 121 59 189 184 134 9 61 2 92 254 ]
        [61 131 163 61 62 50 114 107 62 73 53 129 62 230 143 134 ]
        [190 125 12 120 190 226 102 75 190 130 53 8 190 43 189 72 ]
        [189 142 169 29 61 100 173 245 61 49 208 64 62 127 236 108 ]
        [62 123 244 127 62 183 141 134 190 66 245 120 190 75 105 75 ]
        [190 34 116 9 190 240 164 63 189 108 147 14 61 172 15 254 ]
        [61 130 236 62 62 155 169 108 62 152 37 129 62 199 201 134 ]
        [190 133 243 120 190 17 241 75 190 208 161 9 190 227 163 70 ]
        [189 156 151 25 61 13 223 249 61 160 3 65 62 209 106 109 ]
        [62 67 179 128 62 69 167 134 190 151 101 121 190 83 22 76 ]
        [190 51 216 9 190 193 188 64 189 215 187 14 61 212 188 255 ]
        [61 33 55 63 62 186 222 108 62 114 144 129 62 230 112 74 ]
        [190 141 23 72 190 124 156 72 190 59 206 71 190 59 81 71 ]
        [190 109 10 71 190 209 51 72 190 17 84 72 190 77 13 73 ]
        [190 105 7 74 190 217 1 50 190 70 89 52 190 190 65 51 ]
        [190 184 19 51 190 205 21 50 190 42 146 50 190 93 120 50 ]
        [190 221 225 51 190 96 98 51 190 168 96 50 190 100 69 7 ]
        [190 230 142 6 190 49 232 6 190 106 208 5 190 157 246 5 ]
        [190 99 179 4 190 127 213 6 190 44 190 5 190 72 213 7 ]
        [190 162 221 5 190 208 171 134 189 203 112 140 189 186 147 136 ]
        [189 147 19 138 189 108 126 134 189 42 152 138 189 52 130 134 ]
        [189 36 45 140 189 65 214 135 189 112 115 138 189 65 85 135 ]
        [187 239 188 178 186 23 167 95 187 95 243 7 187 207 207 100 ]
        [187 86 222 183 186 242 134 125 187 201 133 180 186 172 49 129 ]
        [187 92 126 232 186 49 213 127 61 230 253 118 61 180 232 124 ]
        [61 148 192 119 61 147 81 121 61 11 116 116 61 126 19 124 ]
        [61 226 4 119 61 162 18 127 61 62 193 119 61 113 63 0 ]
        [62 186 23 2 62 33 185 0 62 251 147 0 62 168 160 255 ]
        [61 195 11 0 62 10 36 0 62 54 85 1 62 255 238 0 ]
        [62 131 59 1 62 10 103 45 62 188 75 45 62 28 101 45 ]
        [62 94 234 44 62 6 229 43 62 7 240 43 62 56 241 44 ]
        [62 14 230 44 62 154 28 46 62 243 136 44 62 168 34 66 ]
        [62 224 237 68 62 149 48 67 62 217 62 67 62 215 39 66 ]
        [62 246 241 66 62 231 121 66 62 112 44 68 62 216 68 67 ]
        [62 67 187 67 62 200 51 219 137 187 210 111 153 186 41 231 ]
        [78 60 163 85 145 65 84 225 206 62 46 206 243 64 0 0 ]
        [0 140 ]
      com.oplus.tele.far.calibration (81170014): byte[2578]
        [111 112 112 111 0 0 0 0 51 46 48 46 48 0 0 0 ]
        [50 48 50 54 48 51 49 55 50 53 48 48 49 0 0 0 ]
        [48 9 0 0 228 6 0 0 0 16 0 0 0 12 0 0 ]
        [146 9 0 0 180 0 0 0 0 0 0 0 0 0 0 0 ]
        [0 0 0 0 0 0 0 0 0 0 0 0 0 0 0 0 ]
        [0 0 0 0 0 0 0 0 0 0 0 0 0 0 0 0 ]
        [0 0 0 0 0 0 0 0 0 0 0 0 0 0 0 0 ]
        [0 0 0 0 0 0 0 0 0 0 0 0 0 0 0 55 ]
        [4 1 1 1 5 2 237 5 97 3 0 0 40 0 21 6 ]
        [118 9 50 48 50 54 48 51 49 55 0 0 0 0 0 0 ]
        [0 0 0 0 0 0 0 0 120 1 1 44 5 0 0 0 ]
        [0 0 0 0 0 0 0 228 6 0 0 48 9 0 0 22 ]
        [166 31 69 219 155 31 69 236 117 148 68 253 122 90 68 232 ]
        [86 238 189 144 65 62 63 220 13 142 191 0 0 0 0 105 ]
        [186 22 186 227 167 193 56 0 0 0 0 0 0 0 0 0 ]
        [0 0 0 0 0 0 0 0 0 0 0 0 0 0 0 0 ]
        [7 7 8 6 230 15 62 67 15 205 7 68 137 155 33 67 ]
        [31 87 213 67 107 246 249 190 241 28 188 190 237 134 124 190 ]
        [249 211 0 190 149 32 164 187 223 35 237 61 228 68 114 62 ]
        [236 251 182 62 102 213 244 62 46 249 183 190 247 59 116 190 ]
        [38 11 241 189 86 52 76 59 107 206 253 61 154 157 122 62 ]
        [255 41 187 62 163 106 250 190 83 54 240 190 46 73 219 190 ]
        [203 107 188 190 88 184 145 190 93 253 61 190 115 252 131 189 ]
        [238 64 95 61 54 68 52 62 73 167 140 62 75 141 183 62 ]
        [189 176 213 62 132 32 234 62 54 240 245 62 29 138 250 190 ]
        [107 24 240 190 211 170 219 190 124 114 187 190 81 207 146 190 ]
        [109 49 61 190 122 118 134 189 251 26 100 61 118 94 50 62 ]
        [175 215 141 62 169 136 181 62 106 214 215 62 224 101 235 62 ]
        [179 60 245 62 134 211 249 190 216 116 241 190 195 182 219 190 ]
        [88 183 186 190 170 217 146 190 198 220 59 190 117 5 137 189 ]
        [188 0 105 61 83 171 49 62 141 198 141 62 125 220 182 62 ]
        [228 35 212 62 197 249 235 62 72 184 244 62 133 122 250 190 ]
        [169 68 239 190 12 163 218 190 244 107 187 190 200 164 145 190 ]
        [26 241 63 190 26 111 127 189 105 0 85 61 107 55 55 62 ]
        [47 203 138 62 63 186 183 62 254 212 214 62 249 84 233 62 ]
        [24 13 246 62 12 64 249 190 243 58 240 190 48 160 218 190 ]
        [240 67 186 190 184 143 147 190 95 87 57 190 136 109 142 189 ]
        [113 36 118 61 138 147 45 62 36 70 144 62 224 64 179 62 ]
        [101 199 213 62 53 120 235 62 104 73 243 62 155 29 250 190 ]
        [62 231 237 190 252 117 218 190 6 187 187 190 199 16 145 190 ]
        [17 229 64 190 12 195 131 189 176 123 93 61 51 37 56 62 ]
        [34 80 138 62 87 245 183 62 213 59 213 62 212 142 232 62 ]
        [193 233 245 62 199 86 248 190 225 161 240 190 235 187 217 190 ]
        [229 48 187 190 125 15 146 190 132 23 61 190 169 209 138 189 ]
        [2 16 110 61 235 61 50 62 117 245 141 62 201 153 181 62 ]
        [232 145 211 62 243 149 235 62 36 129 242 62 66 252 250 190 ]
        [250 53 237 190 234 113 219 190 221 138 186 190 173 143 146 190 ]
        [147 151 60 190 139 81 134 189 226 126 99 61 178 80 51 62 ]
        [37 91 140 62 240 119 181 62 126 251 214 62 65 27 234 62 ]
        [72 136 244 62 159 82 248 190 52 66 242 190 224 99 217 190 ]
        [140 116 187 190 15 214 145 190 191 189 61 190 115 230 131 189 ]
        [42 211 94 61 82 21 52 62 108 85 140 62 157 68 184 62 ]
        [152 49 211 62 225 74 234 62 56 84 245 62 250 39 252 190 ]
        [22 238 236 190 155 219 221 190 22 153 185 190 242 91 147 190 ]
        [150 250 59 190 53 35 136 189 154 77 105 61 182 158 48 62 ]
        [229 228 142 62 206 240 178 62 55 25 216 62 19 35 235 62 ]
        [67 179 244 62 48 135 246 190 36 189 244 190 83 40 217 190 ]
        [252 52 189 190 62 55 145 190 91 125 62 190 154 205 131 189 ]
        [206 221 93 61 70 2 53 62 166 253 139 62 76 49 184 62 ]
        [218 97 215 62 20 81 234 62 233 139 245 62 75 159 253 190 ]
        [254 206 235 190 88 182 220 190 126 33 187 190 75 192 146 190 ]
        [33 177 60 190 177 9 134 189 99 191 99 61 75 82 50 62 ]
        [86 154 141 62 96 31 182 62 185 148 212 62 78 117 235 62 ]
        [96 244 244 62 23 115 184 190 88 113 184 190 74 107 184 190 ]
        [210 27 184 190 186 150 183 190 20 191 182 190 113 187 182 190 ]
        [55 190 182 190 244 55 183 190 251 45 183 190 175 80 184 190 ]
        [134 47 184 190 128 140 183 190 218 38 185 190 249 18 174 190 ]
        [237 90 174 190 171 255 173 190 157 158 173 190 252 219 172 190 ]
        [180 255 172 190 113 34 173 190 86 40 173 190 33 179 172 190 ]
        [81 25 173 190 182 47 173 190 24 149 174 190 124 221 174 190 ]
        [49 155 173 190 98 27 153 190 181 41 154 190 57 184 153 190 ]
        [128 54 152 190 77 182 152 190 221 49 152 190 221 249 151 190 ]
        [68 106 152 190 218 237 151 190 62 5 153 190 177 243 152 190 ]
        [255 129 152 190 233 143 153 190 101 133 153 190 18 140 116 190 ]
        [206 72 116 190 135 202 115 190 155 203 114 190 18 116 115 190 ]
        [140 158 114 190 56 132 115 190 208 197 113 190 210 243 116 190 ]
        [46 244 111 190 102 31 118 190 196 153 115 190 63 102 116 190 ]
        [193 61 116 190 240 237 33 190 110 47 33 190 41 68 34 190 ]
        [38 166 32 190 87 190 33 190 14 32 32 190 175 220 33 190 ]
        [49 136 35 190 144 139 29 190 17 56 37 190 22 74 28 190 ]
        [188 148 36 190 45 205 32 190 79 7 34 190 188 133 103 189 ]
        [11 227 110 189 240 31 101 189 27 42 110 189 216 34 100 189 ]
        [219 188 109 189 65 229 110 189 72 78 106 189 104 77 118 189 ]
        [51 219 88 189 155 186 125 189 150 128 89 189 100 236 110 189 ]
        [161 42 104 189 188 203 126 61 149 194 132 61 152 144 124 61 ]
        [80 170 131 61 96 103 125 61 20 64 131 61 180 225 132 61 ]
        [48 171 130 61 24 110 135 61 164 246 115 61 44 88 139 61 ]
        [84 12 113 61 252 238 131 61 70 75 128 61 230 33 41 62 ]
        [104 102 37 62 210 48 41 62 238 79 38 62 104 3 40 62 ]
        [82 109 38 62 202 12 40 62 252 8 41 62 5 132 36 62 ]
        [63 219 41 62 176 122 34 62 30 181 43 62 240 101 39 62 ]
        [110 80 39 62 245 144 120 62 108 57 125 62 229 173 120 62 ]
        [6 223 120 62 219 17 122 62 109 192 119 62 135 139 121 62 ]
        [118 210 119 62 218 218 122 62 118 121 118 62 242 3 127 62 ]
        [132 127 117 62 222 236 122 62 194 143 122 62 196 136 157 62 ]
        [62 130 154 62 194 183 157 62 247 66 155 62 198 7 155 62 ]
        [240 79 156 62 177 167 154 62 203 231 155 62 114 32 154 62 ]
        [224 35 157 62 80 122 152 62 160 39 158 62 236 29 156 62 ]
        [242 68 156 62 20 88 174 62 155 60 180 62 252 239 175 62 ]
        [37 237 176 62 78 67 176 62 195 0 175 62 198 144 176 62 ]
        [92 166 175 62 223 188 176 62 237 9 175 62 19 61 178 62 ]
        [118 241 177 62 60 217 176 62 203 17 177 62 246 216 189 62 ]
        [247 73 184 62 9 59 188 62 244 150 186 62 183 154 186 62 ]
        [55 0 186 62 123 207 185 62 242 205 185 62 147 147 185 62 ]
        [39 185 186 62 159 54 186 62 140 240 185 62 137 160 187 62 ]
        [150 71 187 62 184 120 2 1 119 3 0 0 0 0 0 0 ]
        [0 0 0 0 0 12 0 0 0 16 0 0 186 149 1 70 ]
        [118 144 1 70 106 61 3 69 164 111 194 68 102 161 149 62 ]
        [195 57 182 191 76 113 145 63 0 0 0 0 70 245 128 56 ]
        [199 42 49 58 0 0 0 0 0 0 0 0 0 0 0 0 ]
        [0 0 0 0 0 0 0 0 0 0 0 0 0 7 7 4 ]
        [3 209 83 135 65 62 207 178 66 93 215 137 65 206 250 134 ]
        [66 214 29 136 190 94 130 11 190 24 34 217 187 121 224 251 ]
        [61 197 84 129 62 104 177 73 190 245 234 137 189 203 25 127 ]
        [61 96 130 68 62 216 33 138 190 49 182 125 190 228 161 80 ]
        [190 76 159 12 190 77 1 78 189 116 199 24 61 254 127 252 ]
        [61 205 37 67 62 193 35 111 62 28 166 131 62 187 20 138 ]
        [190 8 235 125 190 81 6 81 190 229 194 12 190 128 3 76 ]
        [189 182 37 20 61 115 90 255 61 189 142 66 62 231 74 113 ]
        [62 74 8 131 62 221 8 138 190 5 46 125 190 250 69 80 ]
        [190 159 184 11 190 4 192 76 189 198 142 22 61 17 90 252 ]
        [61 225 100 66 62 233 97 111 62 224 74 131 62 226 191 137 ]
        [190 216 211 125 190 141 184 79 190 254 229 12 190 89 95 69 ]
        [189 251 214 13 61 183 53 255 61 124 58 65 62 141 35 113 ]
        [62 121 145 130 62 146 203 137 190 2 112 123 190 84 111 80 ]
        [190 178 206 8 190 155 125 84 189 51 45 30 61 65 197 247 ]
        [61 217 62 66 62 24 187 109 62 222 30 131 62 207 176 137 ]
        [190 83 153 126 190 253 125 78 190 235 127 14 190 141 141 61 ]
        [189 115 42 7 61 216 144 0 62 117 169 64 62 200 76 113 ]
        [62 65 148 130 62 99 18 138 190 100 59 124 190 98 227 81 ]
        [190 79 126 9 190 230 14 87 189 120 88 31 61 161 172 249 ]
        [61 2 7 67 62 125 22 111 62 147 82 131 62 186 25 138 ]
        [190 159 240 125 190 44 102 79 190 186 89 15 190 170 254 62 ]
        [189 10 247 8 61 52 67 1 62 83 181 65 62 67 136 113 ]
        [62 170 20 131 62 239 32 138 190 89 154 125 190 138 24 81 ]
        [190 194 30 11 190 196 249 83 189 4 184 29 61 18 23 251 ]
        [61 252 127 67 62 28 34 111 62 130 141 131 62 180 181 76 ]
        [190 174 187 76 190 98 50 76 190 207 140 76 190 232 120 73 ]
        [190 128 9 78 190 43 248 72 190 232 127 77 190 151 100 75 ]
        [190 242 130 77 190 51 49 54 190 3 52 54 190 32 232 54 ]
        [190 78 132 52 190 116 207 54 190 26 109 50 190 125 87 55 ]
        [190 78 83 53 190 58 109 55 190 240 159 53 190 190 46 9 ]
        [190 202 55 9 190 188 33 8 190 115 0 9 190 6 191 5 ]
        [190 85 121 9 190 65 184 6 190 3 54 9 190 196 164 8 ]
        [190 215 110 9 190 147 112 139 189 56 158 138 189 143 4 142 ]
        [189 63 86 134 189 114 11 144 189 239 24 130 189 119 224 142 ]
        [189 58 251 136 189 83 3 141 189 153 102 138 189 132 42 35 ]
        [187 130 213 74 187 83 53 99 186 115 81 156 187 73 119 139 ]
        [58 217 56 202 187 78 237 149 185 164 102 101 187 179 50 252 ]
        [186 82 207 61 187 132 218 128 61 124 38 130 61 116 175 122 ]
        [61 219 7 132 61 72 9 114 61 43 183 132 61 102 10 121 ]
        [61 122 218 129 61 31 122 128 61 228 53 129 61 148 253 3 ]
        [62 12 105 3 62 61 223 4 62 138 49 1 62 138 129 4 ]
        [62 196 34 0 62 142 255 3 62 117 227 2 62 191 24 4 ]
        [62 180 210 3 62 198 3 49 62 124 245 48 62 135 5 48 ]
        [62 160 148 49 62 242 246 45 62 98 203 48 62 128 181 47 ]
        [62 110 252 48 62 10 103 49 62 122 239 48 62 95 123 71 ]
        [62 155 109 71 62 168 133 71 62 97 204 69 62 66 136 70 ]
        [62 10 0 69 62 21 159 70 62 174 0 71 62 143 28 71 ]
        [62 13 176 71 62 88 38 37 161 187 91 85 197 185 225 160 ]
        [79 60 142 174 139 65 155 1 245 189 251 213 159 64 0 0 ]
        [0 96 ]
      com.oplus.ultratele.calibration (81170015): byte[2578]
        [111 112 112 111 0 0 0 0 51 46 48 46 48 0 0 0 ]
        [50 48 50 54 48 51 49 55 50 53 48 48 49 0 0 0 ]
        [48 9 0 0 228 6 0 0 0 16 0 0 0 12 0 0 ]
        [146 9 0 0 180 0 0 0 0 0 0 0 0 0 0 0 ]
        [0 0 0 0 0 0 0 0 0 0 0 0 0 0 0 0 ]
        [0 0 0 0 0 0 0 0 0 0 0 0 0 0 0 0 ]
        [0 0 0 0 0 0 0 0 0 0 0 0 0 0 0 0 ]
        [0 0 0 0 0 0 0 0 0 0 0 0 0 0 0 55 ]
        [4 1 1 1 5 2 237 5 97 3 0 0 40 0 21 6 ]
        [118 9 50 48 50 54 48 51 49 55 0 0 0 0 0 0 ]
        [0 0 0 0 0 0 0 0 120 1 1 44 5 0 0 0 ]
        [0 0 0 0 0 0 0 228 6 0 0 48 9 0 0 22 ]
        [166 31 69 219 155 31 69 236 117 148 68 253 122 90 68 232 ]
        [86 238 189 144 65 62 63 220 13 142 191 0 0 0 0 105 ]
        [186 22 186 227 167 193 56 0 0 0 0 0 0 0 0 0 ]
        [0 0 0 0 0 0 0 0 0 0 0 0 0 0 0 0 ]
        [7 7 8 6 230 15 62 67 15 205 7 68 137 155 33 67 ]
        [31 87 213 67 107 246 249 190 241 28 188 190 237 134 124 190 ]
        [249 211 0 190 149 32 164 187 223 35 237 61 228 68 114 62 ]
        [236 251 182 62 102 213 244 62 46 249 183 190 247 59 116 190 ]
        [38 11 241 189 86 52 76 59 107 206 253 61 154 157 122 62 ]
        [255 41 187 62 163 106 250 190 83 54 240 190 46 73 219 190 ]
        [203 107 188 190 88 184 145 190 93 253 61 190 115 252 131 189 ]
        [238 64 95 61 54 68 52 62 73 167 140 62 75 141 183 62 ]
        [189 176 213 62 132 32 234 62 54 240 245 62 29 138 250 190 ]
        [107 24 240 190 211 170 219 190 124 114 187 190 81 207 146 190 ]
        [109 49 61 190 122 118 134 189 251 26 100 61 118 94 50 62 ]
        [175 215 141 62 169 136 181 62 106 214 215 62 224 101 235 62 ]
        [179 60 245 62 134 211 249 190 216 116 241 190 195 182 219 190 ]
        [88 183 186 190 170 217 146 190 198 220 59 190 117 5 137 189 ]
        [188 0 105 61 83 171 49 62 141 198 141 62 125 220 182 62 ]
        [228 35 212 62 197 249 235 62 72 184 244 62 133 122 250 190 ]
        [169 68 239 190 12 163 218 190 244 107 187 190 200 164 145 190 ]
        [26 241 63 190 26 111 127 189 105 0 85 61 107 55 55 62 ]
        [47 203 138 62 63 186 183 62 254 212 214 62 249 84 233 62 ]
        [24 13 246 62 12 64 249 190 243 58 240 190 48 160 218 190 ]
        [240 67 186 190 184 143 147 190 95 87 57 190 136 109 142 189 ]
        [113 36 118 61 138 147 45 62 36 70 144 62 224 64 179 62 ]
        [101 199 213 62 53 120 235 62 104 73 243 62 155 29 250 190 ]
        [62 231 237 190 252 117 218 190 6 187 187 190 199 16 145 190 ]
        [17 229 64 190 12 195 131 189 176 123 93 61 51 37 56 62 ]
        [34 80 138 62 87 245 183 62 213 59 213 62 212 142 232 62 ]
        [193 233 245 62 199 86 248 190 225 161 240 190 235 187 217 190 ]
        [229 48 187 190 125 15 146 190 132 23 61 190 169 209 138 189 ]
        [2 16 110 61 235 61 50 62 117 245 141 62 201 153 181 62 ]
        [232 145 211 62 243 149 235 62 36 129 242 62 66 252 250 190 ]
        [250 53 237 190 234 113 219 190 221 138 186 190 173 143 146 190 ]
        [147 151 60 190 139 81 134 189 226 126 99 61 178 80 51 62 ]
        [37 91 140 62 240 119 181 62 126 251 214 62 65 27 234 62 ]
        [72 136 244 62 159 82 248 190 52 66 242 190 224 99 217 190 ]
        [140 116 187 190 15 214 145 190 191 189 61 190 115 230 131 189 ]
        [42 211 94 61 82 21 52 62 108 85 140 62 157 68 184 62 ]
        [152 49 211 62 225 74 234 62 56 84 245 62 250 39 252 190 ]
        [22 238 236 190 155 219 221 190 22 153 185 190 242 91 147 190 ]
        [150 250 59 190 53 35 136 189 154 77 105 61 182 158 48 62 ]
        [229 228 142 62 206 240 178 62 55 25 216 62 19 35 235 62 ]
        [67 179 244 62 48 135 246 190 36 189 244 190 83 40 217 190 ]
        [252 52 189 190 62 55 145 190 91 125 62 190 154 205 131 189 ]
        [206 221 93 61 70 2 53 62 166 253 139 62 76 49 184 62 ]
        [218 97 215 62 20 81 234 62 233 139 245 62 75 159 253 190 ]
        [254 206 235 190 88 182 220 190 126 33 187 190 75 192 146 190 ]
        [33 177 60 190 177 9 134 189 99 191 99 61 75 82 50 62 ]
        [86 154 141 62 96 31 182 62 185 148 212 62 78 117 235 62 ]
        [96 244 244 62 23 115 184 190 88 113 184 190 74 107 184 190 ]
        [210 27 184 190 186 150 183 190 20 191 182 190 113 187 182 190 ]
        [55 190 182 190 244 55 183 190 251 45 183 190 175 80 184 190 ]
        [134 47 184 190 128 140 183 190 218 38 185 190 249 18 174 190 ]
        [237 90 174 190 171 255 173 190 157 158 173 190 252 219 172 190 ]
        [180 255 172 190 113 34 173 190 86 40 173 190 33 179 172 190 ]
        [81 25 173 190 182 47 173 190 24 149 174 190 124 221 174 190 ]
        [49 155 173 190 98 27 153 190 181 41 154 190 57 184 153 190 ]
        [128 54 152 190 77 182 152 190 221 49 152 190 221 249 151 190 ]
        [68 106 152 190 218 237 151 190 62 5 153 190 177 243 152 190 ]
        [255 129 152 190 233 143 153 190 101 133 153 190 18 140 116 190 ]
        [206 72 116 190 135 202 115 190 155 203 114 190 18 116 115 190 ]
        [140 158 114 190 56 132 115 190 208 197 113 190 210 243 116 190 ]
        [46 244 111 190 102 31 118 190 196 153 115 190 63 102 116 190 ]
        [193 61 116 190 240 237 33 190 110 47 33 190 41 68 34 190 ]
        [38 166 32 190 87 190 33 190 14 32 32 190 175 220 33 190 ]
        [49 136 35 190 144 139 29 190 17 56 37 190 22 74 28 190 ]
        [188 148 36 190 45 205 32 190 79 7 34 190 188 133 103 189 ]
        [11 227 110 189 240 31 101 189 27 42 110 189 216 34 100 189 ]
        [219 188 109 189 65 229 110 189 72 78 106 189 104 77 118 189 ]
        [51 219 88 189 155 186 125 189 150 128 89 189 100 236 110 189 ]
        [161 42 104 189 188 203 126 61 149 194 132 61 152 144 124 61 ]
        [80 170 131 61 96 103 125 61 20 64 131 61 180 225 132 61 ]
        [48 171 130 61 24 110 135 61 164 246 115 61 44 88 139 61 ]
        [84 12 113 61 252 238 131 61 70 75 128 61 230 33 41 62 ]
        [104 102 37 62 210 48 41 62 238 79 38 62 104 3 40 62 ]
        [82 109 38 62 202 12 40 62 252 8 41 62 5 132 36 62 ]
        [63 219 41 62 176 122 34 62 30 181 43 62 240 101 39 62 ]
        [110 80 39 62 245 144 120 62 108 57 125 62 229 173 120 62 ]
        [6 223 120 62 219 17 122 62 109 192 119 62 135 139 121 62 ]
        [118 210 119 62 218 218 122 62 118 121 118 62 242 3 127 62 ]
        [132 127 117 62 222 236 122 62 194 143 122 62 196 136 157 62 ]
        [62 130 154 62 194 183 157 62 247 66 155 62 198 7 155 62 ]
        [240 79 156 62 177 167 154 62 203 231 155 62 114 32 154 62 ]
        [224 35 157 62 80 122 152 62 160 39 158 62 236 29 156 62 ]
        [242 68 156 62 20 88 174 62 155 60 180 62 252 239 175 62 ]
        [37 237 176 62 78 67 176 62 195 0 175 62 198 144 176 62 ]
        [92 166 175 62 223 188 176 62 237 9 175 62 19 61 178 62 ]
        [118 241 177 62 60 217 176 62 203 17 177 62 246 216 189 62 ]
        [247 73 184 62 9 59 188 62 244 150 186 62 183 154 186 62 ]
        [55 0 186 62 123 207 185 62 242 205 185 62 147 147 185 62 ]
        [39 185 186 62 159 54 186 62 140 240 185 62 137 160 187 62 ]
        [150 71 187 62 184 120 2 1 119 3 0 0 0 0 0 0 ]
        [0 0 0 0 0 12 0 0 0 16 0 0 186 149 1 70 ]
        [118 144 1 70 106 61 3 69 164 111 194 68 102 161 149 62 ]
        [195 57 182 191 76 113 145 63 0 0 0 0 70 245 128 56 ]
        [199 42 49 58 0 0 0 0 0 0 0 0 0 0 0 0 ]
        [0 0 0 0 0 0 0 0 0 0 0 0 0 7 7 4 ]
        [3 209 83 135 65 62 207 178 66 93 215 137 65 206 250 134 ]
        [66 214 29 136 190 94 130 11 190 24 34 217 187 121 224 251 ]
        [61 197 84 129 62 104 177 73 190 245 234 137 189 203 25 127 ]
        [61 96 130 68 62 216 33 138 190 49 182 125 190 228 161 80 ]
        [190 76 159 12 190 77 1 78 189 116 199 24 61 254 127 252 ]
        [61 205 37 67 62 193 35 111 62 28 166 131 62 187 20 138 ]
        [190 8 235 125 190 81 6 81 190 229 194 12 190 128 3 76 ]
        [189 182 37 20 61 115 90 255 61 189 142 66 62 231 74 113 ]
        [62 74 8 131 62 221 8 138 190 5 46 125 190 250 69 80 ]
        [190 159 184 11 190 4 192 76 189 198 142 22 61 17 90 252 ]
        [61 225 100 66 62 233 97 111 62 224 74 131 62 226 191 137 ]
        [190 216 211 125 190 141 184 79 190 254 229 12 190 89 95 69 ]
        [189 251 214 13 61 183 53 255 61 124 58 65 62 141 35 113 ]
        [62 121 145 130 62 146 203 137 190 2 112 123 190 84 111 80 ]
        [190 178 206 8 190 155 125 84 189 51 45 30 61 65 197 247 ]
        [61 217 62 66 62 24 187 109 62 222 30 131 62 207 176 137 ]
        [190 83 153 126 190 253 125 78 190 235 127 14 190 141 141 61 ]
        [189 115 42 7 61 216 144 0 62 117 169 64 62 200 76 113 ]
        [62 65 148 130 62 99 18 138 190 100 59 124 190 98 227 81 ]
        [190 79 126 9 190 230 14 87 189 120 88 31 61 161 172 249 ]
        [61 2 7 67 62 125 22 111 62 147 82 131 62 186 25 138 ]
        [190 159 240 125 190 44 102 79 190 186 89 15 190 170 254 62 ]
        [189 10 247 8 61 52 67 1 62 83 181 65 62 67 136 113 ]
        [62 170 20 131 62 239 32 138 190 89 154 125 190 138 24 81 ]
        [190 194 30 11 190 196 249 83 189 4 184 29 61 18 23 251 ]
        [61 252 127 67 62 28 34 111 62 130 141 131 62 180 181 76 ]
        [190 174 187 76 190 98 50 76 190 207 140 76 190 232 120 73 ]
        [190 128 9 78 190 43 248 72 190 232 127 77 190 151 100 75 ]
        [190 242 130 77 190 51 49 54 190 3 52 54 190 32 232 54 ]
        [190 78 132 52 190 116 207 54 190 26 109 50 190 125 87 55 ]
        [190 78 83 53 190 58 109 55 190 240 159 53 190 190 46 9 ]
        [190 202 55 9 190 188 33 8 190 115 0 9 190 6 191 5 ]
        [190 85 121 9 190 65 184 6 190 3 54 9 190 196 164 8 ]
        [190 215 110 9 190 147 112 139 189 56 158 138 189 143 4 142 ]
        [189 63 86 134 189 114 11 144 189 239 24 130 189 119 224 142 ]
        [189 58 251 136 189 83 3 141 189 153 102 138 189 132 42 35 ]
        [187 130 213 74 187 83 53 99 186 115 81 156 187 73 119 139 ]
        [58 217 56 202 187 78 237 149 185 164 102 101 187 179 50 252 ]
        [186 82 207 61 187 132 218 128 61 124 38 130 61 116 175 122 ]
        [61 219 7 132 61 72 9 114 61 43 183 132 61 102 10 121 ]
        [61 122 218 129 61 31 122 128 61 228 53 129 61 148 253 3 ]
        [62 12 105 3 62 61 223 4 62 138 49 1 62 138 129 4 ]
        [62 196 34 0 62 142 255 3 62 117 227 2 62 191 24 4 ]
        [62 180 210 3 62 198 3 49 62 124 245 48 62 135 5 48 ]
        [62 160 148 49 62 242 246 45 62 98 203 48 62 128 181 47 ]
        [62 110 252 48 62 10 103 49 62 122 239 48 62 95 123 71 ]
        [62 155 109 71 62 168 133 71 62 97 204 69 62 66 136 70 ]
        [62 10 0 69 62 21 159 70 62 174 0 71 62 143 28 71 ]
        [62 13 176 71 62 88 38 37 161 187 91 85 197 185 225 160 ]
        [79 60 142 174 139 65 155 1 245 189 251 213 159 64 0 0 ]
        [0 96 ]
      com.oplus.engineercamera.mipi.traversal.sensormode (81170107): int32[4]
        [1 2 3 4 ]
      com.oplus.custom.info (81170023): byte[259]
        [56 48 48 49 44 45 49 95 51 53 95 51 95 53 44 50 ]
        [55 49 50 120 50 52 54 52 44 45 49 95 51 53 95 51 ]
        [95 54 44 50 54 57 50 88 50 52 52 56 58 56 48 48 ]
        [49 44 45 49 95 51 50 95 51 95 49 44 50 53 54 48 ]
        [88 49 57 50 48 58 56 48 49 57 44 45 49 95 51 50 ]
        [95 51 95 49 44 53 49 50 48 120 50 56 56 48 120 50 ]
        [53 54 48 120 49 57 50 48 58 56 48 48 49 44 45 49 ]
        [95 51 53 95 51 95 48 44 53 49 50 48 88 51 56 52 ]
        [48 88 50 53 54 48 88 49 57 50 48 44 45 49 95 51 ]
        [53 95 51 95 49 44 53 49 50 48 88 50 56 56 48 88 ]
        [50 53 54 48 88 49 52 52 48 44 45 49 95 51 53 95 ]
        [51 95 50 44 51 56 52 48 88 51 56 52 48 88 49 57 ]
        [50 48 88 49 57 50 48 44 45 49 95 51 53 95 51 95 ]
        [53 44 53 49 50 48 88 50 50 52 48 88 50 53 54 48 ]
        [88 49 49 50 48 44 45 49 95 51 53 95 51 95 54 44 ]
        [51 56 52 48 88 52 50 50 52 88 49 57 50 48 88 50 ]
        [49 49 50 ]
      com.oplus.custom.support.raw.size (8117002c): int32[8]
        [5120 3840 5120 3840 ]
        [5120 3840 5120 3840 ]
      com.oplus.available.stream.fps.ranges (81170024): int32[45]
        [32785 1280 960 10 ]
        [30 32816 1280 960 ]
        [10 30 32784 1280 ]
        [960 10 30 32817 ]
        [1280 960 10 30 ]
        [32961 1440 1080 10 ]
        [30 32961 1920 1080 ]
        [10 30 32961 2480 ]
        [1080 10 30 32961 ]
        [1080 1080 10 30 ]
        [32961 1584 1440 10 ]
        [30 ]
      android.flash.singleStrengthMaxLevel (40007): int32[1]
        [1 ]
      android.flash.singleStrengthDefaultLevel (40008): int32[1]
        [1 ]
      android.flash.torchStrengthMaxLevel (40009): int32[1]
        [1 ]
      android.flash.torchStrengthDefaultLevel (4000a): int32[1]
        [1 ]
      android.heic.availableHeicStreamConfigurations (1c0000): int32[0]
      android.heic.availableHeicMinFrameDurations (1c0001): int64[0]
      android.heic.availableHeicStallDurations (1c0002): int64[0]
      android.jpegr.availableJpegRStreamConfigurations (210000): int32[144]
        [33 2560 1920 OUTPUT ]
        [33 2560 1440 OUTPUT ]
        [33 1920 1440 OUTPUT ]
        [33 2520 1080 OUTPUT ]
        [33 2480 1080 OUTPUT ]
        [33 2136 1200 OUTPUT ]
        [33 2160 1080 OUTPUT ]
        [33 1584 1440 OUTPUT ]
        [33 1920 1080 OUTPUT ]
        [33 1440 1440 OUTPUT ]
        [33 1920 864 OUTPUT ]
        [33 1320 1200 OUTPUT ]
        [33 1440 1080 OUTPUT ]
        [33 1220 1134 OUTPUT ]
        [33 1600 800 OUTPUT ]
        [33 1086 1134 OUTPUT ]
        [33 1280 960 OUTPUT ]
        [33 1080 1080 OUTPUT ]
        [33 1584 720 OUTPUT ]
        [33 1280 720 OUTPUT ]
        [33 960 960 OUTPUT ]
        [33 1024 768 OUTPUT ]
        [33 1024 444 OUTPUT ]
        [33 864 480 OUTPUT ]
        [33 720 540 OUTPUT ]
        [33 720 480 OUTPUT ]
        [33 800 400 OUTPUT ]
        [33 640 480 OUTPUT ]
        [33 826 360 OUTPUT ]
        [33 640 360 OUTPUT ]
        [33 640 278 OUTPUT ]
        [33 352 288 OUTPUT ]
        [33 480 200 OUTPUT ]
        [33 320 240 OUTPUT ]
        [33 266 266 OUTPUT ]
        [33 176 144 OUTPUT ]
      android.jpegr.availableJpegRMinFrameDurations (210001): int64[144]
        [33 2560 ]
        [1920 16666666 ]
        [33 2560 ]
        [1440 16666666 ]
        [33 1920 ]
        [1440 16666666 ]
        [33 2520 ]
        [1080 16666666 ]
        [33 2480 ]
        [1080 16666666 ]
        [33 2136 ]
        [1200 16666666 ]
        [33 2160 ]
        [1080 16666666 ]
        [33 1584 ]
        [1440 16666666 ]
        [33 1920 ]
        [1080 16666666 ]
        [33 1440 ]
        [1440 16666666 ]
        [33 1920 ]
        [864 16666666 ]
        [33 1320 ]
        [1200 16666666 ]
        [33 1440 ]
        [1080 16666666 ]
        [33 1220 ]
        [1134 16666666 ]
        [33 1600 ]
        [800 16666666 ]
        [33 1086 ]
        [1134 16666666 ]
        [33 1280 ]
        [960 16666666 ]
        [33 1080 ]
        [1080 16666666 ]
        [33 1584 ]
        [720 16666666 ]
        [33 1280 ]
        [720 16666666 ]
        [33 960 ]
        [960 16666666 ]
        [33 1024 ]
        [768 16666666 ]
        [33 1024 ]
        [444 16666666 ]
        [33 864 ]
        [480 16666666 ]
        [33 720 ]
        [540 16666666 ]
        [33 720 ]
        [480 16666666 ]
        [33 800 ]
        [400 16666666 ]
        [33 640 ]
        [480 16666666 ]
        [33 826 ]
        [360 16666666 ]
        [33 640 ]
        [360 16666666 ]
        [33 640 ]
        [278 16666666 ]
        [33 352 ]
        [288 16666666 ]
        [33 480 ]
        [200 16666666 ]
        [33 320 ]
        [240 16666666 ]
        [33 266 ]
        [266 16666666 ]
        [33 176 ]
        [144 16666666 ]
      android.jpegr.availableJpegRStallDurations (210002): int64[144]
        [33 2560 ]
        [1920 31948800 ]
        [33 2560 ]
        [1440 23961600 ]
        [33 1920 ]
        [1440 17971200 ]
        [33 2520 ]
        [1080 17690400 ]
        [33 2480 ]
        [1080 17409600 ]
        [33 2136 ]
        [1200 16660800 ]
        [33 2160 ]
        [1080 15163200 ]
        [33 1584 ]
        [1440 14826240 ]
        [33 1920 ]
        [1080 13478400 ]
        [33 1440 ]
        [1440 13478400 ]
        [33 1920 ]
        [864 10782720 ]
        [33 1320 ]
        [1200 10296000 ]
        [33 1440 ]
        [1080 10108800 ]
        [33 1220 ]
        [1134 8992620 ]
        [33 1600 ]
        [800 8320000 ]
        [33 1086 ]
        [1134 8004906 ]
        [33 1280 ]
        [960 7987200 ]
        [33 1080 ]
        [1080 7581600 ]
        [33 1584 ]
        [720 7413120 ]
        [33 1280 ]
        [720 5990400 ]
        [33 960 ]
        [960 5990400 ]
        [33 1024 ]
        [768 5111808 ]
        [33 1024 ]
        [444 2955264 ]
        [33 864 ]
        [480 2695680 ]
        [33 720 ]
        [540 2527200 ]
        [33 720 ]
        [480 2246400 ]
        [33 800 ]
        [400 2080000 ]
        [33 640 ]
        [480 1996800 ]
        [33 826 ]
        [360 1932840 ]
        [33 640 ]
        [360 1497600 ]
        [33 640 ]
        [278 1156480 ]
        [33 352 ]
        [288 658944 ]
        [33 480 ]
        [200 624000 ]
        [33 320 ]
        [240 499200 ]
        [33 266 ]
        [266 459914 ]
        [33 176 ]
        [144 164736 ]
      android.scaler.availableRotateAndCropModes (d0010): byte[1]
        [0 ]
      android.control.autoframingAvailable (10038): byte[1]
        [FALSE ]
      android.sensor.readoutTimestamp (e0022): byte[1]
        [HARDWARE ]
      android.info.sessionConfigurationQueryVersion (150004): int32[1]
        [BAKLAVA ]
== Camera HAL device device@1.1/vendor_qti/4 (v1.3) dumpState: ==
